# Blender 5.0.0
# www.blender.org
o mesh_all1_Texture1_0
v -0.001530 -0.573651 0.713749
v -0.151382 -0.573651 -0.000154
v -0.164474 -0.573651 0.619082
v 0.172251 -0.573651 0.629387
v 0.158077 -0.573651 -0.000154
v 0.083704 -0.321455 0.292965
v 0.076846 -0.330610 0.325114
v 0.102605 -0.321455 0.286187
v 0.139709 -0.321455 0.314261
v 0.133254 -0.321455 0.300642
v 0.116841 -0.330610 0.347841
v 0.083704 -0.353414 0.292965
v 0.102605 -0.353414 0.286187
v 0.076846 -0.344259 0.325114
v 0.139709 -0.353414 0.314261
v 0.116841 -0.344259 0.347841
v 0.133254 -0.353414 0.300642
v 0.055125 -0.337435 0.252007
v 0.059984 -0.343555 0.266330
v 0.059984 -0.331314 0.266330
v 0.162781 -0.343555 0.326087
v 0.176479 -0.337435 0.329128
v 0.162781 -0.331314 0.326087
v 0.014709 -0.380872 0.191148
v -0.043401 -0.386786 0.190067
v -0.016847 -0.383829 0.165599
v 0.008655 -0.276384 0.191148
v -0.016669 -0.279157 0.165599
v -0.036991 -0.281929 0.190067
v -0.273765 0.532522 0.008346
v -0.354737 0.540774 0.031466
v -0.246589 0.467002 0.009207
v -0.256354 0.595516 0.008721
v -0.677146 0.690958 -0.003071
v -0.646006 0.607800 -0.002071
v -0.592487 0.638479 0.021070
v -0.306429 0.253268 0.007915
v -0.266359 0.298805 0.008946
v -0.370791 0.268356 0.034153
v -0.289839 0.184580 0.008489
v -0.729652 0.221447 -0.003731
v -0.642290 0.232895 0.014291
v -0.688101 0.309542 -0.002732
v 0.721043 0.741905 0.001923
v 0.223316 0.319177 0.001923
v 0.721043 0.319177 0.001923
v 0.721043 -0.114645 0.001923
v 0.223316 -0.114645 0.001923
v 0.721043 -0.575491 0.001923
v -0.739535 0.741905 0.001923
v -0.739535 0.319177 0.001923
v -0.188385 0.319177 0.001923
v -0.739535 -0.575491 0.001923
v -0.188385 -0.114645 0.001923
v -0.739535 -0.114645 0.001923
v -0.212408 -0.411461 0.675561
v -0.209834 -0.411461 0.750639
v -0.170319 -0.411461 0.699100
v 0.213822 -0.411461 0.675617
v 0.173571 -0.411461 0.699647
v 0.212562 -0.411461 0.745241
v 0.024046 -0.454846 0.486233
v 0.025567 -0.445048 0.484215
v 0.023882 -0.448282 0.507913
v -0.011287 -0.452934 0.485221
v -0.012005 -0.446340 0.506886
v -0.012645 -0.442980 0.483121
v -0.007524 -0.465520 0.534670
v -0.007451 -0.461744 0.548021
v -0.009780 -0.452587 0.528738
v 0.018078 -0.466905 0.535403
v 0.020678 -0.454235 0.529610
v 0.017464 -0.463093 0.548734
v -0.004695 -0.484932 0.560385
v -0.005319 -0.486844 0.573640
v -0.005911 -0.473494 0.563596
v 0.014022 -0.485945 0.560921
v 0.015181 -0.474635 0.564200
v 0.014072 -0.487893 0.574196
v -0.004809 -0.520481 0.560873
v -0.006112 -0.531981 0.564167
v -0.005407 -0.517902 0.574299
v 0.013890 -0.521493 0.561408
v 0.013936 -0.518949 0.574853
v 0.014989 -0.533123 0.564771
v -0.007789 -0.540070 0.535300
v -0.010139 -0.552785 0.529545
v -0.007734 -0.543663 0.548737
v 0.017846 -0.541457 0.536034
v 0.017201 -0.545012 0.549451
v 0.020371 -0.554436 0.530419
v -0.011631 -0.552724 0.485913
v -0.013054 -0.562516 0.483901
v -0.012401 -0.559070 0.507808
v 0.023732 -0.554638 0.486925
v 0.023528 -0.561014 0.508837
v 0.025189 -0.564585 0.484996
v 0.071106 -0.519142 0.487602
v 0.070382 -0.484330 0.487579
v 0.054333 -0.549653 0.487078
v -0.058768 -0.521847 0.483541
v -0.042720 -0.456523 0.484043
v -0.059493 -0.487034 0.483518
v -0.352886 -0.373970 0.561430
v -0.349968 -0.372429 0.556986
v -0.350637 -0.370280 0.551648
v -0.448804 -0.376749 0.544444
v -0.438057 -0.395875 0.585830
v -0.358403 -0.385656 0.551520
v -0.416769 -0.409958 0.618384
v -0.368196 -0.424311 0.639710
v -0.342731 -0.416400 0.626771
v -0.308704 -0.418078 0.626392
v -0.274433 -0.403129 0.585444
v -0.266441 -0.384375 0.538006
v -0.283125 -0.373184 0.503630
v -0.303948 -0.358251 0.477395
v -0.343152 -0.358985 0.458250
v -0.400130 -0.351293 0.470936
v -0.435885 -0.361022 0.499096
v 0.274407 -0.392141 0.458736
v 0.280731 -0.404246 0.449455
v 0.360558 -0.381403 0.500104
v 0.286666 -0.418947 0.449135
v 0.290620 -0.432304 0.457863
v 0.291535 -0.440738 0.473300
v 0.289165 -0.441989 0.491309
v 0.289165 -0.441989 0.491309
v 0.284146 -0.435722 0.507065
v 0.277822 -0.423617 0.516346
v 0.271888 -0.408916 0.516665
v 0.267933 -0.395559 0.507937
v 0.267019 -0.387125 0.492501
v 0.269388 -0.385874 0.474492
v 0.579001 0.245786 0.152919
v 0.544751 0.243482 0.144899
v 0.596550 0.222300 0.152919
v 0.556156 0.184260 0.144899
v 0.334844 0.161260 0.144899
v 0.328119 0.216432 0.144899
v 0.306128 0.183450 0.150074
v 0.309309 0.212467 0.150074
v 0.593086 0.188087 0.152919
v 0.315354 0.156860 0.150074
v 0.584458 0.119065 0.160294
v 0.590904 0.151411 0.160294
v 0.560137 0.116544 0.149178
v 0.554069 0.184027 0.149178
v 0.578329 0.186388 0.160294
v 0.351118 0.093980 0.149178
v 0.306193 0.117136 0.156351
v 0.319203 0.087578 0.156351
v 0.336739 0.161651 0.149178
v 0.305797 0.154635 0.156351
v 0.589580 0.118307 0.152700
v 0.572183 0.118340 0.144772
v 0.601870 0.086177 0.152700
v 0.565524 0.055611 0.144772
v 0.360889 0.037224 0.144772
v 0.344161 0.093361 0.144772
v 0.330401 0.058206 0.149888
v 0.325584 0.089083 0.149888
v 0.588814 0.063742 0.152700
v 0.344658 0.034755 0.149888
v 0.399860 0.125535 0.162553
v 0.397949 0.131949 0.159852
v 0.404947 0.129966 0.159384
v 0.406701 0.124083 0.163903
v 0.411630 0.129043 0.162553
v 0.409718 0.135457 0.159852
v 0.402877 0.136909 0.158502
v 0.395907 0.138796 0.183367
v 0.397819 0.132383 0.186068
v 0.402590 0.137874 0.186536
v 0.404660 0.130931 0.187418
v 0.409589 0.135891 0.186068
v 0.407677 0.142305 0.183367
v 0.400836 0.143757 0.182017
v 0.418762 0.139085 0.163774
v 0.421979 0.141638 0.158861
v 0.423221 0.135908 0.160722
v 0.420677 0.134111 0.166742
v 0.425809 0.131691 0.164797
v 0.429025 0.134244 0.159885
v 0.427110 0.139218 0.156916
v 0.430679 0.151422 0.173179
v 0.427463 0.148869 0.178092
v 0.433267 0.147205 0.177255
v 0.429378 0.143895 0.181060
v 0.434509 0.141474 0.179115
v 0.437726 0.144028 0.174202
v 0.435811 0.149001 0.171234
v 0.496712 0.114156 0.181759
v 0.507623 0.113028 0.181759
v 0.502496 0.116767 0.145224
v 0.516136 0.119946 0.181759
v 0.517264 0.130857 0.181759
v 0.513526 0.125729 0.145224
v 0.510347 0.139370 0.181759
v 0.499435 0.140497 0.181759
v 0.504563 0.136759 0.145224
v -0.573899 -0.238488 0.581732
v -0.590027 -0.205640 0.581732
v -0.630347 -0.251197 0.559399
v -0.622382 -0.188545 0.581732
v -0.658606 -0.193733 0.581732
v -0.684863 -0.219222 0.581732
v -0.691123 -0.255276 0.581732
v -0.674996 -0.288124 0.581732
v -0.642641 -0.305219 0.581732
v -0.606416 -0.300031 0.581732
v -0.580160 -0.274543 0.581732
v 0.583185 -0.198390 0.581733
v 0.547453 -0.190495 0.581733
v 0.557892 -0.250429 0.559400
v 0.513905 -0.205110 0.581733
v 0.495354 -0.236653 0.581733
v 0.498887 -0.273076 0.581733
v 0.523154 -0.300466 0.581733
v 0.558886 -0.308362 0.581733
v 0.592434 -0.293747 0.581733
v 0.610985 -0.262203 0.581733
v 0.607452 -0.225780 0.581733
v 0.547006 -0.389896 0.921102
v 0.552738 -0.445245 0.921102
v 0.552738 -0.334546 0.921102
v -0.547006 -0.389896 0.921102
v -0.552738 -0.334546 0.921102
v -0.552738 -0.445245 0.921102
v 0.547006 0.564855 0.921102
v 0.552738 0.509506 0.921102
v 0.552738 0.620205 0.921102
v 0.536528 -0.291320 0.566385
v 0.514091 -0.302021 0.566385
v 0.513312 -0.387725 0.566385
v 0.540873 -0.488464 0.566385
v 0.514259 -0.476036 0.566385
v 0.513312 -0.387725 0.429362
v 0.540873 -0.488464 0.429362
v 0.514259 -0.476036 0.429362
v 0.536528 -0.291320 0.429362
v 0.514091 -0.302021 0.429362
v 0.568567 0.661798 0.566385
v 0.546131 0.651097 0.566385
v 0.545352 0.565393 0.566385
v 0.572912 0.464654 0.566385
v 0.546299 0.477082 0.566385
v 0.545352 0.565393 0.429363
v 0.572912 0.464654 0.429363
v 0.546299 0.477082 0.429363
v 0.568567 0.661798 0.429363
v 0.546131 0.651097 0.429363
v -0.536528 -0.291027 0.566384
v -0.513312 -0.387432 0.566384
v -0.514091 -0.301727 0.566384
v -0.540872 -0.488170 0.566384
v -0.514259 -0.475743 0.566384
v -0.513312 -0.387432 0.429362
v -0.514259 -0.475743 0.429362
v -0.540872 -0.488171 0.429362
v -0.536528 -0.291027 0.429362
v -0.514091 -0.301727 0.429362
v 0.438596 -0.453264 0.414817
v 0.438596 -0.427770 0.394532
v 0.438596 -0.453264 0.394532
v 0.464081 -0.453264 0.414817
v 0.464081 -0.453264 0.394532
v 0.464081 -0.427770 0.394532
v 0.257355 -0.453264 0.414817
v 0.257355 -0.427770 0.394532
v 0.257355 -0.453264 0.394532
v 0.282839 -0.453264 0.414817
v 0.282839 -0.453264 0.394532
v 0.282839 -0.427770 0.394532
v -0.277542 -0.453264 0.413165
v -0.277542 -0.427770 0.396429
v -0.277542 -0.453264 0.396429
v -0.250185 -0.453264 0.413165
v -0.250185 -0.453264 0.396429
v -0.250185 -0.427770 0.396429
v -0.462431 -0.453264 0.413165
v -0.462431 -0.427770 0.396429
v -0.462431 -0.453264 0.396429
v -0.435082 -0.453264 0.413165
v -0.435082 -0.453264 0.396429
v -0.435082 -0.427770 0.396429
v -0.143427 -0.274652 0.219052
v -0.151991 -0.265515 0.221150
v -0.164246 -0.263536 0.225535
v -0.179881 -0.293859 0.235216
v -0.171317 -0.302996 0.233118
v -0.159062 -0.304974 0.228733
v 0.130895 -0.260761 0.223100
v 0.131040 -0.273335 0.225208
v 0.138774 -0.283112 0.229610
v 0.170916 -0.271260 0.239332
v 0.170771 -0.258686 0.237225
v 0.163037 -0.248910 0.232822
v -0.043178 0.017080 0.169198
v 0.015389 0.010006 0.171680
v -0.003803 0.103749 0.189413
v 0.066924 0.038739 0.173863
v 0.091744 0.092303 0.174915
v 0.080368 0.150239 0.174433
v 0.032204 0.179960 0.174535
v -0.019296 0.186180 0.172353
v -0.064613 0.160915 0.170433
v -0.086438 0.113813 0.169508
v -0.076435 0.062868 0.169932
v 0.441431 -0.217900 0.076654
v 0.436671 -0.207289 0.059471
v 0.434496 -0.198346 0.078506
v 0.350576 -0.243401 0.137634
v 0.369666 -0.248037 0.142316
v 0.362730 -0.228483 0.144168
v -0.646583 -0.260360 0.674026
v -0.636373 -0.253966 0.698248
v -0.633151 -0.252678 0.670919
v -0.647161 -0.259357 0.674007
v -0.633730 -0.251673 0.670899
v -0.636913 -0.253030 0.698230
v 0.560210 -0.237613 0.645913
v 0.557118 -0.247500 0.665356
v 0.556435 -0.249555 0.643026
v 0.561109 -0.237897 0.645913
v 0.557335 -0.249840 0.643026
v 0.557957 -0.247765 0.665356
v -0.156884 -0.281383 0.264412
v -0.156974 -0.281430 0.280989
v -0.168617 -0.287747 0.270807
v -0.157457 -0.280328 0.264412
v -0.169188 -0.286694 0.270807
v -0.157545 -0.280379 0.280989
v 0.146384 -0.266766 0.254597
v 0.146448 -0.266731 0.266520
v 0.154772 -0.262097 0.259196
v 0.146803 -0.267520 0.254597
v 0.155191 -0.262850 0.259196
v 0.146866 -0.267483 0.266520
v -0.001530 -0.447121 0.713749
v 0.172251 -0.447121 0.629387
v 0.172251 -0.573651 0.629387
v -0.001530 -0.573651 0.713749
v -0.164474 -0.447121 0.619082
v -0.164474 -0.573651 0.619082
v -0.151382 -0.447121 -0.000154
v -0.151382 -0.573651 -0.000154
v 0.158077 -0.447121 -0.000154
v 0.158077 -0.573651 -0.000154
v 0.600028 -0.447121 0.004394
v 0.158077 -0.447121 -0.000154
v 0.172251 -0.447121 0.629387
v 0.586933 -0.447121 0.648034
v -0.164474 -0.447121 0.619082
v -0.151382 -0.447121 -0.000154
v -0.593027 -0.447121 -0.005760
v -0.584216 -0.447121 0.641591
v -0.151382 -0.447121 -0.000154
v 0.158077 -0.447121 -0.000154
v -0.461288 -0.447121 0.800081
v -0.353390 -0.447121 0.857198
v -0.001530 -0.447121 0.713749
v -0.002412 -0.447121 0.864523
v 0.357613 -0.447121 0.859315
v 0.443691 -0.447121 0.819133
v 0.664843 0.536407 0.002715
v 0.664843 -0.337867 0.000860
v 0.664843 -0.338482 0.813596
v 0.664843 0.535793 0.815449
v 0.616018 -0.330770 0.246266
v 0.616018 -0.330770 0.316683
v 0.616327 -0.187438 0.314538
v 0.618911 -0.185947 0.264762
v 0.681060 -0.335768 0.316683
v 0.688336 -0.192972 0.314538
v 0.681060 -0.335768 0.246266
v 0.685842 -0.191091 0.264762
v 0.692533 0.073168 0.299157
v 0.614170 0.079190 0.299157
v 0.615534 0.075552 0.248478
v 0.690982 0.069755 0.248478
v 0.611262 0.359678 0.314656
v 0.698193 0.352998 0.314656
v 0.695377 0.502730 0.322434
v 0.608245 0.510377 0.322434
v 0.610981 0.349125 0.262758
v 0.608245 0.510377 0.243607
v 0.695377 0.502730 0.243607
v 0.697912 0.342445 0.262758
v 0.596288 0.473809 0.851847
v 0.596288 0.293424 0.831582
v 0.686392 0.293424 0.831582
v 0.686392 0.473809 0.851847
v 0.596288 0.473809 0.768416
v 0.686392 0.473809 0.768416
v 0.686392 0.293424 0.748151
v 0.596288 0.293424 0.748151
v 0.596288 0.473809 0.768416
v 0.596288 0.293424 0.748151
v 0.596288 0.058102 0.851847
v 0.686392 0.058102 0.851847
v 0.686392 0.058102 0.768416
v 0.596288 0.058102 0.768416
v 0.596288 0.058102 0.768416
v 0.596288 -0.157246 0.836648
v 0.686392 -0.157246 0.836648
v 0.686392 -0.157246 0.753217
v 0.596288 -0.157246 0.753217
v 0.596288 -0.157246 0.753217
v 0.596288 -0.300480 0.851847
v 0.686392 -0.300480 0.851847
v 0.686392 -0.300480 0.768416
v 0.596288 -0.300480 0.768416
v 0.596288 -0.300480 0.768416
v 0.057963 -0.347241 0.386481
v 0.073398 -0.343686 0.365938
v 0.082855 -0.349514 0.371622
v 0.073770 -0.356623 0.394205
v 0.073770 -0.356623 0.394205
v 0.082855 -0.349514 0.371622
v 0.092311 -0.343686 0.377306
v 0.089578 -0.347241 0.401930
v 0.092311 -0.332030 0.377306
v 0.089578 -0.328476 0.401930
v 0.082855 -0.326202 0.371622
v 0.073770 -0.319093 0.394205
v 0.073398 -0.332030 0.365938
v 0.057963 -0.328476 0.386481
v 0.073770 -0.356623 0.394205
v 0.089578 -0.347241 0.401930
v 0.089578 -0.328476 0.401930
v 0.073770 -0.319093 0.394205
v 0.057963 -0.328476 0.386481
v 0.057963 -0.347241 0.386481
v 0.085052 -0.337435 0.239781
v 0.082573 -0.331314 0.257433
v 0.110023 -0.331314 0.251556
v 0.116048 -0.337435 0.234843
v 0.158964 -0.337435 0.259908
v 0.148351 -0.331314 0.276723
v 0.159419 -0.331314 0.302278
v 0.173274 -0.337435 0.293854
v 0.131040 -0.331314 0.263252
v 0.140354 -0.337435 0.244318
v 0.117789 -0.321455 0.290185
v 0.096586 -0.330610 0.336106
v 0.073597 -0.324990 0.275141
v 0.143295 -0.324990 0.321760
v 0.110023 -0.343555 0.251556
v 0.082573 -0.343555 0.257433
v 0.159419 -0.343555 0.302278
v 0.148351 -0.343555 0.276723
v 0.131040 -0.343555 0.263252
v 0.117789 -0.353414 0.290185
v 0.096586 -0.344259 0.336106
v 0.059984 -0.343555 0.266330
v 0.162781 -0.343555 0.326087
v 0.073597 -0.349879 0.275141
v 0.143295 -0.349879 0.321760
v 0.083704 -0.353414 0.292965
v 0.076846 -0.344259 0.325114
v 0.116841 -0.344259 0.347841
v 0.139709 -0.353414 0.314261
v 0.073597 -0.349879 0.275141
v 0.143295 -0.349879 0.321760
v -0.153127 -0.357733 0.252472
v -0.157451 -0.357733 0.280389
v -0.166836 -0.351836 0.274248
v -0.163776 -0.351836 0.254493
v -0.150965 -0.337563 0.238514
v -0.162246 -0.337563 0.244616
v -0.153127 -0.317393 0.252472
v -0.163776 -0.323290 0.254493
v -0.157451 -0.317393 0.280389
v -0.166836 -0.323290 0.274248
v -0.159613 -0.337563 0.294348
v -0.168366 -0.337563 0.284125
v -0.159613 -0.337563 0.294348
v -0.168366 -0.337563 0.284125
v -0.163776 -0.323290 0.254493
v -0.162246 -0.337563 0.244616
v -0.168366 -0.337563 0.284125
v -0.166836 -0.323290 0.274248
v -0.166836 -0.351836 0.274248
v -0.163776 -0.351836 0.254493
v 0.127435 -0.337563 0.397225
v 0.131133 -0.321615 0.386968
v 0.116500 -0.328314 0.372933
v 0.115496 -0.337563 0.379331
v 0.138527 -0.321615 0.366454
v 0.118510 -0.328314 0.360136
v 0.142224 -0.337563 0.356198
v 0.119514 -0.337563 0.353739
v 0.142224 -0.337563 0.356198
v 0.138527 -0.353511 0.366454
v 0.118510 -0.346812 0.360137
v 0.119514 -0.337563 0.353739
v 0.131133 -0.353511 0.386968
v 0.116500 -0.346812 0.372933
v 0.080905 -0.337563 0.379581
v 0.084424 -0.313826 0.370030
v 0.059151 -0.322398 0.343349
v 0.053610 -0.337563 0.351886
v 0.100242 -0.313826 0.332992
v 0.070233 -0.322398 0.326274
v 0.103762 -0.337563 0.323441
v 0.075774 -0.337563 0.317737
v 0.103762 -0.337563 0.323441
v 0.100242 -0.361301 0.332992
v 0.070233 -0.352729 0.326274
v 0.075774 -0.337563 0.317737
v 0.084424 -0.361301 0.370030
v 0.059151 -0.352729 0.343349
v 0.080905 -0.337563 0.379581
v 0.053610 -0.337563 0.351886
v -0.023452 -0.337563 0.310195
v -0.022175 -0.325649 0.301950
v -0.052690 -0.327229 0.295533
v -0.053798 -0.337563 0.302685
v -0.019621 -0.325649 0.285460
v -0.050474 -0.327229 0.281229
v -0.018344 -0.337563 0.277215
v -0.049367 -0.337563 0.274077
v -0.018344 -0.337563 0.277215
v -0.019621 -0.349478 0.285460
v -0.050474 -0.347898 0.281229
v -0.049367 -0.337563 0.274077
v -0.022175 -0.349478 0.301950
v -0.052690 -0.347898 0.295533
v -0.092754 -0.325376 0.271268
v -0.132978 -0.317597 0.257536
v -0.136945 -0.317635 0.285207
v -0.095138 -0.325404 0.288162
v -0.091561 -0.337563 0.262799
v -0.130993 -0.337563 0.243671
v -0.091561 -0.337563 0.262799
v -0.092754 -0.349750 0.271268
v -0.132978 -0.357530 0.257537
v -0.130993 -0.337563 0.243671
v -0.095138 -0.349723 0.288162
v -0.136945 -0.357492 0.285207
v -0.096328 -0.337563 0.296573
v -0.138924 -0.337563 0.298993
v 0.061313 -0.328314 0.340018
v 0.068071 -0.328314 0.329605
v 0.038814 -0.326740 0.305780
v 0.032710 -0.326740 0.319273
v 0.071451 -0.337563 0.324398
v 0.041865 -0.337563 0.299033
v 0.071451 -0.337563 0.324398
v 0.068071 -0.346812 0.329605
v 0.038814 -0.348386 0.305780
v 0.041865 -0.337563 0.299033
v 0.061313 -0.346812 0.340018
v 0.032710 -0.348386 0.319273
v 0.057934 -0.337563 0.345225
v 0.029659 -0.337563 0.326020
v 0.061313 -0.328314 0.340018
v 0.057934 -0.337563 0.345225
v 0.115858 -0.322398 0.377025
v 0.116500 -0.328314 0.372933
v 0.118510 -0.328314 0.360136
v 0.119152 -0.322398 0.356044
v 0.068071 -0.328314 0.329605
v 0.119514 -0.337563 0.353739
v 0.120799 -0.337563 0.345554
v 0.071451 -0.337563 0.324398
v 0.120799 -0.337563 0.345554
v 0.119514 -0.337563 0.353739
v 0.118510 -0.346812 0.360137
v 0.119152 -0.352729 0.356044
v 0.068071 -0.346812 0.329605
v 0.071451 -0.337563 0.324398
v 0.116500 -0.346812 0.372933
v 0.115858 -0.352729 0.377025
v 0.061313 -0.346812 0.340018
v 0.115496 -0.337563 0.379331
v 0.114210 -0.337563 0.387516
v 0.057934 -0.337563 0.345225
v 0.114210 -0.337563 0.387516
v 0.115496 -0.337563 0.379331
v 0.150433 -0.320009 0.373239
v 0.140534 -0.320009 0.395124
v 0.155383 -0.337563 0.362297
v 0.150433 -0.355117 0.373239
v 0.155383 -0.337563 0.362297
v 0.140534 -0.355117 0.395124
v 0.135585 -0.337563 0.406067
v -0.138546 -0.323999 0.280338
v -0.135638 -0.323999 0.261564
v -0.134184 -0.337563 0.252177
v -0.135638 -0.351127 0.261564
v -0.138546 -0.351127 0.280338
v -0.140000 -0.337563 0.289724
v -0.140000 -0.337563 0.289724
v -0.055725 -0.323006 0.297919
v -0.052690 -0.327229 0.295533
v -0.050474 -0.327229 0.281229
v -0.052928 -0.322966 0.277678
v -0.135638 -0.323999 0.261564
v -0.138546 -0.323999 0.280338
v -0.049367 -0.337563 0.274077
v -0.051528 -0.337563 0.267524
v -0.134184 -0.337563 0.252177
v -0.051528 -0.337563 0.267524
v -0.049367 -0.337563 0.274077
v -0.050474 -0.347898 0.281229
v -0.052928 -0.352161 0.277678
v -0.135638 -0.351127 0.261564
v -0.134184 -0.337563 0.252177
v -0.052690 -0.347898 0.295533
v -0.055725 -0.352120 0.297919
v -0.138546 -0.351127 0.280338
v -0.053798 -0.337563 0.302685
v -0.057120 -0.337563 0.307988
v -0.140000 -0.337563 0.289724
v 0.003103 -0.328351 0.306540
v 0.006534 -0.328351 0.294361
v 0.008249 -0.337563 0.288272
v 0.008249 -0.337563 0.288272
v 0.006534 -0.346776 0.294361
v 0.003103 -0.346776 0.306540
v 0.001388 -0.337563 0.312629
v 0.155383 -0.337563 0.362297
v 0.150433 -0.320009 0.373239
v 0.140534 -0.320009 0.395124
v 0.135585 -0.337563 0.406067
v 0.140534 -0.355117 0.395124
v 0.150433 -0.355117 0.373239
v 0.082836 -0.281039 0.165109
v 0.082836 -0.281039 0.199666
v 0.082836 -0.386786 0.199666
v 0.082836 -0.386786 0.165109
v -0.088875 -0.386786 0.199176
v -0.088875 -0.386786 0.164619
v -0.088875 -0.281039 0.164619
v -0.088875 -0.281039 0.199176
v 0.124209 -0.274017 0.158852
v 0.076783 -0.273006 0.158852
v 0.076783 -0.273006 0.206902
v 0.124209 -0.274017 0.215549
v 0.082481 -0.325500 0.206902
v 0.121004 -0.325500 0.215549
v 0.125277 -0.394483 0.215549
v 0.073222 -0.395157 0.206902
v 0.073222 -0.395157 0.158852
v 0.125277 -0.394483 0.158852
v 0.076783 -0.273006 0.158852
v 0.082481 -0.325500 0.158852
v 0.121004 -0.325500 0.158852
v 0.124209 -0.274017 0.158852
v 0.125277 -0.394483 0.158852
v 0.073222 -0.395157 0.158852
v -0.084176 -0.272669 0.158852
v -0.127328 -0.274354 0.158852
v -0.127016 -0.274354 0.213027
v -0.084176 -0.272669 0.206902
v -0.119893 -0.333398 0.213027
v -0.088806 -0.331039 0.206902
v -0.085244 -0.393471 0.206902
v -0.124879 -0.397516 0.213027
v -0.125192 -0.397516 0.158852
v -0.085244 -0.393471 0.158852
v -0.127328 -0.274354 0.158852
v -0.120206 -0.333398 0.158852
v -0.088806 -0.331039 0.158852
v -0.084176 -0.272669 0.158852
v -0.085244 -0.393471 0.158852
v -0.125192 -0.397516 0.158852
v 0.051569 -0.321874 0.191459
v 0.021273 -0.321874 0.189244
v 0.030656 -0.326325 0.230408
v 0.045416 -0.326325 0.231339
v 0.021273 -0.352860 0.189244
v 0.030656 -0.348409 0.230408
v 0.051569 -0.352860 0.191459
v 0.045416 -0.348409 0.231339
v 0.025067 -0.326348 0.277540
v 0.048713 -0.326348 0.277540
v 0.048713 -0.348387 0.277540
v 0.025067 -0.348387 0.277540
v 0.054386 -0.322968 0.270191
v 0.019309 -0.322968 0.274988
v 0.013537 -0.322968 0.288986
v 0.052750 -0.322968 0.301897
v 0.013537 -0.348988 0.288986
v 0.052750 -0.348988 0.301897
v 0.054386 -0.348988 0.270191
v 0.019309 -0.348988 0.274988
v 0.019309 -0.348988 0.274988
v 0.013537 -0.348988 0.288986
v 0.054386 -0.348988 0.270191
v 0.052750 -0.348988 0.301897
v -0.044584 -0.322968 0.244861
v -0.088392 -0.322968 0.247061
v -0.087109 -0.322968 0.262334
v -0.046407 -0.322968 0.268930
v -0.087109 -0.348988 0.262334
v -0.046407 -0.348988 0.268930
v -0.044584 -0.348988 0.244861
v -0.088392 -0.348988 0.247062
v -0.088392 -0.348988 0.247062
v -0.087109 -0.348988 0.262334
v -0.044584 -0.348988 0.244861
v -0.046407 -0.348988 0.268930
v -0.048453 -0.321874 0.190311
v -0.077050 -0.321874 0.194269
v -0.075773 -0.326325 0.223588
v -0.059011 -0.326325 0.224149
v -0.077050 -0.352860 0.194269
v -0.075773 -0.348409 0.223588
v -0.080353 -0.326348 0.249187
v -0.048498 -0.326348 0.251539
v -0.080353 -0.348387 0.249187
v -0.048498 -0.348387 0.251539
v -0.059011 -0.348409 0.224149
v -0.048453 -0.352860 0.190311
v -0.133840 -0.408631 0.350520
v -0.185495 -0.408631 0.343534
v -0.179489 -0.417825 0.389491
v -0.136514 -0.417825 0.390303
v -0.125617 -0.409266 0.440177
v -0.189861 -0.409266 0.447533
v -0.189861 -0.460364 0.437159
v -0.125617 -0.460364 0.429804
v -0.133840 -0.460344 0.357436
v -0.185495 -0.460344 0.350449
v -0.185495 -0.408631 0.343534
v -0.185495 -0.460344 0.350449
v -0.179489 -0.460407 0.391565
v -0.179489 -0.417825 0.389491
v -0.133840 -0.460344 0.357436
v -0.133840 -0.408631 0.350520
v -0.136514 -0.417825 0.390303
v -0.136514 -0.460407 0.392378
v -0.125617 -0.409266 0.440177
v -0.125617 -0.460364 0.429804
v -0.189861 -0.460364 0.437159
v -0.189861 -0.409266 0.447533
v 0.187839 -0.418841 0.155999
v 0.144497 -0.418841 0.155600
v 0.150307 -0.418841 0.407394
v 0.183765 -0.418841 0.405468
v 0.144497 -0.448062 0.155600
v 0.150307 -0.448062 0.407394
v 0.187839 -0.448062 0.155999
v 0.183765 -0.448062 0.405468
v 0.144312 -0.418841 0.623882
v 0.185604 -0.418841 0.619448
v 0.185604 -0.448062 0.619448
v 0.144312 -0.448062 0.623882
v -0.176813 -0.420734 0.158518
v -0.171165 -0.420734 0.398454
v -0.144015 -0.420734 0.400649
v -0.133152 -0.420734 0.158119
v -0.144015 -0.449955 0.400649
v -0.133152 -0.449955 0.158119
v -0.176813 -0.449955 0.158518
v -0.171165 -0.449955 0.398454
v -0.180689 -0.420734 0.619448
v -0.139397 -0.420734 0.623882
v -0.180689 -0.449955 0.619448
v -0.139397 -0.449955 0.623882
v 0.164699 -0.456184 0.373593
v -0.158984 -0.456184 0.385251
v -0.159770 -0.456184 0.416030
v 0.167725 -0.456184 0.421160
v -0.159770 -0.575149 0.416030
v 0.167725 -0.575149 0.421160
v 0.164699 -0.575149 0.373593
v -0.158984 -0.575149 0.385251
v 0.146232 -0.408631 0.350403
v 0.148906 -0.417825 0.390186
v 0.191880 -0.417825 0.389373
v 0.197887 -0.408631 0.343416
v 0.138009 -0.409266 0.440060
v 0.138009 -0.460364 0.429686
v 0.202253 -0.460364 0.437042
v 0.202253 -0.409266 0.447416
v 0.146232 -0.460344 0.357319
v 0.197887 -0.460344 0.350332
v 0.197887 -0.408631 0.343416
v 0.191880 -0.417825 0.389373
v 0.191880 -0.460407 0.391448
v 0.197887 -0.460344 0.350332
v 0.146232 -0.460344 0.357319
v 0.148906 -0.460407 0.392260
v 0.148906 -0.417825 0.390186
v 0.146232 -0.408631 0.350403
v 0.138009 -0.460364 0.429686
v 0.138009 -0.409266 0.440060
v 0.202253 -0.409266 0.447416
v 0.202253 -0.460364 0.437042
v -0.349642 0.588718 0.006153
v -0.272193 0.631482 0.008222
v -0.446990 0.631916 0.008574
v -0.453087 0.581104 0.026813
v -0.515283 0.631554 0.001503
v -0.525073 0.574975 0.024092
v -0.654587 0.725379 -0.002505
v -0.588856 0.685266 -0.000621
v -0.701101 0.461600 -0.003347
v -0.655788 0.441820 0.025780
v -0.569025 0.428120 0.029422
v -0.488868 0.415274 0.037569
v -0.369979 0.396565 0.043260
v -0.241151 0.377371 0.009510
v -0.378598 0.219986 0.005976
v -0.317484 0.154045 0.007776
v -0.501280 0.200713 0.002643
v -0.494071 0.243517 0.021185
v -0.564037 0.216612 0.000855
v -0.560861 0.274236 0.019101
v -0.708175 0.180606 -0.003068
v -0.649980 0.187996 -0.001472
v -0.655788 0.441820 0.025780
v -0.701101 0.461600 -0.003347
v -0.488868 0.415274 0.037569
v -0.569025 0.428120 0.029422
v -0.369979 0.396565 0.043260
v -0.241151 0.377371 0.009510
v -0.739535 -0.114645 -0.107646
v -0.739535 -0.575491 -0.107646
v -0.739535 0.319177 -0.107646
v -0.739535 0.741905 -0.107647
v 0.721043 -0.575491 -0.107646
v 0.721043 -0.114645 -0.107646
v 0.721043 0.319177 -0.107646
v 0.721043 0.741905 -0.107647
v 0.721043 -0.575491 -0.107646
v -0.739535 -0.575491 -0.107646
v 0.721043 0.741905 -0.107647
v -0.739535 0.741905 -0.107647
v -0.256695 -0.447635 0.664646
v -0.256695 -0.417421 0.664646
v -0.250623 -0.417421 0.658136
v -0.250623 -0.447635 0.658136
v -0.247516 -0.417421 0.726091
v -0.216328 -0.417421 0.692650
v -0.250623 -0.417421 0.658136
v -0.250623 -0.447635 0.658136
v -0.216328 -0.447635 0.692650
v -0.247516 -0.447635 0.726091
v 0.254362 -0.447635 0.656175
v 0.248290 -0.447635 0.649665
v 0.248290 -0.417421 0.649665
v 0.254362 -0.417421 0.656175
v 0.248290 -0.417421 0.649665
v 0.213995 -0.417421 0.684179
v 0.245183 -0.417421 0.717620
v 0.248290 -0.447635 0.649665
v 0.213995 -0.447635 0.684179
v 0.245183 -0.447635 0.717620
v -0.202230 -0.411461 0.614739
v -0.168495 -0.411461 0.670556
v -0.121505 -0.411461 0.652003
v -0.123459 -0.411461 0.612595
v -0.254991 -0.411461 0.726296
v -0.250444 -0.411461 0.747077
v -0.183746 -0.411461 0.775240
v -0.135465 -0.411461 0.729691
v 0.200853 -0.411461 0.608646
v 0.123031 -0.411461 0.616771
v 0.121763 -0.411461 0.661192
v 0.170962 -0.411461 0.670043
v 0.247081 -0.411461 0.737320
v 0.250693 -0.411461 0.715215
v 0.140056 -0.411461 0.718762
v 0.166506 -0.411461 0.772850
v -0.000381 -0.411461 0.754350
v 0.000534 -0.411461 0.687264
v -0.168495 -0.448569 0.670556
v -0.121505 -0.448569 0.652003
v -0.121505 -0.411461 0.652003
v -0.168495 -0.411461 0.670556
v -0.123459 -0.448569 0.612595
v -0.202230 -0.448569 0.614739
v -0.202230 -0.411461 0.614739
v -0.123459 -0.411461 0.612595
v -0.170319 -0.448569 0.699100
v -0.170319 -0.411461 0.699100
v -0.212408 -0.448569 0.675561
v -0.212408 -0.411461 0.675561
v -0.254991 -0.448569 0.726296
v -0.254991 -0.411461 0.726296
v -0.254991 -0.448569 0.726296
v -0.250444 -0.448569 0.747077
v -0.250444 -0.411461 0.747077
v -0.254991 -0.411461 0.726296
v -0.209834 -0.448569 0.750639
v -0.209834 -0.411461 0.750639
v -0.183746 -0.448569 0.775240
v -0.183746 -0.411461 0.775240
v -0.135465 -0.448569 0.729691
v -0.135465 -0.411461 0.729691
v -0.000381 -0.448569 0.754350
v -0.000381 -0.411461 0.754350
v 0.000534 -0.448569 0.687264
v 0.000534 -0.411461 0.687264
v 0.200853 -0.448569 0.608646
v 0.123031 -0.448569 0.616771
v 0.123031 -0.411461 0.616771
v 0.200853 -0.411461 0.608646
v 0.121763 -0.448569 0.661192
v 0.170962 -0.448569 0.670043
v 0.170962 -0.411461 0.670043
v 0.121763 -0.411461 0.661192
v 0.213822 -0.448569 0.675617
v 0.213822 -0.411461 0.675617
v 0.173571 -0.448569 0.699647
v 0.173571 -0.411461 0.699647
v 0.212562 -0.448569 0.745241
v 0.247081 -0.448569 0.737320
v 0.247081 -0.411461 0.737320
v 0.212562 -0.411461 0.745241
v 0.250693 -0.448569 0.715215
v 0.250693 -0.411461 0.715215
v 0.250693 -0.448569 0.715215
v 0.250693 -0.411461 0.715215
v 0.140056 -0.448569 0.718762
v 0.140056 -0.411461 0.718762
v 0.166506 -0.448569 0.772850
v 0.166506 -0.411461 0.772850
v 0.021946 -0.426600 0.394045
v 0.005993 -0.425094 0.384050
v 0.004954 -0.434734 0.437012
v 0.026875 -0.434423 0.437641
v -0.010334 -0.427058 0.393120
v -0.016967 -0.435045 0.436385
v 0.022144 -0.440123 0.391583
v 0.006191 -0.438617 0.381588
v -0.010136 -0.440582 0.390658
v -0.010136 -0.440582 0.390658
v -0.016769 -0.448568 0.433922
v 0.022144 -0.440123 0.391583
v 0.027073 -0.447946 0.435178
v -0.002764 -0.499039 0.569104
v -0.000129 -0.495826 0.569141
v -0.010780 -0.481623 0.556359
v -0.019267 -0.490260 0.556221
v 0.003466 -0.494319 0.569225
v 0.001157 -0.477960 0.556651
v 0.007198 -0.494862 0.569335
v 0.013811 -0.480110 0.557030
v 0.010211 -0.497331 0.569448
v 0.024282 -0.487580 0.557410
v 0.011816 -0.501159 0.569537
v 0.030171 -0.498659 0.557702
v 0.011644 -0.505471 0.569582
v 0.030130 -0.510809 0.557841
v 0.009735 -0.509279 0.569573
v 0.024167 -0.521246 0.557795
v 0.006527 -0.511709 0.569511
v 0.013650 -0.527581 0.557573
v 0.002754 -0.512206 0.569411
v 0.000986 -0.528360 0.557229
v 0.002754 -0.512206 0.569411
v -0.000719 -0.510655 0.569296
v -0.010922 -0.523407 0.556837
v 0.000986 -0.528360 0.557229
v -0.003097 -0.507412 0.569192
v -0.019347 -0.513855 0.556491
v -0.003835 -0.503220 0.569124
v -0.022358 -0.501892 0.556269
v -0.016906 -0.472487 0.541947
v -0.029016 -0.484811 0.541750
v 0.000127 -0.467260 0.542364
v 0.018183 -0.470327 0.542905
v 0.033124 -0.480986 0.543447
v 0.041527 -0.496795 0.543864
v 0.041468 -0.514132 0.544063
v 0.032961 -0.529026 0.543996
v 0.017953 -0.538064 0.543680
v -0.000117 -0.539176 0.543187
v -0.017109 -0.532108 0.542629
v -0.000117 -0.539176 0.543187
v -0.029130 -0.518478 0.542135
v -0.033428 -0.501409 0.541818
v -0.021695 -0.465189 0.523495
v -0.036724 -0.480484 0.523251
v -0.000555 -0.458701 0.524013
v 0.021853 -0.462508 0.524684
v 0.040396 -0.475737 0.525356
v 0.050825 -0.495357 0.525875
v 0.050752 -0.516873 0.526121
v 0.040193 -0.535358 0.526038
v 0.021567 -0.546575 0.525646
v -0.000858 -0.547956 0.525034
v -0.021947 -0.539183 0.524342
v -0.000858 -0.547956 0.525034
v -0.036866 -0.522267 0.523729
v -0.042199 -0.501083 0.523335
v -0.024880 -0.460149 0.502591
v -0.041955 -0.477526 0.502313
v -0.000862 -0.452778 0.503178
v 0.024597 -0.457103 0.503941
v 0.045664 -0.472132 0.504705
v 0.057513 -0.494423 0.505294
v 0.057430 -0.518869 0.505573
v 0.045434 -0.539870 0.505480
v 0.024272 -0.552614 0.505034
v -0.001206 -0.554182 0.504338
v -0.025165 -0.544216 0.503552
v -0.001206 -0.554182 0.504338
v -0.042116 -0.524997 0.502856
v -0.048175 -0.500930 0.502409
v -0.026361 -0.457622 0.484489
v -0.044490 -0.476072 0.484194
v -0.000861 -0.449797 0.485113
v 0.026168 -0.454388 0.485923
v 0.048535 -0.470345 0.486733
v 0.061115 -0.494011 0.487358
v 0.061027 -0.519966 0.487655
v 0.048291 -0.542262 0.487556
v 0.025824 -0.555793 0.487083
v -0.001227 -0.557458 0.486344
v -0.026664 -0.546876 0.485510
v -0.001227 -0.557458 0.486344
v -0.044661 -0.526472 0.484770
v -0.051094 -0.500919 0.484296
v -0.005192 -0.502162 0.577600
v 0.013678 -0.503183 0.578140
v -0.004271 -0.502403 0.567584
v 0.013178 -0.503348 0.568084
v -0.074191 -0.526710 0.427093
v -0.051490 -0.564217 0.427803
v -0.040741 -0.551633 0.484104
v -0.058768 -0.521847 0.483541
v -0.013085 -0.585345 0.429004
v -0.010241 -0.568412 0.485058
v 0.030736 -0.584433 0.430374
v 0.024558 -0.567687 0.486146
v 0.068230 -0.561724 0.431547
v 0.054333 -0.549653 0.487078
v 0.068230 -0.561724 0.431547
v 0.089350 -0.523304 0.432207
v 0.071106 -0.519142 0.487602
v 0.054333 -0.549653 0.487078
v 0.088438 -0.479467 0.432179
v 0.070382 -0.484330 0.487579
v 0.065737 -0.441960 0.431469
v 0.052354 -0.454544 0.487016
v 0.027332 -0.420832 0.430268
v 0.021855 -0.437765 0.486062
v -0.016489 -0.421744 0.428898
v -0.012945 -0.438490 0.484974
v -0.053983 -0.444453 0.427725
v -0.042720 -0.456523 0.484043
v -0.075103 -0.482873 0.427065
v -0.059493 -0.487034 0.483518
v 0.021855 -0.437765 0.486062
v -0.012945 -0.438490 0.484974
v -0.040741 -0.551633 0.484104
v -0.010241 -0.568412 0.485058
v 0.024558 -0.567687 0.486146
v 0.052354 -0.454544 0.487016
v -0.372365 -0.390863 0.563614
v -0.370165 -0.379384 0.564704
v -0.375703 -0.374701 0.553807
v -0.379430 -0.384889 0.549714
v -0.358094 -0.394361 0.569924
v -0.358977 -0.382127 0.569651
v -0.343295 -0.393748 0.565690
v -0.347376 -0.381645 0.566332
v -0.334893 -0.389309 0.552894
v -0.340789 -0.378165 0.556301
v -0.336819 -0.383121 0.537524
v -0.342299 -0.373315 0.544252
v -0.348171 -0.378081 0.526770
v -0.351199 -0.369364 0.535821
v -0.363639 -0.376547 0.525666
v -0.363324 -0.368161 0.534956
v -0.375984 -0.379235 0.534727
v -0.373002 -0.370268 0.542059
v -0.362982 -0.372968 0.560709
v -0.365436 -0.370894 0.555882
v -0.358026 -0.374183 0.562900
v -0.354580 -0.368529 0.547913
v -0.359952 -0.367996 0.547529
v -0.364239 -0.368930 0.550676
v -0.463970 -0.386589 0.536790
v -0.453039 -0.408036 0.583917
v -0.454857 -0.383103 0.597471
v -0.465788 -0.361655 0.550345
v -0.425737 -0.426097 0.625667
v -0.427555 -0.401163 0.639223
v -0.370240 -0.437540 0.660193
v -0.365796 -0.411237 0.663237
v -0.337570 -0.440289 0.644265
v -0.335410 -0.412666 0.652530
v -0.294774 -0.429935 0.652230
v -0.302276 -0.411003 0.649563
v -0.251873 -0.418209 0.586556
v -0.257418 -0.388293 0.602503
v -0.247884 -0.394157 0.526420
v -0.249701 -0.369223 0.539975
v -0.269351 -0.371245 0.482693
v -0.275970 -0.350460 0.503023
v -0.292132 -0.365383 0.459989
v -0.293949 -0.340449 0.473544
v -0.338458 -0.362129 0.431748
v -0.340276 -0.337195 0.445303
v -0.411016 -0.354648 0.446709
v -0.412834 -0.329714 0.460264
v -0.447926 -0.367637 0.483090
v -0.449744 -0.342704 0.496645
v -0.439059 -0.382137 0.593298
v -0.449805 -0.363011 0.551913
v -0.417771 -0.396219 0.625853
v -0.365747 -0.409818 0.641387
v -0.343732 -0.402661 0.634240
v -0.309706 -0.404339 0.633861
v -0.276745 -0.394160 0.592785
v -0.267443 -0.370636 0.545475
v -0.286772 -0.361731 0.514832
v -0.304950 -0.344513 0.484864
v -0.344154 -0.345247 0.465719
v -0.401132 -0.337555 0.478405
v -0.436886 -0.347283 0.506565
v -0.581021 -0.315313 0.366718
v -0.581021 -0.321318 0.497917
v -0.535899 -0.321326 0.497930
v -0.531147 -0.315313 0.366718
v -0.573301 -0.334654 0.608309
v -0.533609 -0.334654 0.608309
v -0.544425 -0.290416 0.729349
v -0.506918 -0.290416 0.699578
v -0.482028 -0.244261 0.825102
v -0.446929 -0.242863 0.784233
v -0.482028 -0.244261 0.825102
v -0.373210 -0.176609 0.900819
v -0.359250 -0.176609 0.848097
v -0.446929 -0.242863 0.784233
v -0.581021 -0.458150 0.366718
v -0.581021 -0.315313 0.366718
v -0.531147 -0.315313 0.366718
v -0.531147 -0.458150 0.366718
v -0.535899 -0.321326 0.497930
v -0.535899 -0.458123 0.497930
v -0.581021 -0.458123 0.497917
v -0.581021 -0.458150 0.366718
v -0.533609 -0.334654 0.608309
v -0.533609 -0.458111 0.608309
v -0.573301 -0.458111 0.608309
v -0.506918 -0.290416 0.699578
v -0.506918 -0.458111 0.699578
v -0.544425 -0.458111 0.729349
v -0.446929 -0.242863 0.784233
v -0.446929 -0.458126 0.784233
v -0.482028 -0.458122 0.825102
v -0.446929 -0.458126 0.784233
v -0.359250 -0.458205 0.848097
v -0.373210 -0.458205 0.900819
v -0.482028 -0.458122 0.825102
v -0.373210 -0.458205 0.900819
v -0.000000 -0.458205 0.924883
v -0.000000 -0.176609 0.920200
v -0.373210 -0.176609 0.900819
v -0.000000 -0.176609 0.870732
v -0.359250 -0.176609 0.848097
v -0.359250 -0.176609 0.848097
v -0.000000 -0.176609 0.870732
v -0.000000 -0.458205 0.856509
v -0.359250 -0.458205 0.848097
v 0.581021 -0.315313 0.366718
v 0.531147 -0.315313 0.366718
v 0.535899 -0.321326 0.497931
v 0.581021 -0.321318 0.497918
v 0.533609 -0.334654 0.608310
v 0.573301 -0.334654 0.608310
v 0.506918 -0.290416 0.699578
v 0.544425 -0.290416 0.729349
v 0.435946 -0.238969 0.791555
v 0.471045 -0.244178 0.832425
v 0.471045 -0.244178 0.832425
v 0.435946 -0.238969 0.791555
v 0.359250 -0.176609 0.848097
v 0.373210 -0.176609 0.900819
v 0.581021 -0.458150 0.366718
v 0.531147 -0.458150 0.366718
v 0.531147 -0.315313 0.366718
v 0.581021 -0.315313 0.366718
v 0.535899 -0.458123 0.497930
v 0.535899 -0.321326 0.497931
v 0.581021 -0.458123 0.497918
v 0.581021 -0.458150 0.366718
v 0.533609 -0.458111 0.608310
v 0.533609 -0.334654 0.608310
v 0.573301 -0.458111 0.608310
v 0.506918 -0.458111 0.699578
v 0.506918 -0.290416 0.699578
v 0.544425 -0.458111 0.729349
v 0.435946 -0.458126 0.791555
v 0.435946 -0.238969 0.791555
v 0.471045 -0.458122 0.832425
v 0.435946 -0.458126 0.791555
v 0.359250 -0.458205 0.848097
v 0.373210 -0.458205 0.900819
v 0.471045 -0.458122 0.832425
v 0.373210 -0.458205 0.900819
v 0.373210 -0.176609 0.900819
v 0.359250 -0.176609 0.848097
v -0.000000 -0.176609 0.870732
v 0.359250 -0.176609 0.848097
v 0.359250 -0.458205 0.848097
v 0.358474 0.499370 -0.003355
v 0.429543 0.468167 -0.003355
v 0.433233 0.434727 0.102648
v 0.331359 0.479455 0.102648
v 0.429543 0.468167 -0.003355
v 0.492100 0.514114 -0.003355
v 0.522905 0.500589 0.102648
v 0.433233 0.434727 0.102648
v 0.492100 0.514114 -0.003355
v 0.483588 0.591263 -0.003355
v 0.510702 0.611179 0.102648
v 0.522905 0.500589 0.102648
v 0.483588 0.591263 -0.003355
v 0.412518 0.622466 -0.003355
v 0.408828 0.655906 0.102648
v 0.510702 0.611179 0.102648
v 0.412518 0.622466 -0.003355
v 0.349961 0.576519 -0.003355
v 0.319156 0.590044 0.102648
v 0.408828 0.655906 0.102648
v 0.349961 0.576519 -0.003355
v 0.358474 0.499370 -0.003355
v 0.331359 0.479455 0.102648
v 0.319156 0.590044 0.102648
v 0.492100 0.514114 0.196085
v 0.483588 0.591263 0.196085
v 0.412518 0.622466 0.196085
v 0.349961 0.576519 0.196085
v 0.358474 0.499370 0.196085
v 0.429543 0.468167 0.196085
v 0.412518 0.622466 0.196085
v 0.483588 0.591263 0.196085
v 0.483588 0.591263 0.196085
v 0.492100 0.514114 0.196085
v 0.492100 0.514114 0.196085
v 0.429543 0.468167 0.196085
v 0.429543 0.468167 0.196085
v 0.358474 0.499370 0.196085
v 0.358474 0.499370 0.196085
v 0.349961 0.576519 0.196085
v 0.349961 0.576519 0.196085
v 0.412518 0.622466 0.196085
v -0.304702 -0.430337 -0.003355
v -0.269194 -0.361318 -0.003355
v -0.250475 -0.360410 0.102648
v -0.294556 -0.446095 0.102648
v -0.269194 -0.361318 -0.003355
v -0.311213 -0.296058 -0.003355
v -0.302640 -0.279393 0.102648
v -0.311213 -0.296058 -0.003355
v -0.388739 -0.299817 -0.003355
v -0.398885 -0.284060 0.102648
v -0.302640 -0.279393 0.102648
v -0.388739 -0.299817 -0.003355
v -0.424247 -0.368837 -0.003355
v -0.442966 -0.369744 0.102648
v -0.398885 -0.284060 0.102648
v -0.424247 -0.368837 -0.003355
v -0.382228 -0.434097 -0.003355
v -0.390801 -0.450762 0.102648
v -0.442966 -0.369744 0.102648
v -0.382228 -0.434097 -0.003355
v -0.304702 -0.430337 -0.003355
v -0.390801 -0.450762 0.102648
v -0.311213 -0.296058 0.196085
v -0.388739 -0.299817 0.196085
v -0.424247 -0.368836 0.196085
v -0.382228 -0.434097 0.196085
v -0.304702 -0.430337 0.196085
v -0.269194 -0.361318 0.196085
v -0.424247 -0.368836 0.196085
v -0.388739 -0.299817 0.196085
v -0.388739 -0.299817 0.196085
v -0.311213 -0.296058 0.196085
v -0.311213 -0.296058 0.196085
v -0.269194 -0.361318 0.196085
v -0.269194 -0.361318 0.196085
v -0.304702 -0.430337 0.196085
v -0.304702 -0.430337 0.196085
v -0.382228 -0.434097 0.196085
v -0.382228 -0.434097 0.196085
v -0.424247 -0.368836 0.196085
v 0.280157 -0.350648 0.474883
v 0.289444 -0.334665 0.476013
v 0.282446 -0.329726 0.478837
v 0.273411 -0.349579 0.477077
v 0.276471 -0.370365 0.483171
v 0.284710 -0.368242 0.479712
v 0.344889 -0.320842 0.488933
v 0.352981 -0.327015 0.492732
v 0.360971 -0.322270 0.501280
v 0.345731 -0.313394 0.493143
v 0.333836 -0.317049 0.484677
v 0.335173 -0.310247 0.488865
v 0.304513 -0.325201 0.480229
v 0.320094 -0.318311 0.483319
v 0.318939 -0.307735 0.488459
v 0.299264 -0.315653 0.484535
v 0.292064 -0.336953 0.480608
v 0.281374 -0.328405 0.485313
v 0.277722 -0.326285 0.470906
v 0.268478 -0.349658 0.471374
v 0.270408 -0.373965 0.476684
v 0.371829 -0.319472 0.496723
v 0.348749 -0.307422 0.487408
v 0.338568 -0.304843 0.483644
v 0.317875 -0.300092 0.479089
v 0.297435 -0.308154 0.474725
v 0.274522 -0.322363 0.472659
v 0.278937 -0.327140 0.462623
v 0.269455 -0.350569 0.465282
v 0.270390 -0.375147 0.471478
v 0.374709 -0.320641 0.487047
v 0.350530 -0.308011 0.479888
v 0.340295 -0.305419 0.476550
v 0.319833 -0.300993 0.468534
v 0.299285 -0.309153 0.464178
v 0.276657 -0.323707 0.459579
v 0.280824 -0.373319 0.463280
v 0.276974 -0.351947 0.461263
v 0.287078 -0.332869 0.457267
v 0.366707 -0.326164 0.475067
v 0.350083 -0.316348 0.473251
v 0.339289 -0.313042 0.470052
v 0.323448 -0.312300 0.460510
v 0.303958 -0.321016 0.456112
v 0.288895 -0.333510 0.450943
v 0.291807 -0.336269 0.465214
v 0.281886 -0.351822 0.466983
v 0.286886 -0.369719 0.469766
v 0.355849 -0.328962 0.479625
v 0.347066 -0.322320 0.478987
v 0.335895 -0.318446 0.475271
v 0.323012 -0.320385 0.469524
v 0.307523 -0.327300 0.466312
v 0.295782 -0.339477 0.463620
v 0.280157 -0.350648 0.474883
v 0.289444 -0.334665 0.476013
v 0.284710 -0.368242 0.479712
v 0.344889 -0.320842 0.488933
v 0.352981 -0.327015 0.492732
v 0.333836 -0.317049 0.484677
v 0.304513 -0.325201 0.480229
v 0.320094 -0.318311 0.483319
v 0.292064 -0.336953 0.480608
v 0.332003 -0.320643 0.487933
v 0.333431 -0.309387 0.494624
v 0.335294 -0.322877 0.472893
v 0.332003 -0.320643 0.487933
v 0.340125 -0.313931 0.464035
v 0.340945 -0.301320 0.474375
v 0.338232 -0.300395 0.485781
v 0.289444 -0.334665 0.476013
v 0.291807 -0.336269 0.465214
v 0.282446 -0.329726 0.478837
v 0.289444 -0.334665 0.476013
v 0.277722 -0.326285 0.470906
v 0.278937 -0.327140 0.462623
v 0.287078 -0.332869 0.457267
v 0.333836 -0.317049 0.484677
v 0.335173 -0.310247 0.488865
v 0.335895 -0.318446 0.475271
v 0.333836 -0.317049 0.484677
v 0.339289 -0.313042 0.470052
v 0.340295 -0.305419 0.476550
v 0.338568 -0.304843 0.483644
v 0.383792 -0.326947 0.461178
v 0.395793 -0.349945 0.443629
v 0.371523 -0.360427 0.441323
v 0.360053 -0.338447 0.458095
v 0.395793 -0.349945 0.443629
v 0.407066 -0.377886 0.443056
v 0.382297 -0.387130 0.440775
v 0.371523 -0.360427 0.441323
v 0.414590 -0.403282 0.459613
v 0.389488 -0.411402 0.456599
v 0.416350 -0.419329 0.488865
v 0.391170 -0.426738 0.484556
v 0.411873 -0.421726 0.522972
v 0.386891 -0.429029 0.517152
v 0.402360 -0.409832 0.552797
v 0.377799 -0.417661 0.545657
v 0.390359 -0.386833 0.570346
v 0.366329 -0.395681 0.562429
v 0.379085 -0.358892 0.570919
v 0.355555 -0.368978 0.562977
v 0.371561 -0.333496 0.554362
v 0.348364 -0.344706 0.547153
v 0.369801 -0.317450 0.525110
v 0.346682 -0.329370 0.519196
v 0.374278 -0.315052 0.491004
v 0.350961 -0.327079 0.486600
v 0.291636 -0.397269 0.537435
v 0.285825 -0.377640 0.524608
v 0.262472 -0.388754 0.517549
v 0.267978 -0.407352 0.529701
v 0.300357 -0.418873 0.536966
v 0.276241 -0.427821 0.529257
v 0.309650 -0.436663 0.523326
v 0.285046 -0.444677 0.516333
v 0.317026 -0.445872 0.500172
v 0.292035 -0.453403 0.494395
v 0.320509 -0.444034 0.473706
v 0.295335 -0.451661 0.469319
v 0.319164 -0.431639 0.451021
v 0.294061 -0.439918 0.447825
v 0.313353 -0.412011 0.438195
v 0.288555 -0.421320 0.435672
v 0.304632 -0.390407 0.438664
v 0.280292 -0.400850 0.436117
v 0.295339 -0.372617 0.452303
v 0.304632 -0.390407 0.438664
v 0.280292 -0.400850 0.436117
v 0.271487 -0.383994 0.449040
v 0.287963 -0.363407 0.475458
v 0.264498 -0.375268 0.470978
v 0.284480 -0.365246 0.501924
v 0.261198 -0.377010 0.496054
v 0.358239 -0.370091 0.553853
v 0.352168 -0.349585 0.540453
v 0.288575 -0.381481 0.519273
v 0.293533 -0.398229 0.530216
v 0.367349 -0.392660 0.553363
v 0.300974 -0.416662 0.529816
v 0.377058 -0.411245 0.539114
v 0.308903 -0.431841 0.518178
v 0.384764 -0.420866 0.514924
v 0.315197 -0.439699 0.498422
v 0.388402 -0.418946 0.487276
v 0.318168 -0.438130 0.475841
v 0.386997 -0.405998 0.463577
v 0.317021 -0.427555 0.456485
v 0.380926 -0.385492 0.450177
v 0.312063 -0.410807 0.445542
v 0.371816 -0.362922 0.450667
v 0.304622 -0.392374 0.445942
v 0.362107 -0.344337 0.464916
v 0.371816 -0.362922 0.450667
v 0.304622 -0.392374 0.445942
v 0.296693 -0.377195 0.457579
v 0.354401 -0.334716 0.489105
v 0.290399 -0.369337 0.477336
v 0.350763 -0.336637 0.516753
v 0.287428 -0.370906 0.499917
v 0.371816 -0.362922 0.450667
v 0.362107 -0.344337 0.464916
v 0.380926 -0.385492 0.450177
v 0.371816 -0.362922 0.450667
v 0.386997 -0.405998 0.463577
v 0.388402 -0.418946 0.487276
v 0.384764 -0.420866 0.514924
v 0.377058 -0.411245 0.539114
v 0.367349 -0.392660 0.553363
v 0.358239 -0.370091 0.553853
v 0.352168 -0.349585 0.540453
v 0.350763 -0.336637 0.516753
v 0.354401 -0.334716 0.489105
v 0.293533 -0.398229 0.530216
v 0.288575 -0.381481 0.519273
v 0.300974 -0.416662 0.529816
v 0.308903 -0.431841 0.518178
v 0.315197 -0.439699 0.498422
v 0.318168 -0.438130 0.475841
v 0.317021 -0.427555 0.456485
v 0.312063 -0.410807 0.445542
v 0.304622 -0.392374 0.445942
v 0.296693 -0.377195 0.457579
v 0.304622 -0.392374 0.445942
v 0.290399 -0.369337 0.477336
v 0.287428 -0.370906 0.499917
v 0.280731 -0.404246 0.449455
v 0.274407 -0.392141 0.458736
v 0.286666 -0.418947 0.449135
v 0.280731 -0.404246 0.449455
v 0.290620 -0.432304 0.457863
v 0.291535 -0.440738 0.473300
v 0.289165 -0.441989 0.491309
v 0.284146 -0.435722 0.507065
v 0.277822 -0.423617 0.516346
v 0.271888 -0.408916 0.516665
v 0.267933 -0.395559 0.507937
v 0.267019 -0.387125 0.492501
v 0.269388 -0.385874 0.474492
v 0.407066 -0.377886 0.443056
v 0.395793 -0.349945 0.443629
v 0.379085 -0.358892 0.570919
v 0.390359 -0.386833 0.570346
v 0.383792 -0.326947 0.461178
v 0.371561 -0.333496 0.554362
v 0.402360 -0.409832 0.552797
v 0.414590 -0.403282 0.459613
v 0.411873 -0.421726 0.522972
v 0.416350 -0.419329 0.488865
v 0.374278 -0.315052 0.491004
v 0.369801 -0.317450 0.525110
v 0.002096 0.130418 0.158016
v 0.017533 0.125108 0.155232
v 0.047969 0.123871 0.273397
v 0.022455 0.132647 0.277999
v 0.029571 0.135999 0.151956
v 0.067865 0.141871 0.267983
v 0.026172 0.152199 0.151464
v 0.062247 0.168646 0.267170
v 0.010735 0.157509 0.154248
v 0.036733 0.177422 0.271772
v -0.001303 0.146618 0.157524
v 0.016837 0.159422 0.277186
v 0.002096 0.130418 0.158016
v 0.022455 0.132647 0.277999
v 0.022455 0.132647 0.277999
v 0.047969 0.123871 0.273397
v 0.067865 0.141871 0.267983
v 0.062247 0.168646 0.267170
v 0.036733 0.177422 0.271772
v 0.016837 0.159422 0.277186
v -0.442825 -0.151840 0.150534
v -0.570251 -0.125064 0.150534
v -0.570251 -0.125064 0.176347
v -0.442825 -0.151840 0.176347
v -0.586103 -0.212470 0.193445
v -0.458678 -0.239245 0.193445
v -0.586103 -0.212470 0.150534
v -0.458678 -0.239245 0.150534
v -0.570251 -0.125064 0.150534
v -0.586103 -0.212470 0.150534
v -0.458678 -0.239245 0.150534
v -0.442825 -0.151840 0.150534
v -0.412439 -0.249346 0.054440
v -0.346246 0.115625 0.054439
v -0.346246 0.115625 0.131554
v -0.412439 -0.249346 0.131554
v -0.626893 -0.204283 0.131554
v -0.560700 0.160688 0.131554
v -0.560700 0.160688 0.054439
v -0.626893 -0.204283 0.054440
v -0.560700 0.160688 0.054439
v -0.560700 0.160688 0.131554
v -0.594196 -0.030698 0.074088
v -0.567224 0.118020 0.074088
v -0.643383 0.134023 0.076372
v -0.670356 -0.014695 0.076372
v -0.643383 0.134023 0.053193
v -0.670356 -0.014695 0.053193
v -0.670356 -0.014695 0.053193
v -0.643383 0.134023 0.053193
v -0.567224 0.118020 0.055383
v -0.594196 -0.030698 0.055383
v -0.567224 0.118020 0.055383
v -0.643383 0.134023 0.053193
v -0.670356 -0.014695 0.053193
v -0.594196 -0.030698 0.055383
v -0.631416 -0.001930 -0.003114
v -0.611763 0.106431 -0.003114
v -0.610008 0.116103 0.058063
v -0.633170 -0.011602 0.058063
v -0.658929 -0.006190 0.058063
v -0.635767 0.121516 0.058063
v -0.637521 0.111844 -0.003114
v -0.657175 0.003482 -0.003114
v -0.611763 0.106431 -0.003114
v -0.610008 0.116103 0.058063
v -0.631416 -0.001930 -0.003114
v -0.633170 -0.011602 0.058063
v -0.384617 -0.269322 -0.003288
v -0.312070 0.130676 -0.003288
v -0.325597 0.133519 0.055359
v -0.398144 -0.266479 0.055359
v -0.579744 0.186922 0.055359
v -0.652290 -0.213076 0.055359
v -0.593271 0.189765 -0.003288
v -0.665817 -0.210233 -0.003288
v -0.312070 0.130676 -0.003288
v -0.593271 0.189765 -0.003288
v -0.665817 -0.210233 -0.003288
v -0.384617 -0.269322 -0.003288
v -0.407943 -0.260499 0.119982
v -0.337160 0.129778 0.114963
v -0.337160 0.129778 0.151157
v -0.407943 -0.260499 0.151157
v -0.566483 0.177965 0.151157
v -0.637266 -0.212311 0.151157
v -0.566483 0.177965 0.114963
v -0.637266 -0.212311 0.119982
v -0.637266 -0.212311 0.119982
v -0.566483 0.177965 0.114963
v -0.337160 0.129778 0.114963
v -0.407943 -0.260499 0.119982
v -0.337160 0.129778 0.114963
v -0.566483 0.177965 0.114963
v -0.637266 -0.212311 0.119982
v -0.407943 -0.260499 0.119982
v 0.596550 0.222300 0.118426
v 0.579001 0.245786 0.118426
v 0.309309 0.212467 0.120719
v 0.306128 0.183450 0.120719
v 0.579001 0.245786 0.118426
v 0.544751 0.243482 0.124890
v 0.556156 0.184260 0.124890
v 0.593086 0.188087 0.118426
v 0.315354 0.156860 0.120719
v 0.334844 0.161260 0.124890
v 0.328119 0.216432 0.124890
v 0.309309 0.212467 0.120719
v 0.593086 0.188087 0.118426
v 0.315354 0.156860 0.120719
v 0.439582 0.235011 0.134033
v 0.451037 0.173953 0.134033
v 0.451037 0.173953 0.114024
v 0.439582 0.235011 0.114024
v 0.584458 0.119065 0.108325
v 0.590904 0.151411 0.108325
v 0.306193 0.117136 0.112123
v 0.319203 0.087578 0.112123
v 0.578329 0.186388 0.108325
v 0.554069 0.184027 0.119031
v 0.560137 0.116544 0.119031
v 0.584458 0.119065 0.108325
v 0.305797 0.154635 0.112123
v 0.578329 0.186388 0.108325
v 0.457917 0.173755 0.138312
v 0.464577 0.105557 0.138312
v 0.464577 0.105557 0.108165
v 0.457917 0.173755 0.108165
v 0.319203 0.087578 0.112123
v 0.351118 0.093980 0.119031
v 0.336739 0.161651 0.119031
v 0.305797 0.154635 0.112123
v 0.601870 0.086177 0.107347
v 0.589580 0.118307 0.107347
v 0.325584 0.089083 0.111290
v 0.330401 0.058206 0.111290
v 0.589580 0.118307 0.107347
v 0.572183 0.118340 0.118464
v 0.565524 0.055611 0.118464
v 0.588814 0.063742 0.107347
v 0.344658 0.034755 0.111290
v 0.360889 0.037224 0.118464
v 0.344161 0.093361 0.118464
v 0.325584 0.089083 0.111290
v 0.588814 0.063742 0.107347
v 0.344658 0.034755 0.111290
v 0.457113 0.047579 0.107598
v 0.457113 0.047579 0.133906
v 0.463304 0.105951 0.107598
v 0.463304 0.105951 0.133906
v 0.395821 0.123351 0.168510
v 0.392509 0.134459 0.163833
v 0.407669 0.120835 0.170849
v 0.416206 0.129427 0.168510
v 0.412895 0.140535 0.163833
v 0.401047 0.143051 0.161494
v 0.393911 0.123998 0.175660
v 0.390087 0.136825 0.170259
v 0.407592 0.121093 0.178361
v 0.417450 0.131015 0.175660
v 0.413626 0.143841 0.170259
v 0.399945 0.146747 0.167559
v 0.394642 0.127304 0.182087
v 0.391331 0.138413 0.177409
v 0.406490 0.124789 0.184426
v 0.415028 0.133381 0.182087
v 0.411716 0.144489 0.177409
v 0.399868 0.147005 0.175071
v 0.416844 0.142925 0.168223
v 0.422416 0.147347 0.159714
v 0.420161 0.134310 0.173364
v 0.429049 0.130117 0.169996
v 0.434621 0.134539 0.161487
v 0.431304 0.143154 0.156346
v 0.417981 0.146398 0.172877
v 0.424414 0.151504 0.163052
v 0.421811 0.136450 0.178814
v 0.432074 0.131609 0.174924
v 0.438507 0.136715 0.165099
v 0.434677 0.146663 0.159163
v 0.421867 0.148573 0.176490
v 0.427439 0.152996 0.167980
v 0.425184 0.139958 0.181631
v 0.434073 0.135766 0.178262
v 0.439644 0.140188 0.169753
v 0.436327 0.148803 0.164612
v 0.388504 0.157642 0.145063
v 0.380518 0.134850 0.146416
v 0.376442 0.135327 0.163625
v 0.385499 0.161176 0.162091
v 0.387425 0.111678 0.146416
v 0.384276 0.109047 0.163625
v 0.406587 0.096977 0.145063
v 0.406007 0.092375 0.162091
v 0.430684 0.096363 0.142874
v 0.433336 0.091678 0.159608
v 0.450512 0.110070 0.140685
v 0.455824 0.107224 0.157125
v 0.458497 0.132863 0.139332
v 0.464880 0.133073 0.155591
v 0.451590 0.156034 0.139332
v 0.457047 0.159353 0.155591
v 0.432429 0.170735 0.140685
v 0.435316 0.176025 0.157125
v 0.408332 0.171349 0.142874
v 0.407987 0.176722 0.159608
v 0.489546 0.134324 0.136364
v 0.488295 0.122222 0.136364
v 0.484495 0.121089 0.159136
v 0.486058 0.136210 0.159136
v 0.495968 0.112779 0.136364
v 0.494082 0.109291 0.159136
v 0.508071 0.111528 0.136364
v 0.509203 0.107728 0.159136
v 0.517513 0.119201 0.136364
v 0.521001 0.117315 0.159136
v 0.518764 0.131304 0.136364
v 0.522564 0.132436 0.159136
v 0.511091 0.140746 0.136364
v 0.512977 0.144234 0.159136
v 0.511091 0.140746 0.136364
v 0.498988 0.141997 0.136364
v 0.497856 0.145797 0.159136
v 0.512977 0.144234 0.159136
v 0.485314 0.136612 0.181759
v 0.483685 0.120847 0.181759
v 0.489795 0.122669 0.181759
v 0.490923 0.133580 0.181759
v 0.493680 0.108547 0.181759
v 0.496712 0.114156 0.181759
v 0.509445 0.106918 0.181759
v 0.507623 0.113028 0.181759
v 0.521745 0.116913 0.181759
v 0.516136 0.119946 0.181759
v 0.523374 0.132678 0.181759
v 0.517264 0.130857 0.181759
v 0.513379 0.144978 0.181759
v 0.510347 0.139370 0.181759
v 0.513379 0.144978 0.181759
v 0.497614 0.146608 0.181759
v 0.499435 0.140497 0.181759
v 0.510347 0.139370 0.181759
v 0.490923 0.133580 0.181759
v 0.489795 0.122669 0.181759
v 0.493533 0.127796 0.145224
v 0.510347 0.139370 0.181759
v 0.504563 0.136759 0.145224
v 0.395128 0.024037 0.120296
v 0.389559 0.083348 0.111105
v 0.389559 0.083348 0.148428
v 0.395128 0.024037 0.154833
v 0.361303 0.075052 0.148428
v 0.359032 0.022894 0.154833
v 0.361303 0.075052 0.108060
v 0.359032 0.022894 0.120296
v 0.366589 0.238693 0.117332
v 0.326800 0.226012 0.117332
v 0.326800 0.226012 0.157797
v 0.366589 0.238693 0.157797
v 0.359032 0.022894 0.120296
v 0.395128 0.024037 0.120296
v 0.346062 0.169733 0.154924
v 0.326800 0.226012 0.117332
v 0.346062 0.169733 0.111105
v 0.377689 0.177267 0.154924
v 0.377689 0.177267 0.111105
v 0.366589 0.238693 0.117332
v 0.354845 0.122523 0.152636
v 0.354845 0.122523 0.109432
v 0.383064 0.130917 0.111105
v 0.383064 0.130917 0.152636
v 0.367513 0.182380 -0.004393
v 0.381670 0.096051 0.128785
v 0.390739 0.043002 0.128785
v 0.374784 0.139849 -0.004393
v 0.359515 0.095970 0.128785
v 0.344155 0.182295 -0.004393
v 0.351426 0.139764 -0.004393
v 0.368585 0.042922 0.128785
v 0.374784 0.139849 -0.004393
v 0.390739 0.043002 0.128785
v 0.384473 0.058300 -0.004393
v 0.378134 0.101109 -0.004393
v 0.363244 0.198565 0.128785
v 0.371151 0.145170 0.128785
v 0.354426 0.144384 0.128785
v 0.346518 0.197779 0.128785
v 0.360500 0.100281 -0.004393
v 0.366839 0.057472 -0.004393
v 0.384473 0.058300 -0.004393
v 0.371151 0.145170 0.128785
v 0.532142 0.199045 -0.004393
v 0.546372 0.112737 0.128785
v 0.555484 0.059702 0.128785
v 0.539447 0.156524 -0.004393
v 0.524359 0.112698 0.128785
v 0.508932 0.199004 -0.004393
v 0.516238 0.156483 -0.004393
v 0.533471 0.059663 0.128785
v 0.539447 0.156524 -0.004393
v 0.555484 0.059702 0.128785
v 0.549465 0.075073 -0.004393
v 0.542935 0.117825 -0.004393
v 0.527625 0.215155 0.128785
v 0.535770 0.161831 0.128785
v 0.519548 0.161196 0.128785
v 0.511403 0.214520 0.128785
v 0.525831 0.117155 -0.004393
v 0.532362 0.074403 -0.004393
v 0.549465 0.075073 -0.004393
v 0.535770 0.161831 0.128785
v 0.295684 0.358559 0.061267
v 0.280847 0.316431 0.061267
v 0.289091 0.316229 0.085495
v 0.302235 0.353550 0.085495
v 0.293606 0.273627 0.061267
v 0.300394 0.278310 0.085495
v 0.329087 0.246498 0.061267
v 0.331826 0.254276 0.085495
v 0.373738 0.245405 0.061267
v 0.371383 0.253308 0.085495
v 0.410504 0.270766 0.061267
v 0.403953 0.275775 0.085495
v 0.425341 0.312894 0.061267
v 0.417097 0.313096 0.085495
v 0.412583 0.355698 0.061267
v 0.405795 0.351016 0.085495
v 0.377101 0.382827 0.061267
v 0.374362 0.375049 0.085495
v 0.332450 0.383920 0.061267
v 0.334806 0.376017 0.085495
v 0.287135 0.297152 -0.002659
v 0.311192 0.284143 -0.002659
v 0.323178 0.295893 0.066195
v 0.309686 0.303189 0.066195
v 0.324200 0.308200 -0.002659
v 0.330474 0.309385 0.066195
v 0.324200 0.308200 -0.002659
v 0.300143 0.321209 -0.002659
v 0.316982 0.316681 0.066195
v 0.330474 0.309385 0.066195
v 0.375185 0.243663 -0.002659
v 0.387654 0.268004 -0.002659
v 0.375474 0.280547 0.066195
v 0.368481 0.266895 0.066195
v 0.363313 0.280473 -0.002659
v 0.361822 0.287540 0.066195
v 0.363313 0.280473 -0.002659
v 0.350844 0.256132 -0.002659
v 0.354829 0.273888 0.066195
v 0.361822 0.287540 0.066195
v 0.334543 0.387992 -0.002659
v 0.319941 0.364867 -0.002659
v 0.331729 0.351462 0.066195
v 0.339918 0.364432 0.066195
v 0.343067 0.350266 -0.002659
v 0.344699 0.343273 0.066195
v 0.343067 0.350266 -0.002659
v 0.357668 0.373391 -0.002659
v 0.352888 0.356243 0.066195
v 0.344699 0.343273 0.066195
v 0.420725 0.335532 -0.002659
v 0.396695 0.348591 -0.002659
v 0.384757 0.336623 0.066195
v 0.398234 0.329298 0.066195
v 0.383636 0.324562 -0.002659
v 0.377432 0.323145 0.066195
v 0.383636 0.324562 -0.002659
v 0.407666 0.311503 -0.002659
v 0.390910 0.315821 0.066195
v 0.377432 0.323145 0.066195
v 0.511268 0.337313 -0.001527
v 0.501458 0.321777 -0.001527
v 0.509377 0.312771 0.044730
v 0.514879 0.321484 0.044730
v 0.516995 0.311967 -0.001527
v 0.518091 0.307269 0.044730
v 0.516995 0.311967 -0.001527
v 0.526804 0.327503 -0.001527
v 0.523593 0.315982 0.044730
v 0.518091 0.307269 0.044730
v 0.485162 0.317539 0.041420
v 0.475194 0.289236 0.041420
v 0.480732 0.289100 0.057697
v 0.489563 0.314173 0.057697
v 0.483765 0.260479 0.041420
v 0.488326 0.263625 0.057697
v 0.507603 0.242253 0.041420
v 0.509443 0.247479 0.057697
v 0.537601 0.241519 0.041420
v 0.536018 0.246828 0.057697
v 0.562301 0.258557 0.041420
v 0.557900 0.261922 0.057697
v 0.572269 0.286860 0.041420
v 0.566730 0.286996 0.057697
v 0.563697 0.315617 0.041420
v 0.559137 0.312471 0.057697
v 0.539860 0.333843 0.041420
v 0.538020 0.328617 0.057697
v 0.509862 0.334577 0.041420
v 0.511445 0.329268 0.057697
v 0.538573 0.240348 -0.001527
v 0.546950 0.256702 -0.001527
v 0.538767 0.265128 0.044730
v 0.534068 0.255956 0.044730
v 0.530596 0.265078 -0.001527
v 0.529595 0.269826 0.044730
v 0.530596 0.265078 -0.001527
v 0.522220 0.248725 -0.001527
v 0.524897 0.260655 0.044730
v 0.529595 0.269826 0.044730
v 0.479418 0.276284 -0.001527
v 0.495580 0.267544 -0.001527
v 0.503633 0.275438 0.044730
v 0.494568 0.280339 0.044730
v 0.504320 0.283706 -0.001527
v 0.508535 0.284502 0.044730
v 0.504320 0.283706 -0.001527
v 0.488158 0.292446 -0.001527
v 0.499470 0.289404 0.044730
v 0.508535 0.284502 0.044730
v 0.569168 0.302069 -0.001527
v 0.553024 0.310842 -0.001527
v 0.545003 0.302801 0.044730
v 0.554057 0.297881 0.044730
v 0.544250 0.294698 -0.001527
v 0.540082 0.293747 0.044730
v 0.544250 0.294698 -0.001527
v 0.560394 0.285925 -0.001527
v 0.549137 0.288826 0.044730
v 0.540082 0.293747 0.044730
v 0.554150 0.038421 0.112782
v 0.559599 0.098035 0.110861
v 0.559599 0.098035 0.150163
v 0.554150 0.038421 0.164664
v 0.529226 0.096671 0.150163
v 0.511608 0.039459 0.164664
v 0.529226 0.096671 0.107654
v 0.511608 0.039458 0.112782
v 0.542666 0.252342 0.111132
v 0.503330 0.253065 0.111132
v 0.503330 0.253065 0.166314
v 0.542666 0.252342 0.166314
v 0.511608 0.039458 0.112782
v 0.554150 0.038421 0.112782
v 0.521330 0.192004 0.157003
v 0.503330 0.253065 0.111132
v 0.521330 0.192004 0.110861
v 0.554953 0.194834 0.157003
v 0.554953 0.194834 0.110861
v 0.542666 0.252342 0.111132
v 0.530412 0.142571 0.154594
v 0.530412 0.142571 0.109098
v 0.561827 0.145344 0.110861
v 0.561827 0.145344 0.154594
v -0.577452 -0.238997 0.465286
v -0.592603 -0.208140 0.465286
v -0.587095 -0.202793 0.537060
v -0.569854 -0.237909 0.537060
v -0.622996 -0.192081 0.465286
v -0.621683 -0.184518 0.537060
v -0.657025 -0.196954 0.465286
v -0.660408 -0.190064 0.537060
v -0.681690 -0.220898 0.465286
v -0.688477 -0.217312 0.537060
v -0.687571 -0.254767 0.465286
v -0.695169 -0.255855 0.537060
v -0.672420 -0.285624 0.465286
v -0.677928 -0.290971 0.537060
v -0.642026 -0.301683 0.465286
v -0.643340 -0.309246 0.537060
v -0.607998 -0.296810 0.465286
v -0.604615 -0.303700 0.537060
v -0.583333 -0.272866 0.465286
v -0.576546 -0.276452 0.537060
v -0.583333 -0.272866 0.465286
v -0.576546 -0.276452 0.537060
v -0.621683 -0.184518 0.537060
v -0.660408 -0.190064 0.537060
v -0.677928 -0.290971 0.537060
v -0.643340 -0.309246 0.537060
v -0.604615 -0.303700 0.537060
v -0.587095 -0.202793 0.537060
v -0.695169 -0.255855 0.537060
v -0.688477 -0.217312 0.537060
v -0.576546 -0.276452 0.537060
v -0.569854 -0.237909 0.537060
v -0.622996 -0.192081 0.465286
v -0.592603 -0.208140 0.465286
v -0.607998 -0.296810 0.465286
v -0.642026 -0.301683 0.465286
v -0.657025 -0.196954 0.465286
v -0.672420 -0.285624 0.465286
v -0.681690 -0.220898 0.465286
v -0.687571 -0.254767 0.465286
v -0.577452 -0.238997 0.465286
v -0.583333 -0.272866 0.465286
v -0.581755 -0.239613 0.535867
v -0.595721 -0.211168 0.535866
v -0.590027 -0.205640 0.581732
v -0.573899 -0.238488 0.581732
v -0.623740 -0.196364 0.535866
v -0.622382 -0.188545 0.581732
v -0.655109 -0.200856 0.535866
v -0.658606 -0.193733 0.581732
v -0.677846 -0.222929 0.535867
v -0.684863 -0.219222 0.581732
v -0.683267 -0.254151 0.535867
v -0.691123 -0.255276 0.581732
v -0.669301 -0.282596 0.535867
v -0.674996 -0.288124 0.581732
v -0.641283 -0.297400 0.535867
v -0.642641 -0.305219 0.581732
v -0.609914 -0.292908 0.535867
v -0.606416 -0.300031 0.581732
v -0.587176 -0.270835 0.535867
v -0.580160 -0.274543 0.581732
v -0.581755 -0.239613 0.535867
v -0.573899 -0.238488 0.581732
v -0.594326 -0.240848 0.446762
v -0.604820 -0.219771 0.449198
v -0.600613 -0.215916 0.467826
v -0.588504 -0.240580 0.467826
v -0.625720 -0.208728 0.449198
v -0.624906 -0.203081 0.467826
v -0.649045 -0.211936 0.446762
v -0.652104 -0.206976 0.467826
v -0.665883 -0.228170 0.442820
v -0.671819 -0.226113 0.467826
v -0.669805 -0.251229 0.438878
v -0.676519 -0.253184 0.467826
v -0.659311 -0.272305 0.436441
v -0.664410 -0.277848 0.467826
v -0.638411 -0.283348 0.436441
v -0.640117 -0.290683 0.467826
v -0.615086 -0.280140 0.438878
v -0.612918 -0.286788 0.467826
v -0.598248 -0.263906 0.442820
v -0.593204 -0.267651 0.467826
v -0.597361 -0.228634 0.400502
v -0.605745 -0.214664 0.406961
v -0.620980 -0.206615 0.406961
v -0.637245 -0.207561 0.400502
v -0.648328 -0.217141 0.390050
v -0.649997 -0.231696 0.379598
v -0.641612 -0.245666 0.373139
v -0.626378 -0.253715 0.373139
v -0.610113 -0.252769 0.379598
v -0.599029 -0.243189 0.390050
v -0.594831 -0.205890 0.349725
v -0.600327 -0.197550 0.354526
v -0.609895 -0.192495 0.354526
v -0.619881 -0.192654 0.349725
v -0.626471 -0.197968 0.341957
v -0.627147 -0.206406 0.334188
v -0.621651 -0.214746 0.329387
v -0.612084 -0.219801 0.329387
v -0.602097 -0.219641 0.334188
v -0.595508 -0.214328 0.341957
v -0.591772 -0.175231 0.307707
v -0.596556 -0.172703 0.307707
v -0.617535 -0.188148 0.366699
v -0.592708 -0.201265 0.366699
v -0.600085 -0.173591 0.303093
v -0.638663 -0.198080 0.348718
v -0.598830 -0.177007 0.298478
v -0.634962 -0.221131 0.330738
v -0.594046 -0.179534 0.298478
v -0.610135 -0.234249 0.330738
v -0.590517 -0.178647 0.303093
v -0.589008 -0.224316 0.348718
v -0.591772 -0.175231 0.307707
v -0.592708 -0.201265 0.366699
v -0.594046 -0.179534 0.298478
v -0.598830 -0.177007 0.298478
v -0.600085 -0.173591 0.303093
v -0.590517 -0.178647 0.303093
v -0.596556 -0.172703 0.307707
v -0.591772 -0.175231 0.307707
v -0.638663 -0.198080 0.348718
v -0.634962 -0.221131 0.330738
v -0.610135 -0.234249 0.330738
v -0.589008 -0.224316 0.348718
v -0.592708 -0.201265 0.366699
v -0.617535 -0.188148 0.366699
v 0.581366 -0.201484 0.465286
v 0.547800 -0.194068 0.465286
v 0.547059 -0.186427 0.537061
v 0.585257 -0.194867 0.537061
v 0.516285 -0.207797 0.465286
v 0.511195 -0.202051 0.537061
v 0.498859 -0.237428 0.465286
v 0.491364 -0.235772 0.537061
v 0.502177 -0.271643 0.465286
v 0.495140 -0.274709 0.537061
v 0.524973 -0.297373 0.465286
v 0.521082 -0.303989 0.537061
v 0.558539 -0.304789 0.465286
v 0.559281 -0.312430 0.537061
v 0.590054 -0.291060 0.465286
v 0.595144 -0.296806 0.537061
v 0.607480 -0.261429 0.465286
v 0.614976 -0.263085 0.537061
v 0.604162 -0.227214 0.465286
v 0.611199 -0.224148 0.537061
v 0.604162 -0.227214 0.465286
v 0.611199 -0.224148 0.537061
v 0.511195 -0.202051 0.537061
v 0.491364 -0.235772 0.537061
v 0.559281 -0.312430 0.537061
v 0.595144 -0.296806 0.537061
v 0.614976 -0.263085 0.537061
v 0.547059 -0.186427 0.537061
v 0.521082 -0.303989 0.537061
v 0.495140 -0.274709 0.537061
v 0.611199 -0.224148 0.537061
v 0.585257 -0.194867 0.537061
v 0.516285 -0.207797 0.465286
v 0.547800 -0.194068 0.465286
v 0.607480 -0.261429 0.465286
v 0.590054 -0.291060 0.465286
v 0.498859 -0.237428 0.465286
v 0.558539 -0.304789 0.465286
v 0.502177 -0.271643 0.465286
v 0.524973 -0.297373 0.465286
v 0.581366 -0.201484 0.465286
v 0.604162 -0.227214 0.465286
v 0.579162 -0.205231 0.535867
v 0.548219 -0.198394 0.535867
v 0.547453 -0.190495 0.581733
v 0.583185 -0.198390 0.581733
v 0.519168 -0.211050 0.535867
v 0.513905 -0.205110 0.581733
v 0.503103 -0.238366 0.535868
v 0.495354 -0.236653 0.581733
v 0.506163 -0.269907 0.535868
v 0.498887 -0.273076 0.581733
v 0.527177 -0.293626 0.535868
v 0.523154 -0.300466 0.581733
v 0.558120 -0.300463 0.535868
v 0.558886 -0.308362 0.581733
v 0.587172 -0.287807 0.535868
v 0.592434 -0.293747 0.581733
v 0.603236 -0.260491 0.535868
v 0.610985 -0.262203 0.581733
v 0.600177 -0.228950 0.535868
v 0.607452 -0.225780 0.581733
v 0.579162 -0.205231 0.535867
v 0.583185 -0.198390 0.581733
v 0.572282 -0.215824 0.446762
v 0.549265 -0.210872 0.449198
v 0.548878 -0.205179 0.467827
v 0.575706 -0.211107 0.467827
v 0.527594 -0.220313 0.449198
v 0.523688 -0.216153 0.467827
v 0.515546 -0.240541 0.446762
v 0.509760 -0.239837 0.467827
v 0.517723 -0.263829 0.442820
v 0.512412 -0.267184 0.467827
v 0.533295 -0.281283 0.438878
v 0.530633 -0.287749 0.467827
v 0.556312 -0.286234 0.436441
v 0.557462 -0.293677 0.467827
v 0.577983 -0.276793 0.436441
v 0.582651 -0.282704 0.467827
v 0.590031 -0.256566 0.438878
v 0.596579 -0.259020 0.467827
v 0.587853 -0.233278 0.442820
v 0.593927 -0.231673 0.467827
v 0.560845 -0.210575 0.400502
v 0.544696 -0.208409 0.406961
v 0.528901 -0.215290 0.406961
v 0.519490 -0.228591 0.400502
v 0.520060 -0.243229 0.390050
v 0.530392 -0.253615 0.379598
v 0.546540 -0.255781 0.373139
v 0.562336 -0.248899 0.373139
v 0.571747 -0.235599 0.379598
v 0.571177 -0.220960 0.390050
v 0.544650 -0.194405 0.349725
v 0.534705 -0.193495 0.354526
v 0.524784 -0.197817 0.354526
v 0.518677 -0.205720 0.349725
v 0.518717 -0.214185 0.341957
v 0.524889 -0.219979 0.334188
v 0.534835 -0.220889 0.329387
v 0.544755 -0.216567 0.329387
v 0.550862 -0.208664 0.334188
v 0.550822 -0.200199 0.341957
v 0.522602 -0.172883 0.307707
v 0.517642 -0.175044 0.307707
v 0.516619 -0.201075 0.366699
v 0.542362 -0.189860 0.366699
v 0.516133 -0.178355 0.303093
v 0.511197 -0.223782 0.348718
v 0.519586 -0.179506 0.298478
v 0.531518 -0.235275 0.330738
v 0.524546 -0.177345 0.298478
v 0.557261 -0.224060 0.330738
v 0.526055 -0.174033 0.303093
v 0.562683 -0.201352 0.348718
v 0.522602 -0.172883 0.307707
v 0.542362 -0.189860 0.366699
v 0.524546 -0.177345 0.298478
v 0.519586 -0.179506 0.298478
v 0.516133 -0.178355 0.303093
v 0.526055 -0.174033 0.303093
v 0.517642 -0.175044 0.307707
v 0.522602 -0.172883 0.307707
v 0.511197 -0.223782 0.348718
v 0.531518 -0.235275 0.330738
v 0.557261 -0.224060 0.330738
v 0.562683 -0.201352 0.348718
v 0.542362 -0.189860 0.366699
v 0.516619 -0.201075 0.366699
v 0.527494 -0.447426 -0.023026
v 0.560465 -0.497054 -0.023026
v 0.564554 -0.490319 0.140847
v 0.533656 -0.443810 0.140847
v 0.713133 -0.283243 -0.023026
v 0.625157 -0.265381 -0.023026
v 0.625179 -0.273208 0.140847
v 0.712765 -0.289947 0.140847
v 0.560465 -0.282737 -0.023026
v 0.564554 -0.289472 0.140847
v 0.527494 -0.332366 -0.023026
v 0.533656 -0.335982 0.140847
v 0.521362 -0.389896 -0.023026
v 0.527909 -0.389896 0.140847
v 0.573050 -0.348764 0.140847
v 0.568791 -0.389896 0.140847
v 0.577627 -0.389896 0.338447
v 0.581289 -0.354534 0.338447
v 0.592486 -0.318654 0.140847
v 0.597997 -0.328648 0.338447
v 0.632399 -0.307632 0.140847
v 0.632311 -0.319173 0.338447
v 0.700484 -0.318654 0.140847
v 0.699983 -0.328648 0.338447
v 0.573050 -0.431027 0.140847
v 0.592486 -0.461138 0.140847
v 0.597997 -0.451143 0.338447
v 0.581289 -0.425257 0.338447
v 0.592486 -0.461138 0.140847
v 0.573050 -0.431027 0.140847
v 0.632399 -0.307632 0.140847
v 0.700484 -0.318654 0.140847
v 0.592486 -0.318654 0.140847
v 0.573050 -0.348764 0.140847
v 0.568791 -0.389896 0.140847
v 0.547006 -0.389896 0.921102
v 0.552738 -0.334546 0.921102
v 0.578892 -0.294027 0.921102
v 0.632602 -0.279196 0.921102
v 0.701718 -0.294027 0.921102
v 0.632311 -0.460618 0.338447
v 0.699983 -0.451143 0.338447
v 0.701718 -0.485764 0.921102
v 0.632602 -0.500595 0.921102
v 0.578892 -0.485764 0.921102
v 0.552738 -0.445245 0.921102
v 0.701718 -0.294027 0.921102
v 0.632602 -0.279196 0.921102
v 0.632602 -0.500595 0.921102
v 0.701718 -0.485764 0.921102
v 0.578892 -0.485764 0.921102
v 0.578892 -0.294027 0.921102
v -0.527494 -0.447426 -0.023026
v -0.533656 -0.443810 0.140847
v -0.564554 -0.490319 0.140847
v -0.560465 -0.497054 -0.023026
v -0.713133 -0.283243 -0.023026
v -0.712765 -0.289947 0.140847
v -0.625179 -0.273208 0.140847
v -0.625157 -0.265381 -0.023026
v -0.564554 -0.289472 0.140847
v -0.560465 -0.282737 -0.023026
v -0.533656 -0.335982 0.140847
v -0.527494 -0.332366 -0.023026
v -0.527909 -0.389896 0.140847
v -0.521362 -0.389896 -0.023026
v -0.573050 -0.348764 0.140847
v -0.581289 -0.354534 0.338447
v -0.577627 -0.389896 0.338447
v -0.568791 -0.389896 0.140847
v -0.592486 -0.318654 0.140847
v -0.597997 -0.328648 0.338447
v -0.632399 -0.307632 0.140847
v -0.632311 -0.319173 0.338447
v -0.700484 -0.318654 0.140847
v -0.699983 -0.328648 0.338447
v -0.632399 -0.472159 0.140847
v -0.632311 -0.460618 0.338447
v -0.699983 -0.451143 0.338447
v -0.700484 -0.461138 0.140744
v -0.592486 -0.461138 0.140847
v -0.597997 -0.451143 0.338447
v -0.573050 -0.431027 0.140847
v -0.581289 -0.425257 0.338447
v -0.592486 -0.461138 0.140847
v -0.573050 -0.431027 0.140847
v -0.632399 -0.472159 0.140847
v -0.625179 -0.506584 0.140744
v -0.700484 -0.461138 0.140744
v -0.712765 -0.489845 0.140744
v -0.632399 -0.307632 0.140847
v -0.700484 -0.318654 0.140847
v -0.592486 -0.318654 0.140847
v -0.573050 -0.348764 0.140847
v -0.568791 -0.389896 0.140847
v -0.552738 -0.334546 0.921102
v -0.547006 -0.389896 0.921102
v -0.578892 -0.294027 0.921102
v -0.632602 -0.279196 0.921102
v -0.701718 -0.294027 0.921102
v -0.632602 -0.500595 0.921102
v -0.701718 -0.485764 0.921102
v -0.578892 -0.485764 0.921102
v -0.552738 -0.445245 0.921102
v -0.701718 -0.485764 0.921102
v -0.699983 -0.451143 0.338447
v -0.699983 -0.451143 0.338447
v -0.700484 -0.461138 0.140744
v -0.712765 -0.489845 0.140744
v -0.712765 -0.289947 0.140847
v -0.713133 -0.283243 -0.023026
v -0.713133 -0.496548 -0.025216
v -0.700484 -0.461138 0.140744
v -0.700484 -0.318654 0.140847
v -0.701718 -0.294027 0.921102
v -0.701718 -0.485764 0.921102
v -0.632602 -0.500595 0.921102
v -0.632602 -0.279196 0.921102
v -0.578892 -0.485764 0.921102
v -0.578892 -0.294027 0.921102
v 0.527494 0.507325 -0.023026
v 0.560465 0.457697 -0.023026
v 0.564554 0.464432 0.140847
v 0.533656 0.510941 0.140847
v 0.625157 0.440341 -0.023026
v 0.625179 0.448167 0.140744
v 0.713133 0.458203 -0.023026
v 0.712765 0.464906 0.140744
v 0.713133 0.671508 -0.023026
v 0.625157 0.689370 -0.023026
v 0.625179 0.681543 0.140847
v 0.712765 0.664804 0.140847
v 0.560465 0.672014 -0.023026
v 0.564554 0.665279 0.140847
v 0.527494 0.622386 -0.023026
v 0.533656 0.618769 0.140847
v 0.521362 0.564855 -0.023026
v 0.527909 0.564855 0.140847
v 0.573050 0.605987 0.140847
v 0.568791 0.564855 0.140847
v 0.577627 0.564855 0.338447
v 0.581289 0.600217 0.338447
v 0.592486 0.636097 0.140847
v 0.597997 0.626103 0.338447
v 0.632399 0.647119 0.140847
v 0.632311 0.635578 0.338447
v 0.700484 0.636097 0.140847
v 0.699983 0.626103 0.338447
v 0.632399 0.482592 0.140847
v 0.700484 0.493613 0.140744
v 0.699983 0.503608 0.338447
v 0.632311 0.494133 0.338447
v 0.592486 0.493613 0.140847
v 0.597997 0.503608 0.338447
v 0.573050 0.523724 0.140847
v 0.581289 0.529494 0.338447
v 0.592486 0.493613 0.140847
v 0.573050 0.523724 0.140847
v 0.632399 0.482592 0.140847
v 0.700484 0.493613 0.140744
v 0.632399 0.647119 0.140847
v 0.700484 0.636097 0.140847
v 0.592486 0.636097 0.140847
v 0.573050 0.605987 0.140847
v 0.568791 0.564855 0.140847
v 0.547006 0.564855 0.921102
v 0.552738 0.620205 0.921102
v 0.578892 0.660724 0.921102
v 0.632602 0.675555 0.921102
v 0.701718 0.660724 0.921102
v 0.701718 0.468987 0.921102
v 0.632602 0.454156 0.921102
v 0.578892 0.468987 0.921102
v 0.552738 0.509506 0.921102
v 0.701718 0.660724 0.921102
v 0.632602 0.675555 0.921102
v 0.632602 0.454156 0.921102
v 0.701718 0.468987 0.921102
v 0.578892 0.468987 0.921102
v 0.578892 0.660724 0.921102
v 0.712307 -0.287865 0.452464
v 0.529473 -0.281151 0.452463
v 0.529473 -0.281151 0.543284
v 0.712307 -0.287865 0.543284
v 0.711724 -0.297407 0.566385
v 0.711724 -0.387829 0.566385
v 0.711724 -0.387829 0.429362
v 0.711724 -0.297407 0.429363
v 0.504722 -0.292956 0.452463
v 0.503862 -0.387502 0.452463
v 0.503862 -0.387502 0.543284
v 0.504722 -0.292956 0.543284
v 0.711724 -0.484115 0.566385
v 0.711724 -0.484115 0.429362
v 0.504907 -0.484923 0.452463
v 0.504907 -0.484923 0.543284
v 0.536528 -0.291320 0.566385
v 0.711724 -0.297407 0.566385
v 0.514091 -0.302021 0.566385
v 0.513312 -0.387725 0.566385
v 0.514259 -0.476036 0.566385
v 0.711724 -0.297407 0.429363
v 0.536528 -0.291320 0.429362
v 0.513312 -0.387725 0.429362
v 0.514259 -0.476036 0.429362
v 0.514091 -0.302021 0.429362
v 0.712307 0.665253 0.452464
v 0.561513 0.671967 0.452464
v 0.561513 0.671967 0.543284
v 0.712307 0.665253 0.543284
v 0.711724 0.655712 0.566385
v 0.711724 0.565289 0.566385
v 0.712307 0.459283 0.543284
v 0.566306 0.454486 0.543284
v 0.566306 0.454486 0.452464
v 0.712307 0.459283 0.452464
v 0.711724 0.565289 0.429363
v 0.711724 0.655712 0.429363
v 0.536762 0.660163 0.452464
v 0.535902 0.565616 0.452464
v 0.535902 0.565616 0.543284
v 0.536762 0.660163 0.543284
v 0.711724 0.469003 0.566385
v 0.711724 0.469003 0.429363
v 0.536947 0.468195 0.452464
v 0.536947 0.468195 0.543284
v 0.568567 0.661798 0.566385
v 0.711724 0.655712 0.566385
v 0.711724 0.469003 0.566385
v 0.572912 0.464654 0.566385
v 0.546131 0.651097 0.566385
v 0.545352 0.565393 0.566385
v 0.546299 0.477082 0.566385
v 0.711724 0.655712 0.429363
v 0.568567 0.661798 0.429363
v 0.572912 0.464654 0.429363
v 0.711724 0.469003 0.429363
v 0.546299 0.477082 0.429363
v 0.545352 0.565393 0.429363
v 0.546131 0.651097 0.429363
v 0.711724 0.565289 0.566385
v 0.711724 0.469003 0.566385
v 0.711724 0.469003 0.429363
v 0.711724 0.565289 0.429363
v 0.711724 0.655712 0.566385
v 0.711724 0.655712 0.429363
v 0.712307 0.459283 0.543284
v 0.712307 0.459283 0.452464
v 0.712307 0.665253 0.452464
v 0.712307 0.665253 0.543284
v -0.712307 -0.287572 0.452463
v -0.712307 -0.287572 0.543283
v -0.529473 -0.280858 0.543283
v -0.529473 -0.280858 0.452463
v -0.711724 -0.297113 0.566384
v -0.711724 -0.387536 0.566384
v -0.711724 -0.387536 0.429362
v -0.711724 -0.297113 0.429362
v -0.504722 -0.292662 0.452463
v -0.504722 -0.292662 0.543283
v -0.503862 -0.387208 0.543283
v -0.503862 -0.387208 0.452463
v -0.711724 -0.483822 0.566384
v -0.711724 -0.483822 0.429362
v -0.504907 -0.484630 0.543283
v -0.504907 -0.484630 0.452463
v -0.711724 -0.297113 0.566384
v -0.536528 -0.291027 0.566384
v -0.514091 -0.301727 0.566384
v -0.513312 -0.387432 0.566384
v -0.514259 -0.475743 0.566384
v -0.536528 -0.291027 0.429362
v -0.711724 -0.297113 0.429362
v -0.514259 -0.475743 0.429362
v -0.513312 -0.387432 0.429362
v -0.514091 -0.301727 0.429362
v -0.711724 -0.387536 0.566384
v -0.711724 -0.387536 0.429362
v -0.711724 -0.483822 0.429362
v -0.711724 -0.483822 0.566384
v -0.711724 -0.297113 0.566384
v -0.711724 -0.297113 0.429362
v -0.712307 -0.493542 0.543283
v -0.712307 -0.493542 0.452463
v -0.712307 -0.287572 0.543283
v -0.712307 -0.287572 0.452463
v 0.438596 -0.356935 0.390241
v 0.438596 -0.392690 0.396251
v 0.438596 -0.395843 0.414817
v 0.438596 -0.357632 0.415676
v 0.438596 -0.434913 0.315227
v 0.438596 -0.453264 0.315227
v 0.464081 -0.356935 0.390241
v 0.464081 -0.357632 0.415676
v 0.464081 -0.395843 0.414817
v 0.464081 -0.392690 0.396251
v 0.464081 -0.453264 0.315227
v 0.464081 -0.434913 0.315227
v 0.464081 -0.356935 0.390241
v 0.464081 -0.392690 0.396251
v 0.438596 -0.392690 0.396251
v 0.438596 -0.356935 0.390241
v 0.464081 -0.357632 0.415676
v 0.438596 -0.357632 0.415676
v 0.464081 -0.427770 0.394532
v 0.438596 -0.427770 0.394532
v 0.464081 -0.434913 0.315227
v 0.438596 -0.434913 0.315227
v 0.464081 -0.453264 0.315227
v 0.438596 -0.453264 0.315227
v 0.440706 -0.392400 0.397413
v 0.440706 -0.370854 0.393686
v 0.441905 -0.373061 0.362676
v 0.441905 -0.393228 0.365543
v 0.443950 -0.396582 0.335854
v 0.443408 -0.408561 0.347089
v 0.445899 -0.438395 0.322336
v 0.443341 -0.438179 0.336146
v 0.461971 -0.392400 0.397413
v 0.460773 -0.393228 0.365543
v 0.460773 -0.373061 0.362676
v 0.461971 -0.370854 0.393686
v 0.459496 -0.408561 0.347089
v 0.458953 -0.396582 0.335854
v 0.458676 -0.438179 0.336146
v 0.456778 -0.438395 0.322336
v 0.461971 -0.370854 0.393686
v 0.460773 -0.373061 0.362676
v 0.441905 -0.373061 0.362676
v 0.440706 -0.370854 0.393686
v 0.460773 -0.393228 0.365543
v 0.461971 -0.392400 0.397413
v 0.440706 -0.392400 0.397413
v 0.441905 -0.393228 0.365543
v 0.458953 -0.396582 0.335854
v 0.443950 -0.396582 0.335854
v 0.459496 -0.408561 0.347089
v 0.443408 -0.408561 0.347089
v 0.456778 -0.438395 0.322336
v 0.445899 -0.438395 0.322336
v 0.458676 -0.438179 0.336146
v 0.443341 -0.438179 0.336146
v 0.502376 -0.328552 0.407789
v 0.365226 -0.328552 0.418121
v 0.365226 -0.328552 0.440254
v 0.502376 -0.328552 0.446882
v 0.365226 -0.453264 0.440254
v 0.502376 -0.453264 0.446882
v 0.365226 -0.453264 0.418121
v 0.502376 -0.453264 0.407789
v 0.502376 -0.453264 0.407789
v 0.365226 -0.453264 0.418121
v 0.365226 -0.328552 0.418121
v 0.502376 -0.328552 0.407789
v 0.225458 -0.328552 0.407813
v 0.225458 -0.453264 0.407813
v 0.225458 -0.453264 0.446857
v 0.225458 -0.328552 0.446857
v 0.502376 -0.453264 0.407789
v 0.502376 -0.328552 0.407789
v 0.225458 -0.453264 0.407813
v 0.225458 -0.453264 0.407813
v 0.225458 -0.328552 0.407813
v 0.225458 -0.328552 0.407813
v 0.257355 -0.356935 0.390241
v 0.257355 -0.392690 0.396251
v 0.257355 -0.395843 0.414817
v 0.257355 -0.357632 0.415676
v 0.257355 -0.434913 0.315227
v 0.257355 -0.453264 0.315227
v 0.282839 -0.356935 0.390241
v 0.282839 -0.357632 0.415676
v 0.282839 -0.395843 0.414817
v 0.282839 -0.392690 0.396251
v 0.282839 -0.453264 0.315227
v 0.282839 -0.434913 0.315227
v 0.282839 -0.356935 0.390241
v 0.282839 -0.392690 0.396251
v 0.257355 -0.392690 0.396251
v 0.257355 -0.356935 0.390241
v 0.282839 -0.357632 0.415676
v 0.257355 -0.357632 0.415676
v 0.282839 -0.427770 0.394532
v 0.257355 -0.427770 0.394532
v 0.282839 -0.434913 0.315227
v 0.257355 -0.434913 0.315227
v 0.282839 -0.453264 0.315227
v 0.257355 -0.453264 0.315227
v 0.259464 -0.392400 0.397413
v 0.259464 -0.370854 0.393686
v 0.260663 -0.373061 0.362676
v 0.260663 -0.393228 0.365543
v 0.262709 -0.396582 0.335854
v 0.262166 -0.408561 0.347089
v 0.264658 -0.438395 0.322336
v 0.262099 -0.438179 0.336146
v 0.280730 -0.392400 0.397413
v 0.279531 -0.393228 0.365543
v 0.279531 -0.373061 0.362676
v 0.280730 -0.370854 0.393686
v 0.278254 -0.408561 0.347089
v 0.277712 -0.396582 0.335854
v 0.277435 -0.438179 0.336146
v 0.275536 -0.438395 0.322336
v 0.280730 -0.370854 0.393686
v 0.279531 -0.373061 0.362676
v 0.260663 -0.373061 0.362676
v 0.259464 -0.370854 0.393686
v 0.279531 -0.393228 0.365543
v 0.280730 -0.392400 0.397413
v 0.259464 -0.392400 0.397413
v 0.260663 -0.393228 0.365543
v 0.277712 -0.396582 0.335854
v 0.262709 -0.396582 0.335854
v 0.278254 -0.408561 0.347089
v 0.262166 -0.408561 0.347089
v 0.275536 -0.438395 0.322336
v 0.264658 -0.438395 0.322336
v 0.277435 -0.438179 0.336146
v 0.262099 -0.438179 0.336146
v -0.277542 -0.356935 0.392889
v -0.277542 -0.392690 0.397847
v -0.277542 -0.395843 0.413165
v -0.277542 -0.357632 0.413874
v -0.277542 -0.434913 0.331001
v -0.277542 -0.453264 0.331001
v -0.250185 -0.356935 0.392889
v -0.250185 -0.357632 0.413874
v -0.250185 -0.395843 0.413165
v -0.250185 -0.392690 0.397847
v -0.250185 -0.453264 0.331001
v -0.250185 -0.434913 0.331001
v -0.250185 -0.356935 0.392889
v -0.250185 -0.392690 0.397847
v -0.277542 -0.392690 0.397847
v -0.277542 -0.356935 0.392889
v -0.250185 -0.357632 0.413874
v -0.277542 -0.357632 0.413874
v -0.250185 -0.427770 0.396429
v -0.277542 -0.427770 0.396429
v -0.250185 -0.434913 0.331001
v -0.277542 -0.434913 0.331001
v -0.250185 -0.453264 0.331001
v -0.277542 -0.453264 0.331001
v -0.275278 -0.392400 0.398806
v -0.275278 -0.370854 0.395731
v -0.273991 -0.373061 0.370147
v -0.273991 -0.393228 0.372512
v -0.271795 -0.396582 0.348019
v -0.272377 -0.408561 0.357288
v -0.269702 -0.438395 0.336866
v -0.272449 -0.438179 0.348260
v -0.252449 -0.392400 0.398806
v -0.253736 -0.393228 0.372512
v -0.253736 -0.373061 0.370147
v -0.252449 -0.370854 0.395731
v -0.255107 -0.408561 0.357288
v -0.255689 -0.396582 0.348019
v -0.255986 -0.438179 0.348260
v -0.258025 -0.438395 0.336866
v -0.252449 -0.370854 0.395731
v -0.253736 -0.373061 0.370147
v -0.273991 -0.373061 0.370147
v -0.275278 -0.370854 0.395731
v -0.253736 -0.393228 0.372512
v -0.252449 -0.392400 0.398806
v -0.275278 -0.392400 0.398806
v -0.273991 -0.393228 0.372512
v -0.255689 -0.396582 0.348019
v -0.271795 -0.396582 0.348019
v -0.255107 -0.408561 0.357288
v -0.272377 -0.408561 0.357288
v -0.258025 -0.438395 0.336866
v -0.269702 -0.438395 0.336866
v -0.255986 -0.438179 0.348260
v -0.272449 -0.438179 0.348260
v -0.231556 -0.328552 0.407366
v -0.361479 -0.328552 0.415891
v -0.361479 -0.328552 0.434151
v -0.231556 -0.328552 0.439620
v -0.361479 -0.453264 0.434151
v -0.231556 -0.453264 0.439620
v -0.361479 -0.453264 0.415891
v -0.231556 -0.453264 0.407366
v -0.231556 -0.453264 0.407366
v -0.361479 -0.453264 0.415891
v -0.361479 -0.328552 0.415891
v -0.231556 -0.328552 0.407366
v -0.493882 -0.328552 0.407387
v -0.493882 -0.453264 0.407387
v -0.493882 -0.453264 0.439599
v -0.493882 -0.328552 0.439599
v -0.231556 -0.453264 0.407366
v -0.231556 -0.328552 0.407366
v -0.493882 -0.453264 0.407387
v -0.493882 -0.453264 0.407387
v -0.493882 -0.328552 0.407387
v -0.493882 -0.328552 0.407387
v -0.462431 -0.356935 0.392889
v -0.462431 -0.392690 0.397847
v -0.462431 -0.395843 0.413165
v -0.462431 -0.357632 0.413874
v -0.462431 -0.434913 0.331001
v -0.462431 -0.453264 0.331001
v -0.435082 -0.356935 0.392889
v -0.435082 -0.357632 0.413874
v -0.435082 -0.395843 0.413165
v -0.435082 -0.392690 0.397847
v -0.435082 -0.453264 0.331001
v -0.435082 -0.434913 0.331001
v -0.435082 -0.356935 0.392889
v -0.435082 -0.392690 0.397847
v -0.462431 -0.392690 0.397847
v -0.462431 -0.356935 0.392889
v -0.435082 -0.357632 0.413874
v -0.462431 -0.357632 0.413874
v -0.435082 -0.427770 0.396429
v -0.462431 -0.427770 0.396429
v -0.435082 -0.434913 0.331001
v -0.462431 -0.434913 0.331001
v -0.435082 -0.453264 0.331001
v -0.462431 -0.453264 0.331001
v -0.460167 -0.392400 0.398806
v -0.460167 -0.370854 0.395731
v -0.458881 -0.373061 0.370147
v -0.458881 -0.393228 0.372512
v -0.456685 -0.396582 0.348019
v -0.457267 -0.408561 0.357288
v -0.454593 -0.438395 0.336866
v -0.457339 -0.438179 0.348260
v -0.437346 -0.392400 0.398806
v -0.438632 -0.393228 0.372512
v -0.438632 -0.373061 0.370147
v -0.437346 -0.370854 0.395731
v -0.440002 -0.408561 0.357288
v -0.440584 -0.396582 0.348019
v -0.440881 -0.438179 0.348260
v -0.442919 -0.438395 0.336866
v -0.437346 -0.370854 0.395731
v -0.438632 -0.373061 0.370147
v -0.458881 -0.373061 0.370147
v -0.460167 -0.370854 0.395731
v -0.438632 -0.393228 0.372512
v -0.437346 -0.392400 0.398806
v -0.460167 -0.392400 0.398806
v -0.458881 -0.393228 0.372512
v -0.440584 -0.396582 0.348019
v -0.456685 -0.396582 0.348019
v -0.440002 -0.408561 0.357288
v -0.457267 -0.408561 0.357288
v -0.442919 -0.438395 0.336866
v -0.454593 -0.438395 0.336866
v -0.440881 -0.438179 0.348260
v -0.457339 -0.438179 0.348260
v -0.181062 -0.295252 0.154481
v -0.171602 -0.304289 0.154481
v -0.168869 -0.298081 0.208830
v -0.175414 -0.291829 0.208830
v -0.158160 -0.305693 0.154481
v -0.159568 -0.299052 0.208830
v -0.145868 -0.298927 0.154481
v -0.151064 -0.294372 0.208830
v -0.139423 -0.286577 0.154481
v -0.146605 -0.285827 0.208830
v -0.141286 -0.273358 0.154481
v -0.147894 -0.276682 0.208830
v -0.141286 -0.273358 0.154481
v -0.150746 -0.264321 0.154481
v -0.154439 -0.270429 0.208830
v -0.147894 -0.276682 0.208830
v -0.164188 -0.262918 0.154481
v -0.163739 -0.269458 0.208830
v -0.176480 -0.269683 0.154481
v -0.172243 -0.274139 0.208830
v -0.182925 -0.282034 0.154481
v -0.176703 -0.282684 0.208830
v -0.175511 -0.269471 0.230530
v -0.164246 -0.263536 0.225535
v -0.151991 -0.265515 0.221150
v -0.143427 -0.274652 0.219052
v -0.143427 -0.274652 0.219052
v -0.141825 -0.287457 0.220040
v -0.147797 -0.299039 0.223738
v -0.159062 -0.304974 0.228733
v -0.171317 -0.302996 0.233118
v -0.179881 -0.293859 0.235216
v -0.181483 -0.281054 0.234228
v -0.147797 -0.299039 0.223738
v -0.141825 -0.287457 0.220040
v -0.175511 -0.269471 0.230530
v -0.181483 -0.281054 0.234228
v 0.172735 -0.271029 0.158262
v 0.171859 -0.257922 0.158262
v 0.165625 -0.260665 0.212836
v 0.166231 -0.269733 0.212836
v 0.162856 -0.247766 0.158262
v 0.159396 -0.253638 0.212836
v 0.149166 -0.244440 0.158262
v 0.149924 -0.251338 0.212836
v 0.136017 -0.249215 0.158262
v 0.140827 -0.254641 0.212836
v 0.128433 -0.260267 0.158262
v 0.135580 -0.262288 0.212836
v 0.128433 -0.260267 0.158262
v 0.129309 -0.273374 0.158262
v 0.136186 -0.271356 0.212836
v 0.135580 -0.262288 0.212836
v 0.138312 -0.283530 0.158262
v 0.142415 -0.278383 0.212836
v 0.152002 -0.286856 0.158262
v 0.151887 -0.280684 0.212836
v 0.165151 -0.282081 0.158262
v 0.160984 -0.277380 0.212836
v 0.151141 -0.286356 0.234626
v 0.138774 -0.283112 0.229610
v 0.131040 -0.273335 0.225208
v 0.130895 -0.260761 0.223100
v 0.130895 -0.260761 0.223100
v 0.138393 -0.250192 0.224093
v 0.150670 -0.245665 0.227806
v 0.163037 -0.248910 0.232822
v 0.170771 -0.258686 0.237225
v 0.170916 -0.271260 0.239332
v 0.163418 -0.281829 0.238339
v 0.150670 -0.245665 0.227806
v 0.138393 -0.250192 0.224093
v 0.151141 -0.286356 0.234626
v 0.163418 -0.281829 0.238339
v -0.173785 -0.209010 -0.000076
v -0.214239 -0.209010 -0.000076
v -0.234996 -0.209010 0.181010
v -0.187399 -0.209010 0.176927
v -0.187399 -0.209010 0.176927
v -0.234996 -0.448328 0.181010
v -0.187399 -0.448328 0.176928
v -0.214239 -0.448328 -0.000076
v -0.173785 -0.448328 -0.000076
v -0.173785 -0.209010 -0.000076
v -0.187399 -0.209010 0.176927
v -0.187399 -0.448328 0.176928
v 0.181187 -0.209010 -0.000076
v 0.194802 -0.209010 0.176927
v 0.242399 -0.209010 0.181010
v 0.221641 -0.209010 -0.000076
v 0.194802 -0.209010 0.176927
v 0.194802 -0.448328 0.176928
v 0.242399 -0.448328 0.181010
v 0.221641 -0.448328 -0.000076
v 0.181187 -0.448328 -0.000076
v 0.194802 -0.448328 0.176928
v 0.194802 -0.209010 0.176927
v 0.181187 -0.209010 -0.000076
v 0.195177 -0.236799 0.159738
v -0.187208 -0.236799 0.160356
v -0.187208 -0.449134 0.160356
v 0.195177 -0.449134 0.159738
v 0.182929 -0.236799 0.000058
v -0.175948 -0.236799 0.000058
v -0.027980 0.016243 0.016578
v 0.030901 0.009101 0.022569
v 0.030428 -0.020266 0.084240
v -0.046722 -0.010908 0.076391
v 0.082713 0.038111 0.027840
v 0.098317 0.017745 0.091147
v 0.107667 0.092192 0.030378
v 0.131013 0.088606 0.094473
v 0.096229 0.150687 0.029215
v 0.116026 0.165252 0.092949
v 0.052770 0.191254 0.024793
v 0.059083 0.218405 0.087155
v -0.006111 0.198396 0.018803
v -0.018068 0.227763 0.079306
v -0.057923 0.169386 0.013532
v -0.085957 0.189752 0.072399
v -0.082876 0.115305 0.010993
v -0.118652 0.118891 0.069073
v -0.071439 0.056810 0.012157
v -0.103666 0.042245 0.070598
v -0.027980 0.016243 0.016578
v -0.046722 -0.010908 0.076391
v -0.057504 -0.007001 0.200274
v 0.017018 -0.016041 0.207856
v 0.011885 0.010006 0.207730
v -0.046433 0.017080 0.201797
v 0.082593 0.020675 0.214527
v 0.063202 0.038739 0.212951
v 0.114174 0.089122 0.217740
v 0.087916 0.092303 0.215465
v 0.099699 0.163156 0.216267
v 0.076588 0.150239 0.214313
v 0.044695 0.214498 0.210672
v 0.033544 0.190417 0.209934
v -0.029827 0.223538 0.203090
v -0.024774 0.197491 0.204001
v -0.095402 0.186822 0.196419
v -0.076091 0.168759 0.198780
v -0.126983 0.118375 0.193206
v -0.100805 0.115195 0.196266
v -0.112508 0.044341 0.194678
v -0.089477 0.057258 0.197418
v -0.057504 -0.007001 0.200274
v -0.046433 0.017080 0.201797
v 0.015389 0.010006 0.171680
v -0.043178 0.017080 0.169198
v 0.066924 0.038739 0.173863
v 0.091744 0.092303 0.174915
v 0.080368 0.150239 0.174433
v 0.032204 0.179960 0.174535
v -0.019296 0.186180 0.172353
v -0.064613 0.160915 0.170433
v -0.086438 0.113813 0.169508
v -0.076435 0.062868 0.169932
v -0.043178 0.017080 0.169198
v -0.097406 0.194491 0.134516
v -0.131903 0.119725 0.131007
v -0.025776 0.234597 0.141804
v 0.055626 0.224723 0.150085
v 0.115707 0.168641 0.156198
v 0.131519 0.087772 0.157806
v 0.097022 0.013006 0.154297
v 0.025393 -0.027100 0.147010
v -0.056010 -0.017226 0.138728
v -0.116091 0.038856 0.132615
v -0.056010 -0.017226 0.138728
v -0.193249 -0.172675 -0.003610
v -0.097689 -0.121540 -0.003610
v -0.097689 -0.121540 0.061781
v -0.193249 -0.172675 0.061781
v -0.191045 -0.165399 0.069521
v -0.104966 -0.119337 0.069521
v -0.121388 -0.073887 0.069521
v -0.219748 -0.126520 0.069521
v -0.244384 -0.077115 0.061781
v -0.148824 -0.025980 0.061781
v -0.148824 -0.025980 -0.003610
v -0.244384 -0.077115 -0.003610
v -0.115920 -0.071085 -0.003610
v -0.115920 -0.071085 0.061781
v -0.225112 -0.129515 -0.003610
v -0.193249 -0.172675 -0.003610
v -0.193249 -0.172675 0.061781
v -0.225112 -0.129515 0.061781
v -0.104966 -0.119337 0.069521
v -0.191045 -0.165399 0.069521
v -0.121388 -0.073887 0.069521
v -0.237108 -0.079319 0.069521
v -0.151028 -0.033257 0.069521
v -0.191045 -0.165399 0.069521
v -0.219748 -0.126520 0.069521
v -0.151028 -0.033257 0.069521
v -0.237108 -0.079319 0.069521
v -0.218895 -0.060320 0.048261
v -0.148140 -0.059301 0.048261
v -0.150214 0.084736 0.054316
v -0.220970 0.083717 0.054316
v -0.148140 -0.059301 -0.006293
v -0.150214 0.084736 -0.006293
v -0.220970 0.083717 -0.006293
v -0.218895 -0.060320 -0.006293
v -0.151877 0.200144 -0.006293
v -0.151877 0.200144 0.048261
v -0.222632 0.199125 0.048261
v -0.222632 0.199125 -0.006293
v -0.153049 0.281552 -0.006293
v -0.153049 0.281552 0.048261
v -0.223804 0.280533 0.048261
v -0.223804 0.280533 -0.006293
v 0.191441 -0.144132 0.042900
v 0.192034 -0.073372 0.042900
v 0.047986 -0.072165 0.042900
v 0.047393 -0.142925 0.042900
v 0.192034 -0.073372 -0.051327
v 0.047986 -0.072165 -0.051327
v 0.047393 -0.142925 -0.051327
v 0.191441 -0.144132 -0.051327
v -0.067430 -0.071197 -0.051327
v -0.067430 -0.071197 0.057953
v -0.068023 -0.141957 0.057953
v -0.068023 -0.141958 -0.051327
v -0.148843 -0.070515 -0.051327
v -0.148843 -0.070515 0.042900
v -0.149436 -0.141275 0.042900
v -0.149436 -0.141275 -0.051327
v 0.271295 -0.057198 -0.003610
v 0.165147 -0.035310 -0.003610
v 0.165147 -0.035310 0.061781
v 0.271295 -0.057198 0.061781
v 0.264944 -0.061377 0.069521
v 0.169327 -0.041661 0.069521
v 0.152849 -0.087090 0.069521
v 0.262107 -0.109619 0.069521
v 0.249407 -0.163346 0.061781
v 0.143260 -0.141458 0.061781
v 0.143260 -0.141458 -0.003610
v 0.249407 -0.163346 -0.003610
v 0.146855 -0.085743 -0.003610
v 0.146855 -0.085743 0.061781
v 0.268145 -0.110753 -0.003610
v 0.271295 -0.057198 -0.003610
v 0.271295 -0.057198 0.061781
v 0.268145 -0.110753 0.061781
v 0.169327 -0.041661 0.069521
v 0.264944 -0.061377 0.069521
v 0.152849 -0.087090 0.069521
v 0.245228 -0.156995 0.069521
v 0.149610 -0.137278 0.069521
v 0.264944 -0.061377 0.069521
v 0.262107 -0.109619 0.069521
v 0.149610 -0.137278 0.069521
v 0.245228 -0.156995 0.069521
v 0.259379 0.261248 0.048261
v 0.188616 0.261248 0.048261
v 0.188616 0.117195 0.056181
v 0.259379 0.117195 0.056181
v 0.188616 0.261248 -0.006293
v 0.188616 0.117195 -0.006293
v 0.259379 0.117195 -0.006293
v 0.259379 0.261248 -0.006293
v 0.188616 0.001775 -0.006293
v 0.188616 0.001775 0.048261
v 0.259379 0.001775 0.048261
v 0.259379 0.001775 -0.006293
v 0.188616 -0.079641 -0.006293
v 0.188616 -0.079641 0.048261
v 0.259379 -0.079641 0.048261
v 0.259379 -0.079641 -0.006293
v 0.185931 0.374763 -0.003610
v 0.125565 0.284750 -0.003610
v 0.125565 0.284750 0.061780
v 0.185931 0.374763 0.061780
v 0.187402 0.367304 0.069521
v 0.133024 0.286220 0.069521
v 0.168862 0.253802 0.069521
v 0.230997 0.346452 0.069521
v 0.275944 0.314397 0.061780
v 0.215578 0.224384 0.061780
v 0.215578 0.224384 -0.003610
v 0.275944 0.314397 -0.003610
v 0.165350 0.248761 -0.003610
v 0.165350 0.248761 0.061780
v 0.234327 0.351615 -0.003610
v 0.185931 0.374763 -0.003610
v 0.185931 0.374763 0.061780
v 0.234327 0.351615 0.061780
v 0.133024 0.286220 0.069521
v 0.187402 0.367304 0.069521
v 0.168862 0.253802 0.069521
v 0.268485 0.312927 0.069521
v 0.214108 0.231843 0.069521
v 0.187402 0.367304 0.069521
v 0.230997 0.346452 0.069521
v 0.214108 0.231843 0.069521
v 0.268485 0.312927 0.069521
v -0.150027 0.360806 0.048261
v -0.151260 0.290054 0.048261
v -0.007230 0.287543 0.058608
v -0.005996 0.358295 0.058608
v -0.151260 0.290054 -0.006293
v -0.007230 0.287543 0.004054
v -0.005996 0.358295 -0.006293
v -0.150027 0.360806 -0.006293
v 0.108173 0.285531 -0.006293
v 0.108173 0.285531 0.048261
v 0.109406 0.356283 0.048261
v 0.109406 0.356283 -0.006293
v 0.189577 0.284112 -0.006293
v 0.189577 0.284112 0.048261
v 0.190810 0.354864 0.048261
v 0.190810 0.354864 -0.006293
v -0.254125 0.307878 -0.003610
v -0.176759 0.231977 -0.003610
v -0.176759 0.231977 0.061780
v -0.254125 0.307878 0.061780
v -0.246522 0.307951 0.069521
v -0.176832 0.239579 0.069521
v -0.138371 0.268838 0.069521
v -0.218003 0.346963 0.069521
v -0.178223 0.385244 0.061780
v -0.100858 0.309342 0.061780
v -0.100858 0.309342 -0.003610
v -0.178223 0.385244 -0.003610
v -0.134063 0.264458 -0.003610
v -0.134063 0.264458 0.061780
v -0.222465 0.351187 -0.003610
v -0.254125 0.307878 -0.003610
v -0.254125 0.307878 0.061780
v -0.222465 0.351187 0.061780
v -0.176832 0.239579 0.069521
v -0.246522 0.307951 0.069521
v -0.138371 0.268838 0.069521
v -0.178151 0.377641 0.069521
v -0.108460 0.309270 0.069521
v -0.246522 0.307951 0.069521
v -0.218003 0.346963 0.069521
v -0.108460 0.309270 0.069521
v -0.178151 0.377641 0.069521
v 0.197716 0.289197 -0.005561
v 0.016541 0.289197 0.012898
v 0.016541 0.108022 0.042422
v 0.197716 0.108022 0.023963
v -0.164634 0.289197 -0.005561
v -0.164634 0.108022 0.023963
v 0.016541 -0.073152 0.012898
v 0.197716 -0.073152 -0.005561
v -0.164634 -0.073152 -0.005561
v 0.341899 -0.209994 -0.009065
v 0.366517 -0.264484 -0.009065
v 0.377229 -0.254033 0.038065
v 0.356542 -0.206483 0.037992
v 0.412223 -0.297523 -0.009065
v 0.416462 -0.283238 0.037848
v 0.412223 -0.297523 -0.009065
v 0.471676 -0.310382 -0.009065
v 0.467860 -0.295111 0.037409
v 0.416462 -0.283238 0.037848
v 0.524863 -0.286947 -0.009065
v 0.514262 -0.275435 0.036835
v 0.557289 -0.238469 -0.009065
v 0.542967 -0.233792 0.036308
v 0.554253 -0.182978 -0.009065
v 0.541007 -0.185636 0.036046
v 0.540392 -0.122531 -0.009065
v 0.529720 -0.133051 0.035850
v 0.493503 -0.088189 -0.009065
v 0.489477 -0.102702 0.036071
v 0.435811 -0.090370 -0.009065
v 0.439424 -0.103892 0.036573
v 0.384463 -0.122120 -0.009065
v 0.394515 -0.130800 0.037174
v 0.346771 -0.155885 -0.009065
v 0.361422 -0.159622 0.037670
v 0.428039 -0.116660 0.076684
v 0.472094 -0.108154 0.075302
v 0.512213 -0.128929 0.076209
v 0.530079 -0.173629 0.079306
v 0.539039 -0.215812 0.082360
v 0.519921 -0.256820 0.085794
v 0.481866 -0.281088 0.088273
v 0.434662 -0.278272 0.088848
v 0.434662 -0.278272 0.088848
v 0.395608 -0.258356 0.087988
v 0.370189 -0.219497 0.085462
v 0.367469 -0.177436 0.082313
v 0.392389 -0.147084 0.079591
v 0.530079 -0.173629 0.079306
v 0.512213 -0.128929 0.076209
v 0.392389 -0.147084 0.079591
v 0.367469 -0.177436 0.082313
v 0.539039 -0.215812 0.082360
v 0.370189 -0.219497 0.085462
v 0.519921 -0.256820 0.085794
v 0.395608 -0.258356 0.087988
v 0.434662 -0.278272 0.088848
v 0.481866 -0.281088 0.088273
v 0.472094 -0.108154 0.075302
v 0.428039 -0.116660 0.076684
v 0.423677 -0.338018 0.053237
v 0.440080 -0.318740 0.053435
v 0.338065 -0.250402 0.042896
v 0.321661 -0.269680 0.042699
v 0.443183 -0.315717 0.009001
v 0.341168 -0.247379 -0.001538
v 0.443183 -0.315717 0.009001
v 0.412731 -0.360678 0.014417
v 0.310715 -0.292340 0.003878
v 0.341168 -0.247379 -0.001538
v 0.412731 -0.360678 0.014417
v 0.443183 -0.315717 0.009001
v 0.440080 -0.318740 0.053435
v 0.423677 -0.338018 0.053237
v 0.338065 -0.250402 0.042896
v 0.341168 -0.247379 -0.001538
v 0.310715 -0.292340 0.003878
v 0.321661 -0.269680 0.042699
v 0.338441 -0.118395 0.043288
v 0.350356 -0.140599 0.045689
v 0.451504 -0.070189 0.045725
v 0.439589 -0.047985 0.043323
v 0.357635 -0.145943 0.001967
v 0.458782 -0.075534 0.002003
v 0.357635 -0.145943 0.001967
v 0.326303 -0.101261 0.002064
v 0.427450 -0.030851 0.002099
v 0.458782 -0.075534 0.002003
v 0.326303 -0.101261 0.002064
v 0.357635 -0.145943 0.001967
v 0.350356 -0.140599 0.045689
v 0.338441 -0.118395 0.043288
v 0.451504 -0.070189 0.045725
v 0.458782 -0.075534 0.002003
v 0.427450 -0.030851 0.002099
v 0.439589 -0.047985 0.043323
v 0.328473 -0.277106 0.277824
v 0.314653 -0.281152 0.265830
v 0.323654 -0.273795 0.257849
v 0.334248 -0.270722 0.267450
v 0.302614 -0.268716 0.261203
v 0.314355 -0.264047 0.254117
v 0.304396 -0.252234 0.268569
v 0.315649 -0.251227 0.259986
v 0.318217 -0.248188 0.280563
v 0.326243 -0.248154 0.269588
v 0.330255 -0.260623 0.285191
v 0.335542 -0.257902 0.273319
v 0.330255 -0.260623 0.285191
v 0.335542 -0.257902 0.273319
v 0.302614 -0.268716 0.261203
v 0.314653 -0.281152 0.265830
v 0.318217 -0.248188 0.280563
v 0.304396 -0.252234 0.268569
v 0.328473 -0.277106 0.277824
v 0.330255 -0.260623 0.285191
v 0.475743 -0.211114 0.139207
v 0.467921 -0.212990 0.126615
v 0.460094 -0.202887 0.121365
v 0.460088 -0.190907 0.128707
v 0.467910 -0.189031 0.141299
v 0.475737 -0.199135 0.146549
v 0.450190 -0.207478 0.136479
v 0.450186 -0.199570 0.141325
v 0.460088 -0.190907 0.128707
v 0.460094 -0.202887 0.121365
v 0.455356 -0.214147 0.139944
v 0.467921 -0.212990 0.126615
v 0.460519 -0.212908 0.148256
v 0.475743 -0.211114 0.139207
v 0.460515 -0.205001 0.153102
v 0.475737 -0.199135 0.146549
v 0.455349 -0.198332 0.149636
v 0.467910 -0.189031 0.141299
v 0.455349 -0.198332 0.149636
v 0.467910 -0.189031 0.141299
v 0.407874 -0.224371 0.162898
v 0.407867 -0.209165 0.172217
v 0.446504 -0.194547 0.138605
v 0.446510 -0.208332 0.130157
v 0.417809 -0.237195 0.169562
v 0.407874 -0.224371 0.162898
v 0.446510 -0.208332 0.130157
v 0.455517 -0.219958 0.136198
v 0.427737 -0.234814 0.185545
v 0.464518 -0.217799 0.150689
v 0.427730 -0.219608 0.194864
v 0.464512 -0.204014 0.159137
v 0.417795 -0.206784 0.188200
v 0.455504 -0.192388 0.153095
v 0.411554 -0.223516 0.169220
v 0.411550 -0.214189 0.174937
v 0.450186 -0.199570 0.141325
v 0.450190 -0.207478 0.136479
v 0.417648 -0.231383 0.173308
v 0.411554 -0.223516 0.169220
v 0.450190 -0.207478 0.136479
v 0.455356 -0.214147 0.139944
v 0.423739 -0.229922 0.183113
v 0.460519 -0.212908 0.148256
v 0.423734 -0.220595 0.188829
v 0.460515 -0.205001 0.153102
v 0.417640 -0.212728 0.184741
v 0.455349 -0.198332 0.149636
v 0.346084 -0.239133 0.227197
v 0.355140 -0.236610 0.236868
v 0.389784 -0.223200 0.204686
v 0.382466 -0.225101 0.194937
v 0.345233 -0.250760 0.221380
v 0.382115 -0.235382 0.189179
v 0.353438 -0.259865 0.225234
v 0.389084 -0.243762 0.193170
v 0.362493 -0.257343 0.234904
v 0.396403 -0.241861 0.202919
v 0.363344 -0.245716 0.240721
v 0.396753 -0.231580 0.208677
v 0.363344 -0.245716 0.240721
v 0.396753 -0.231580 0.208677
v 0.417640 -0.212728 0.184741
v 0.411550 -0.214189 0.174937
v 0.411554 -0.223516 0.169220
v 0.417648 -0.231383 0.173308
v 0.423739 -0.229922 0.183113
v 0.423734 -0.220595 0.188829
v 0.423734 -0.220595 0.188829
v 0.423302 -0.205257 0.119740
v 0.439538 -0.204920 0.148943
v 0.448590 -0.201125 0.140748
v 0.436491 -0.199633 0.106472
v 0.404714 -0.219647 0.073808
v 0.409914 -0.208057 0.092423
v 0.378793 -0.230088 0.091297
v 0.387118 -0.217357 0.109451
v 0.405330 -0.212795 0.136058
v 0.428022 -0.209754 0.159454
v 0.386856 -0.220544 0.152829
v 0.412651 -0.216201 0.173401
v 0.430238 -0.224811 0.117889
v 0.443426 -0.219187 0.104620
v 0.453434 -0.214782 0.139455
v 0.444382 -0.218577 0.147649
v 0.441431 -0.217900 0.076654
v 0.416850 -0.227611 0.090571
v 0.394054 -0.236911 0.107599
v 0.412265 -0.232349 0.134205
v 0.432866 -0.223412 0.158161
v 0.369666 -0.248037 0.142316
v 0.393791 -0.240098 0.150977
v 0.417495 -0.229858 0.172107
v 0.453434 -0.214782 0.139455
v 0.443426 -0.219187 0.104620
v 0.393791 -0.240098 0.150977
v 0.417495 -0.229858 0.172107
v 0.090672 -0.505807 0.485693
v 0.087538 -0.492953 0.490711
v 0.067237 -0.495398 0.483847
v 0.070573 -0.509081 0.478504
v 0.087323 -0.479533 0.486421
v 0.067007 -0.481111 0.479279
v 0.090109 -0.470672 0.474459
v 0.069973 -0.471679 0.466545
v 0.094832 -0.469756 0.459396
v 0.075001 -0.470704 0.450510
v 0.099688 -0.477134 0.446984
v 0.080171 -0.478558 0.437298
v 0.102822 -0.489988 0.441965
v 0.083507 -0.492241 0.431955
v 0.103037 -0.503408 0.446257
v 0.083736 -0.506527 0.436523
v 0.100252 -0.512268 0.458218
v 0.080771 -0.515960 0.449256
v 0.095528 -0.513184 0.473281
v 0.075743 -0.516935 0.465292
v 0.095528 -0.513184 0.473281
v 0.075743 -0.516935 0.465292
v 0.087323 -0.479533 0.486421
v 0.087538 -0.492953 0.490711
v 0.100252 -0.512268 0.458218
v 0.103037 -0.503408 0.446257
v 0.090109 -0.470672 0.474459
v 0.102822 -0.489988 0.441965
v 0.094832 -0.469756 0.459396
v 0.099688 -0.477134 0.446984
v 0.090672 -0.505807 0.485693
v 0.095528 -0.513184 0.473281
v 0.108124 -0.496415 0.496376
v 0.103249 -0.487577 0.498064
v 0.086789 -0.493531 0.486667
v 0.089457 -0.504471 0.482396
v 0.102650 -0.477874 0.494509
v 0.086607 -0.482109 0.483015
v 0.106555 -0.471012 0.487069
v 0.088977 -0.474568 0.472835
v 0.113475 -0.469612 0.478586
v 0.092997 -0.473789 0.460015
v 0.120763 -0.474209 0.472299
v 0.097130 -0.480068 0.449451
v 0.125639 -0.483047 0.470611
v 0.099798 -0.491007 0.445180
v 0.126238 -0.492750 0.474166
v 0.099981 -0.502429 0.448832
v 0.122333 -0.499612 0.481607
v 0.097610 -0.509971 0.459012
v 0.115414 -0.501012 0.490090
v 0.093590 -0.510750 0.471833
v 0.115414 -0.501012 0.490090
v 0.093590 -0.510750 0.471833
v 0.125287 -0.483976 0.518942
v 0.120178 -0.478848 0.516992
v 0.119212 -0.471946 0.514012
v 0.122758 -0.465906 0.511138
v 0.129461 -0.463036 0.509470
v 0.136762 -0.464431 0.509646
v 0.141871 -0.469559 0.511597
v 0.142836 -0.476461 0.514577
v 0.139292 -0.482501 0.517450
v 0.132588 -0.485372 0.519118
v 0.132588 -0.485372 0.519118
v 0.125898 -0.472899 0.540138
v 0.122734 -0.470245 0.537627
v 0.121980 -0.466032 0.535475
v 0.123922 -0.461871 0.534504
v 0.127819 -0.459350 0.535085
v 0.132183 -0.459431 0.536996
v 0.135347 -0.462086 0.539507
v 0.136101 -0.466298 0.541658
v 0.134159 -0.470459 0.542629
v 0.130262 -0.472981 0.542048
v 0.130262 -0.472981 0.542048
v 0.119445 -0.461465 0.558425
v 0.119068 -0.459359 0.557349
v 0.119615 -0.464576 0.529437
v 0.121575 -0.475506 0.535021
v 0.120466 -0.457572 0.557981
v 0.128455 -0.456291 0.529400
v 0.120466 -0.457572 0.557981
v 0.122242 -0.457890 0.559688
v 0.139254 -0.458937 0.534949
v 0.128455 -0.456291 0.529400
v 0.122619 -0.459996 0.560763
v 0.141213 -0.469867 0.540532
v 0.121221 -0.461784 0.560132
v 0.132373 -0.478152 0.540568
v 0.122619 -0.459996 0.560763
v 0.122242 -0.457890 0.559688
v 0.120466 -0.457572 0.557981
v 0.121221 -0.461784 0.560132
v 0.119068 -0.459359 0.557349
v 0.119445 -0.461465 0.558425
v 0.128455 -0.456291 0.529400
v 0.139254 -0.458937 0.534949
v 0.141213 -0.469867 0.540532
v 0.132373 -0.478152 0.540568
v 0.121575 -0.475506 0.535021
v 0.119615 -0.464576 0.529437
v -0.078652 -0.509409 0.480392
v -0.058553 -0.512683 0.473204
v -0.055217 -0.499000 0.478546
v -0.075518 -0.496555 0.485411
v -0.054988 -0.484714 0.473978
v -0.075303 -0.483135 0.481120
v -0.057953 -0.475282 0.461245
v -0.078089 -0.474275 0.469158
v -0.062981 -0.474306 0.445209
v -0.082812 -0.473358 0.454095
v -0.068151 -0.482160 0.431997
v -0.087668 -0.480736 0.441684
v -0.071487 -0.495843 0.426654
v -0.090802 -0.493590 0.436665
v -0.071716 -0.510130 0.431223
v -0.091018 -0.507010 0.440956
v -0.068751 -0.519562 0.443956
v -0.088232 -0.515871 0.452918
v -0.063723 -0.520537 0.459991
v -0.083508 -0.516787 0.467981
v -0.083508 -0.516787 0.467981
v -0.063723 -0.520537 0.459991
v -0.075303 -0.483135 0.481120
v -0.091018 -0.507010 0.440956
v -0.088232 -0.515871 0.452918
v -0.075518 -0.496555 0.485411
v -0.078089 -0.474275 0.469158
v -0.090802 -0.493590 0.436665
v -0.082812 -0.473358 0.454095
v -0.087668 -0.480736 0.441684
v -0.083508 -0.516787 0.467981
v -0.078652 -0.509409 0.480392
v -0.096104 -0.500017 0.491076
v -0.077437 -0.508073 0.477095
v -0.074770 -0.497134 0.481367
v -0.091229 -0.491180 0.492764
v -0.074586 -0.485712 0.477715
v -0.090630 -0.481476 0.489208
v -0.076957 -0.478171 0.467534
v -0.094536 -0.474615 0.481769
v -0.080978 -0.477391 0.454714
v -0.101455 -0.473215 0.473285
v -0.085110 -0.483670 0.444151
v -0.108743 -0.477812 0.466999
v -0.087778 -0.494610 0.439879
v -0.113619 -0.486650 0.465311
v -0.087961 -0.506032 0.443531
v -0.114218 -0.496353 0.468866
v -0.085590 -0.513573 0.453712
v -0.110313 -0.503215 0.476306
v -0.081570 -0.514353 0.466532
v -0.103394 -0.504614 0.484789
v -0.103394 -0.504614 0.484789
v -0.081570 -0.514353 0.466532
v -0.108159 -0.482450 0.511691
v -0.113267 -0.487578 0.513642
v -0.107192 -0.475548 0.508710
v -0.110738 -0.469508 0.505837
v -0.117441 -0.466638 0.504170
v -0.124742 -0.468033 0.504345
v -0.129851 -0.473161 0.506296
v -0.130816 -0.480064 0.509277
v -0.127272 -0.486103 0.512150
v -0.120568 -0.488974 0.513817
v -0.120568 -0.488974 0.513817
v -0.110715 -0.473847 0.532326
v -0.113878 -0.476501 0.534836
v -0.109960 -0.469634 0.530174
v -0.111902 -0.465473 0.529203
v -0.115799 -0.462952 0.529784
v -0.120163 -0.463034 0.531694
v -0.123327 -0.465688 0.534205
v -0.124081 -0.469900 0.536357
v -0.122139 -0.474062 0.537328
v -0.118243 -0.476583 0.536747
v -0.118243 -0.476583 0.536747
v -0.107425 -0.465067 0.553124
v -0.109555 -0.479109 0.529720
v -0.107595 -0.468179 0.524136
v -0.107048 -0.462961 0.552049
v -0.116435 -0.459893 0.524100
v -0.108446 -0.461174 0.552679
v -0.108446 -0.461174 0.552679
v -0.116435 -0.459893 0.524100
v -0.127234 -0.462539 0.529647
v -0.110222 -0.461493 0.554386
v -0.129193 -0.473469 0.535231
v -0.110599 -0.463599 0.555462
v -0.120353 -0.481754 0.535266
v -0.109201 -0.465386 0.554832
v -0.110599 -0.463599 0.555462
v -0.109201 -0.465386 0.554832
v -0.108446 -0.461174 0.552679
v -0.110222 -0.461493 0.554386
v -0.107048 -0.462961 0.552049
v -0.107425 -0.465067 0.553124
v -0.116435 -0.459893 0.524100
v -0.120353 -0.481754 0.535266
v -0.129193 -0.473469 0.535231
v -0.127234 -0.462539 0.529647
v -0.107595 -0.468179 0.524136
v -0.109555 -0.479109 0.529720
v -0.651371 -0.264880 0.580126
v -0.652853 -0.265111 0.613382
v -0.605908 -0.238290 0.601110
v -0.627397 -0.251497 0.557140
v -0.637583 -0.255723 0.644775
v -0.618396 -0.244514 0.652901
v -0.651914 -0.263938 0.580108
v -0.627936 -0.250562 0.557122
v -0.606467 -0.237321 0.601092
v -0.653408 -0.264148 0.613364
v -0.618971 -0.243516 0.652882
v -0.638152 -0.254736 0.644756
v 0.562461 -0.230585 0.569612
v 0.562564 -0.230227 0.596720
v 0.549382 -0.271922 0.585482
v 0.555889 -0.251390 0.550265
v 0.557939 -0.244822 0.621865
v 0.552426 -0.262247 0.627969
v 0.563306 -0.230852 0.569612
v 0.556727 -0.251655 0.550265
v 0.550251 -0.272197 0.585482
v 0.563428 -0.230500 0.596720
v 0.553321 -0.262529 0.627969
v 0.558824 -0.245101 0.621865
v -0.151241 -0.278327 0.236079
v -0.151048 -0.278220 0.252211
v -0.173922 -0.290627 0.245523
v -0.162654 -0.284518 0.224566
v -0.151819 -0.277261 0.236079
v -0.163233 -0.283451 0.224566
v -0.174496 -0.289568 0.245523
v -0.151623 -0.277159 0.252211
v 0.142349 -0.269008 0.234220
v 0.142211 -0.269087 0.245822
v 0.158564 -0.259984 0.241012
v 0.150508 -0.264466 0.225940
v 0.142773 -0.269770 0.234220
v 0.150933 -0.265229 0.225940
v 0.158985 -0.260742 0.241012
v 0.142633 -0.269845 0.245822
v 0.493533 0.127796 0.145224
v 0.502496 0.116767 0.145224
v 0.513526 0.125729 0.145224
v 0.504563 0.136759 0.145224
v 0.721043 -0.575491 0.001923
v 0.721043 -0.575491 0.001923
v 0.721043 -0.114645 0.001923
v 0.721043 0.319177 0.001923
v 0.721043 0.741905 0.001923
v 0.721043 0.741905 0.001923
v 0.712765 0.464906 0.140744
v 0.712765 -0.289947 0.140847
v 0.712765 0.664804 0.140847
v 0.625179 0.448167 0.140744
v 0.625179 -0.273208 0.140847
v 0.625179 0.681543 0.140847
v 0.618911 -0.185947 0.264762
v 0.616327 -0.187438 0.314538
v 0.616018 -0.330770 0.246266
v 0.616018 -0.330770 0.316683
v 0.615534 0.075552 0.248478
v 0.614170 0.079190 0.299157
v 0.611262 0.359678 0.314656
v 0.610981 0.349125 0.262758
v 0.608245 0.510377 0.243607
v 0.608245 0.510377 0.322434
v 0.601870 0.086177 0.107347
v 0.601870 0.086177 0.152700
v 0.601870 0.086177 0.152700
v 0.596550 0.222300 0.152919
v 0.596288 0.293424 0.831582
v 0.596288 -0.300480 0.851847
v 0.596288 0.058102 0.851847
v 0.596288 0.473809 0.851847
v 0.596288 -0.157246 0.836648
v 0.593086 0.188087 0.152919
v 0.593086 0.188087 0.152919
v 0.590904 0.151411 0.160294
v 0.589580 0.118307 0.152700
v 0.589580 0.118307 0.152700
v 0.588814 0.063742 0.152700
v 0.584458 0.119065 0.160294
v 0.584458 0.119065 0.160294
v 0.581021 -0.315313 0.366718
v 0.581021 -0.321318 0.497918
v 0.579001 0.245786 0.152919
v 0.579001 0.245786 0.152919
v 0.578329 0.186388 0.160294
v 0.578329 0.186388 0.160294
v 0.573301 -0.334654 0.608310
v 0.572183 0.118340 0.144772
v 0.569168 0.302069 -0.001527
v 0.566730 0.286996 0.057697
v 0.565524 0.055611 0.144772
v 0.564554 -0.490319 0.140847
v 0.564554 -0.289472 0.140847
v 0.564554 0.464432 0.140847
v 0.564554 0.665279 0.140847
v 0.562683 -0.201352 0.348718
v 0.561827 0.145344 0.154594
v 0.560394 0.285925 -0.001527
v 0.560137 0.116544 0.149178
v 0.559599 0.098035 0.150163
v 0.559137 0.312471 0.057697
v 0.557900 0.261922 0.057697
v 0.557261 -0.224060 0.330738
v 0.556156 0.184260 0.144899
v 0.554953 0.194834 0.157003
v 0.554150 0.038421 0.164664
v 0.554150 0.038421 0.164664
v 0.554069 0.184027 0.149178
v 0.554057 0.297881 0.044730
v 0.553024 0.310842 -0.001527
v 0.549137 0.288826 0.044730
v 0.546950 0.256702 -0.001527
v 0.546372 0.112737 0.128785
v 0.546299 0.477082 0.429363
v 0.546299 0.477082 0.566385
v 0.546131 0.651097 0.429363
v 0.546131 0.651097 0.566385
v 0.545003 0.302801 0.044730
v 0.544751 0.243482 0.144899
v 0.544425 -0.290416 0.729349
v 0.542935 0.117825 -0.004393
v 0.542666 0.252342 0.166314
v 0.542666 0.252342 0.166314
v 0.539039 -0.215812 0.082360
v 0.538767 0.265128 0.044730
v 0.538573 0.240348 -0.001527
v 0.538020 0.328617 0.057697
v 0.536947 0.468195 0.452464
v 0.536947 0.468195 0.543284
v 0.536762 0.660163 0.452464
v 0.536762 0.660163 0.543284
v 0.536018 0.246828 0.057697
v 0.534068 0.255956 0.044730
v 0.533656 -0.443810 0.140847
v 0.533656 -0.335982 0.140847
v 0.533656 0.510941 0.140847
v 0.533656 0.618769 0.140847
v 0.533471 0.059663 0.128785
v 0.532362 0.074403 -0.004393
v 0.532142 0.199045 -0.004393
v 0.531518 -0.235275 0.330738
v 0.531147 -0.458150 0.366718
v 0.531147 -0.315313 0.366718
v 0.530412 0.142571 0.154594
v 0.529226 0.096671 0.150163
v 0.527909 -0.389896 0.140847
v 0.527909 0.564855 0.140847
v 0.527625 0.215155 0.128785
v 0.526804 0.327503 -0.001527
v 0.526055 -0.174033 0.303093
v 0.525831 0.117155 -0.004393
v 0.524897 0.260655 0.044730
v 0.524546 -0.177345 0.298478
v 0.524359 0.112698 0.128785
v 0.523593 0.315982 0.044730
v 0.523374 0.132678 0.181759
v 0.522220 0.248725 -0.001527
v 0.521745 0.116913 0.181759
v 0.521330 0.192004 0.157003
v 0.519586 -0.179506 0.298478
v 0.519548 0.161196 0.128785
v 0.517642 -0.175044 0.307707
v 0.516619 -0.201075 0.366699
v 0.516238 0.156483 -0.004393
v 0.516133 -0.178355 0.303093
v 0.514879 0.321484 0.044730
v 0.514091 -0.302021 0.429362
v 0.514091 -0.302021 0.566385
v 0.513379 0.144978 0.181759
v 0.513379 0.144978 0.181759
v 0.512213 -0.128929 0.076209
v 0.511608 0.039459 0.164664
v 0.511608 0.039459 0.164664
v 0.511445 0.329268 0.057697
v 0.511403 0.214520 0.128785
v 0.511268 0.337313 -0.001527
v 0.511197 -0.223782 0.348718
v 0.509445 0.106918 0.181759
v 0.509443 0.247479 0.057697
v 0.509377 0.312771 0.044730
v 0.508932 0.199004 -0.004393
v 0.504722 -0.292956 0.452463
v 0.504722 -0.292956 0.543284
v 0.503633 0.275438 0.044730
v 0.503330 0.253065 0.166314
v 0.503330 0.253065 0.166314
v 0.502376 -0.453264 0.446882
v 0.502376 -0.453264 0.446882
v 0.502376 -0.328552 0.446882
v 0.502376 -0.328552 0.446882
v 0.501458 0.321777 -0.001527
v 0.499470 0.289404 0.044730
v 0.497614 0.146608 0.181759
v 0.495580 0.267544 -0.001527
v 0.494568 0.280339 0.044730
v 0.493680 0.108547 0.181759
v 0.489563 0.314173 0.057697
v 0.488326 0.263625 0.057697
v 0.488158 0.292446 -0.001527
v 0.485314 0.136612 0.181759
v 0.483685 0.120847 0.181759
v 0.481866 -0.281088 0.088273
v 0.480732 0.289100 0.057697
v 0.479418 0.276284 -0.001527
v 0.475743 -0.211114 0.139207
v 0.475737 -0.199135 0.146549
v 0.472094 -0.108154 0.075302
v 0.471045 -0.244178 0.832425
v 0.471045 -0.244178 0.832425
v 0.467921 -0.212990 0.126615
v 0.464880 0.133073 0.155591
v 0.464577 0.105557 0.138312
v 0.464518 -0.217799 0.150689
v 0.464518 -0.217799 0.150689
v 0.464512 -0.204014 0.159137
v 0.464512 -0.204014 0.159137
v 0.464081 -0.434913 0.315227
v 0.464081 -0.356935 0.390241
v 0.464081 -0.427770 0.394532
v 0.463304 0.105951 0.133906
v 0.460519 -0.212908 0.148256
v 0.460515 -0.205001 0.153102
v 0.460094 -0.202887 0.121365
v 0.460088 -0.190907 0.128707
v 0.457917 0.173755 0.138312
v 0.457113 0.047579 0.133906
v 0.457047 0.159353 0.155591
v 0.455824 0.107224 0.157125
v 0.455517 -0.219958 0.136198
v 0.455517 -0.219958 0.136198
v 0.455504 -0.192388 0.153095
v 0.455504 -0.192388 0.153095
v 0.455356 -0.214147 0.139944
v 0.451504 -0.070189 0.045725
v 0.451037 0.173953 0.134033
v 0.450190 -0.207478 0.136479
v 0.450186 -0.199570 0.141325
v 0.448590 -0.201125 0.140748
v 0.446510 -0.208332 0.130157
v 0.446510 -0.208332 0.130157
v 0.446504 -0.194547 0.138605
v 0.446504 -0.194547 0.138605
v 0.440080 -0.318740 0.053435
v 0.439589 -0.047985 0.043323
v 0.439582 0.235011 0.134033
v 0.438596 -0.434913 0.315227
v 0.438596 -0.356935 0.390241
v 0.438596 -0.427770 0.394532
v 0.438507 0.136715 0.165099
v 0.436671 -0.207289 0.059471
v 0.436671 -0.207289 0.059471
v 0.436491 -0.199633 0.106472
v 0.435946 -0.238969 0.791555
v 0.435316 0.176025 0.157125
v 0.434677 0.146663 0.159163
v 0.434496 -0.198346 0.078506
v 0.433336 0.091678 0.159608
v 0.432074 0.131609 0.174924
v 0.431304 0.143154 0.156346
v 0.427737 -0.234814 0.185545
v 0.427737 -0.234814 0.185545
v 0.427730 -0.219608 0.194864
v 0.427730 -0.219608 0.194864
v 0.427450 -0.030851 0.002099
v 0.425184 0.139958 0.181631
v 0.424414 0.151504 0.163052
v 0.423739 -0.229922 0.183113
v 0.423677 -0.338018 0.053237
v 0.421811 0.136450 0.178814
v 0.420725 0.335532 -0.002659
v 0.417981 0.146398 0.172877
v 0.417809 -0.237195 0.169562
v 0.417809 -0.237195 0.169562
v 0.417795 -0.206784 0.188200
v 0.417795 -0.206784 0.188200
v 0.417648 -0.231383 0.173308
v 0.417640 -0.212728 0.184741
v 0.417450 0.131015 0.175660
v 0.417097 0.313096 0.085495
v 0.413626 0.143841 0.170259
v 0.412731 -0.360678 0.014417
v 0.412651 -0.216201 0.173401
v 0.411554 -0.223516 0.169220
v 0.411550 -0.214189 0.174937
v 0.407987 0.176722 0.159608
v 0.407874 -0.224371 0.162898
v 0.407874 -0.224371 0.162898
v 0.407867 -0.209165 0.172217
v 0.407867 -0.209165 0.172217
v 0.407666 0.311503 -0.002659
v 0.407592 0.121093 0.178361
v 0.406490 0.124789 0.184426
v 0.406007 0.092375 0.162091
v 0.405795 0.351016 0.085495
v 0.404714 -0.219647 0.073808
v 0.403953 0.275775 0.085495
v 0.401047 0.143051 0.161494
v 0.399945 0.146747 0.167559
v 0.398234 0.329298 0.066195
v 0.396695 0.348591 -0.002659
v 0.396403 -0.241861 0.202919
v 0.395128 0.024037 0.154833
v 0.395128 0.024037 0.154833
v 0.393911 0.123998 0.175660
v 0.391170 -0.426738 0.484556
v 0.390910 0.315821 0.066195
v 0.390087 0.136825 0.170259
v 0.389784 -0.223200 0.204686
v 0.389559 0.083348 0.148428
v 0.389488 -0.411402 0.456599
v 0.389084 -0.243762 0.193170
v 0.387654 0.268004 -0.002659
v 0.386891 -0.429029 0.517152
v 0.386856 -0.220544 0.152829
v 0.385499 0.161176 0.162091
v 0.384757 0.336623 0.066195
v 0.384276 0.109047 0.163625
v 0.383064 0.130917 0.152636
v 0.382466 -0.225101 0.194937
v 0.382297 -0.387130 0.440775
v 0.382115 -0.235382 0.189179
v 0.381670 0.096051 0.128785
v 0.378793 -0.230088 0.091297
v 0.378134 0.101109 -0.004393
v 0.377799 -0.417661 0.545657
v 0.377689 0.177267 0.154924
v 0.376442 0.135327 0.163625
v 0.375474 0.280547 0.066195
v 0.375185 0.243663 -0.002659
v 0.374362 0.375049 0.085495
v 0.373210 -0.176609 0.900819
v 0.373210 -0.176609 0.900819
v 0.371829 -0.319472 0.496723
v 0.371523 -0.360427 0.441323
v 0.371523 -0.360427 0.441323
v 0.371383 0.253308 0.085495
v 0.368585 0.042922 0.128785
v 0.368481 0.266895 0.066195
v 0.367513 0.182380 -0.004393
v 0.367469 -0.177436 0.082313
v 0.366839 0.057472 -0.004393
v 0.366707 -0.326164 0.475067
v 0.366589 0.238693 0.157797
v 0.366589 0.238693 0.157797
v 0.366329 -0.395681 0.562429
v 0.365226 -0.453264 0.440254
v 0.365226 -0.328552 0.440254
v 0.363244 0.198565 0.128785
v 0.362730 -0.228483 0.144168
v 0.362493 -0.257343 0.234904
v 0.361303 0.075052 0.148428
v 0.360971 -0.322270 0.501280
v 0.360889 0.037224 0.144772
v 0.360500 0.100281 -0.004393
v 0.360053 -0.338447 0.458095
v 0.359515 0.095970 0.128785
v 0.359250 -0.176609 0.848097
v 0.359032 0.022894 0.154833
v 0.359032 0.022894 0.154833
v 0.357668 0.373391 -0.002659
v 0.355849 -0.328962 0.479625
v 0.355555 -0.368978 0.562977
v 0.355140 -0.236610 0.236868
v 0.354845 0.122523 0.152636
v 0.354829 0.273888 0.066195
v 0.354426 0.144384 0.128785
v 0.353438 -0.259865 0.225234
v 0.352888 0.356243 0.066195
v 0.351426 0.139764 -0.004393
v 0.351118 0.093980 0.149178
v 0.350961 -0.327079 0.486600
v 0.350844 0.256132 -0.002659
v 0.350576 -0.243401 0.137634
v 0.350576 -0.243401 0.137634
v 0.350356 -0.140599 0.045689
v 0.350083 -0.316348 0.473251
v 0.348749 -0.307422 0.487408
v 0.348364 -0.344706 0.547153
v 0.347066 -0.322320 0.478987
v 0.346682 -0.329370 0.519196
v 0.346518 0.197779 0.128785
v 0.346084 -0.239133 0.227197
v 0.346062 0.169733 0.154924
v 0.345731 -0.313394 0.493143
v 0.345233 -0.250760 0.221380
v 0.344658 0.034755 0.149888
v 0.344658 0.034755 0.149888
v 0.344161 0.093361 0.144772
v 0.344155 0.182295 -0.004393
v 0.340945 -0.301320 0.474375
v 0.340945 -0.301320 0.474375
v 0.340295 -0.305419 0.476550
v 0.340125 -0.313931 0.464035
v 0.340125 -0.313931 0.464035
v 0.339918 0.364432 0.066195
v 0.339289 -0.313042 0.470052
v 0.338568 -0.304843 0.483644
v 0.338441 -0.118395 0.043288
v 0.338232 -0.300395 0.485781
v 0.338232 -0.300395 0.485781
v 0.338065 -0.250402 0.042896
v 0.336739 0.161651 0.149178
v 0.335895 -0.318446 0.475271
v 0.335294 -0.322877 0.472893
v 0.335294 -0.322877 0.472893
v 0.335173 -0.310247 0.488865
v 0.334844 0.161260 0.144899
v 0.334806 0.376017 0.085495
v 0.334543 0.387992 -0.002659
v 0.334248 -0.270722 0.267450
v 0.333431 -0.309387 0.494624
v 0.333431 -0.309387 0.494624
v 0.332003 -0.320643 0.487933
v 0.332003 -0.320643 0.487933
v 0.331826 0.254276 0.085495
v 0.331729 0.351462 0.066195
v 0.330401 0.058206 0.149888
v 0.328473 -0.277106 0.277824
v 0.328119 0.216432 0.144899
v 0.326800 0.226012 0.157797
v 0.326800 0.226012 0.157797
v 0.326303 -0.101261 0.002064
v 0.326243 -0.248154 0.269588
v 0.325584 0.089083 0.149888
v 0.325584 0.089083 0.149888
v 0.323654 -0.273795 0.257849
v 0.323448 -0.312300 0.460510
v 0.323178 0.295893 0.066195
v 0.323012 -0.320385 0.469524
v 0.321661 -0.269680 0.042699
v 0.320509 -0.444034 0.473706
v 0.319941 0.364867 -0.002659
v 0.319833 -0.300993 0.468534
v 0.319203 0.087578 0.156351
v 0.319203 0.087578 0.156351
v 0.319164 -0.431639 0.451021
v 0.318939 -0.307735 0.488459
v 0.318217 -0.248188 0.280563
v 0.317875 -0.300092 0.479089
v 0.317026 -0.445872 0.500172
v 0.316982 0.316681 0.066195
v 0.315649 -0.251227 0.259986
v 0.315354 0.156860 0.150074
v 0.315354 0.156860 0.150074
v 0.314653 -0.281152 0.265830
v 0.314355 -0.264047 0.254117
v 0.313353 -0.412011 0.438195
v 0.311192 0.284143 -0.002659
v 0.310715 -0.292340 0.003878
v 0.309686 0.303189 0.066195
v 0.309650 -0.436663 0.523326
v 0.309309 0.212467 0.150074
v 0.309309 0.212467 0.150074
v 0.307523 -0.327300 0.466312
v 0.306193 0.117136 0.156351
v 0.306128 0.183450 0.150074
v 0.305797 0.154635 0.156351
v 0.305797 0.154635 0.156351
v 0.304632 -0.390407 0.438664
v 0.304632 -0.390407 0.438664
v 0.304396 -0.252234 0.268569
v 0.303958 -0.321016 0.456112
v 0.302614 -0.268716 0.261203
v 0.302235 0.353550 0.085495
v 0.300394 0.278310 0.085495
v 0.300357 -0.418873 0.536966
v 0.300143 0.321209 -0.002659
v 0.299285 -0.309153 0.464178
v 0.299264 -0.315653 0.484535
v 0.295782 -0.339477 0.463620
v 0.295782 -0.339477 0.463620
v 0.295339 -0.372617 0.452303
v 0.295335 -0.451661 0.469319
v 0.294061 -0.439918 0.447825
v 0.292064 -0.336953 0.480608
v 0.292064 -0.336953 0.480608
v 0.292035 -0.453403 0.494395
v 0.291807 -0.336269 0.465214
v 0.291636 -0.397269 0.537435
v 0.289091 0.316229 0.085495
v 0.288895 -0.333510 0.450943
v 0.288895 -0.333510 0.450943
v 0.288555 -0.421320 0.435672
v 0.287963 -0.363407 0.475458
v 0.287135 0.297152 -0.002659
v 0.287078 -0.332869 0.457267
v 0.286886 -0.369719 0.469766
v 0.285825 -0.377640 0.524608
v 0.285046 -0.444677 0.516333
v 0.284480 -0.365246 0.501924
v 0.282839 -0.434913 0.315227
v 0.282839 -0.356935 0.390241
v 0.282839 -0.427770 0.394532
v 0.282446 -0.329726 0.478837
v 0.281886 -0.351822 0.466983
v 0.281886 -0.351822 0.466983
v 0.281374 -0.328405 0.485313
v 0.281374 -0.328405 0.485313
v 0.280824 -0.373319 0.463280
v 0.280292 -0.400850 0.436117
v 0.280292 -0.400850 0.436117
v 0.280157 -0.350648 0.474883
v 0.278937 -0.327140 0.462623
v 0.277722 -0.326285 0.470906
v 0.276974 -0.351947 0.461263
v 0.276657 -0.323707 0.459579
v 0.276657 -0.323707 0.459579
v 0.276471 -0.370365 0.483171
v 0.276241 -0.427821 0.529257
v 0.275944 0.314397 -0.003610
v 0.275944 0.314397 0.061780
v 0.274522 -0.322363 0.472659
v 0.273411 -0.349579 0.477077
v 0.271487 -0.383994 0.449040
v 0.270408 -0.373965 0.476684
v 0.270390 -0.375147 0.471478
v 0.269455 -0.350569 0.465282
v 0.268485 0.312927 0.069521
v 0.268478 -0.349658 0.471374
v 0.267978 -0.407352 0.529701
v 0.264498 -0.375268 0.470978
v 0.262472 -0.388754 0.517549
v 0.261198 -0.377010 0.496054
v 0.259379 -0.079641 0.048261
v 0.259379 0.001775 0.048261
v 0.259379 0.261248 0.048261
v 0.259379 0.117195 0.056181
v 0.257355 -0.434913 0.315227
v 0.257355 -0.356935 0.390241
v 0.257355 -0.427770 0.394532
v 0.254362 -0.447635 0.656175
v 0.254362 -0.417421 0.656175
v 0.254362 -0.417421 0.656175
v 0.249407 -0.163346 -0.003610
v 0.249407 -0.163346 0.061781
v 0.248290 -0.417421 0.649665
v 0.247081 -0.448569 0.737320
v 0.247081 -0.411461 0.737320
v 0.245228 -0.156995 0.069521
v 0.245183 -0.417421 0.717620
v 0.242399 -0.448328 0.181010
v 0.242399 -0.209010 0.181010
v 0.242399 -0.209010 0.181010
v 0.225458 -0.453264 0.446857
v 0.225458 -0.453264 0.446857
v 0.225458 -0.328552 0.446857
v 0.225458 -0.328552 0.446857
v 0.221641 -0.209010 -0.000076
v 0.215578 0.224384 -0.003610
v 0.215578 0.224384 0.061780
v 0.214108 0.231843 0.069521
v 0.213995 -0.417421 0.684179
v 0.202253 -0.409266 0.447416
v 0.200853 -0.448569 0.608646
v 0.200853 -0.411461 0.608646
v 0.197887 -0.408631 0.343416
v 0.195177 -0.236799 0.159738
v 0.192034 -0.073372 0.042900
v 0.191441 -0.144132 0.042900
v 0.190810 0.354864 0.048261
v 0.189577 0.284112 0.048261
v 0.188616 -0.079641 0.048261
v 0.188616 0.001775 0.048261
v 0.188616 0.261248 0.048261
v 0.188616 0.117195 0.056181
v 0.187839 -0.418841 0.155999
v 0.185604 -0.418841 0.619448
v 0.183765 -0.418841 0.405468
v 0.176479 -0.337435 0.329128
v 0.176479 -0.337435 0.329128
v 0.173571 -0.448569 0.699647
v 0.173571 -0.411461 0.699647
v 0.173274 -0.337435 0.293854
v 0.172251 -0.573651 0.629387
v 0.172251 -0.447121 0.629387
v 0.170962 -0.448569 0.670043
v 0.170962 -0.411461 0.670043
v 0.169327 -0.041661 0.069521
v 0.167725 -0.456184 0.421160
v 0.166506 -0.448569 0.772850
v 0.166506 -0.411461 0.772850
v 0.165147 -0.035310 -0.003610
v 0.165147 -0.035310 0.061781
v 0.164699 -0.456184 0.373593
v 0.162781 -0.331314 0.326087
v 0.158964 -0.337435 0.259908
v 0.158077 -0.573651 -0.000154
v 0.150433 -0.355117 0.373239
v 0.150433 -0.320009 0.373239
v 0.150307 -0.418841 0.407394
v 0.149610 -0.137278 0.069521
v 0.146232 -0.408631 0.350403
v 0.144497 -0.418841 0.155600
v 0.144312 -0.418841 0.623882
v 0.143295 -0.349879 0.321760
v 0.143295 -0.324990 0.321760
v 0.143295 -0.324990 0.321760
v 0.143260 -0.141458 -0.003610
v 0.143260 -0.141458 0.061781
v 0.141213 -0.469867 0.540532
v 0.140534 -0.355117 0.395124
v 0.140534 -0.320009 0.395124
v 0.140354 -0.337435 0.244318
v 0.140056 -0.448569 0.718762
v 0.140056 -0.411461 0.718762
v 0.139709 -0.353414 0.314261
v 0.139709 -0.321455 0.314261
v 0.139709 -0.321455 0.314261
v 0.139254 -0.458937 0.534949
v 0.138527 -0.353511 0.366454
v 0.138527 -0.321615 0.366454
v 0.138009 -0.409266 0.440060
v 0.135585 -0.337563 0.406067
v 0.133024 0.286220 0.069521
v 0.132373 -0.478152 0.540568
v 0.131133 -0.353511 0.386968
v 0.131133 -0.321615 0.386968
v 0.127435 -0.337563 0.397225
v 0.125565 0.284750 -0.003610
v 0.125565 0.284750 0.061780
v 0.125277 -0.394483 0.215549
v 0.125277 -0.394483 0.215549
v 0.124209 -0.274017 0.215549
v 0.124209 -0.274017 0.215549
v 0.122619 -0.459996 0.560763
v 0.122242 -0.457890 0.559688
v 0.121763 -0.448569 0.661192
v 0.121763 -0.411461 0.661192
v 0.121575 -0.475506 0.535021
v 0.121221 -0.461784 0.560132
v 0.121004 -0.325500 0.215549
v 0.120799 -0.337563 0.345554
v 0.120799 -0.337563 0.345554
v 0.119615 -0.464576 0.529437
v 0.119445 -0.461465 0.558425
v 0.119152 -0.352729 0.356044
v 0.119152 -0.352729 0.356044
v 0.119152 -0.322398 0.356044
v 0.119152 -0.322398 0.356044
v 0.119068 -0.459359 0.557349
v 0.118510 -0.346812 0.360137
v 0.118510 -0.328314 0.360136
v 0.116841 -0.330610 0.347841
v 0.116500 -0.346812 0.372933
v 0.116500 -0.328314 0.372933
v 0.116048 -0.337435 0.234843
v 0.115858 -0.352729 0.377025
v 0.115858 -0.352729 0.377025
v 0.115858 -0.322398 0.377025
v 0.115858 -0.322398 0.377025
v 0.115496 -0.337563 0.379331
v 0.114210 -0.337563 0.387516
v 0.114210 -0.337563 0.387516
v 0.114174 0.089122 0.217740
v 0.109406 0.356283 0.048261
v 0.108173 0.285531 0.048261
v 0.100242 -0.361301 0.332992
v 0.100242 -0.313826 0.332992
v 0.099699 0.163156 0.216267
v 0.092311 -0.343686 0.377306
v 0.092311 -0.332030 0.377306
v 0.089578 -0.347241 0.401930
v 0.089578 -0.328476 0.401930
v 0.087916 0.092303 0.215465
v 0.085052 -0.337435 0.239781
v 0.084424 -0.361301 0.370030
v 0.084424 -0.313826 0.370030
v 0.083704 -0.353414 0.292965
v 0.083704 -0.321455 0.292965
v 0.083704 -0.321455 0.292965
v 0.082855 -0.326202 0.371622
v 0.082836 -0.386786 0.199666
v 0.082836 -0.281039 0.199666
v 0.082593 0.020675 0.214527
v 0.082481 -0.325500 0.206902
v 0.080368 0.150239 0.174433
v 0.076846 -0.330610 0.325114
v 0.076783 -0.273006 0.206902
v 0.076783 -0.273006 0.206902
v 0.076588 0.150239 0.214313
v 0.076588 0.150239 0.214313
v 0.075774 -0.337563 0.317737
v 0.075774 -0.337563 0.317737
v 0.073770 -0.319093 0.394205
v 0.073597 -0.324990 0.275141
v 0.073398 -0.343686 0.365938
v 0.073398 -0.332030 0.365938
v 0.073222 -0.395157 0.206902
v 0.073222 -0.395157 0.206902
v 0.070233 -0.322398 0.326274
v 0.070233 -0.322398 0.326274
v 0.070233 -0.352729 0.326274
v 0.070233 -0.352729 0.326274
v 0.068071 -0.346812 0.329605
v 0.068071 -0.328314 0.329605
v 0.067865 0.141871 0.267983
v 0.063202 0.038739 0.212951
v 0.062247 0.168646 0.267170
v 0.061313 -0.346812 0.340018
v 0.061313 -0.328314 0.340018
v 0.059984 -0.343555 0.266330
v 0.059984 -0.331314 0.266330
v 0.059984 -0.331314 0.266330
v 0.059151 -0.352729 0.343349
v 0.059151 -0.352729 0.343349
v 0.059151 -0.322398 0.343349
v 0.059151 -0.322398 0.343349
v 0.057963 -0.347241 0.386481
v 0.057963 -0.328476 0.386481
v 0.057934 -0.337563 0.345225
v 0.055125 -0.337435 0.252007
v 0.055125 -0.337435 0.252007
v 0.054386 -0.322968 0.270191
v 0.054386 -0.322968 0.270191
v 0.053610 -0.337563 0.351886
v 0.053610 -0.337563 0.351886
v 0.052750 -0.322968 0.301897
v 0.052750 -0.322968 0.301897
v 0.051569 -0.321874 0.191459
v 0.048713 -0.326348 0.277540
v 0.047986 -0.072165 0.042900
v 0.047969 0.123871 0.273397
v 0.047393 -0.142925 0.042900
v 0.045416 -0.326325 0.231339
v 0.044695 0.214498 0.210672
v 0.038814 -0.348386 0.305780
v 0.038814 -0.326740 0.305780
v 0.036733 0.177422 0.271772
v 0.033544 0.190417 0.209934
v 0.032710 -0.348386 0.319273
v 0.032710 -0.326740 0.319273
v 0.030656 -0.326325 0.230408
v 0.029659 -0.337563 0.326020
v 0.029571 0.135999 0.151956
v 0.026875 -0.434423 0.437641
v 0.026172 0.152199 0.151464
v 0.025567 -0.445048 0.484215
v 0.025189 -0.564585 0.484996
v 0.025067 -0.326348 0.277540
v 0.023882 -0.448282 0.507913
v 0.023528 -0.561014 0.508837
v 0.021946 -0.426600 0.394045
v 0.021946 -0.426600 0.394045
v 0.021273 -0.321874 0.189244
v 0.020678 -0.454235 0.529610
v 0.020371 -0.554436 0.530419
v 0.019309 -0.322968 0.274988
v 0.019309 -0.322968 0.274988
v 0.017533 0.125108 0.155232
v 0.017464 -0.463093 0.548734
v 0.017201 -0.545012 0.549451
v 0.017018 -0.016041 0.207856
v 0.016837 0.159422 0.277186
v 0.015181 -0.474635 0.564200
v 0.014989 -0.533123 0.564771
v 0.014709 -0.380872 0.191148
v 0.014072 -0.487893 0.574196
v 0.013936 -0.518949 0.574853
v 0.013678 -0.503183 0.578140
v 0.013537 -0.322968 0.288986
v 0.013537 -0.322968 0.288986
v 0.011885 0.010006 0.207730
v 0.010735 0.157509 0.154248
v 0.008655 -0.276384 0.191148
v 0.006534 -0.346776 0.294361
v 0.006534 -0.328351 0.294361
v 0.006191 -0.438617 0.381588
v 0.005993 -0.425094 0.384050
v 0.005993 -0.425094 0.384050
v 0.003103 -0.346776 0.306540
v 0.003103 -0.328351 0.306540
v 0.001388 -0.337563 0.312629
v 0.000534 -0.448569 0.687264
v 0.000534 -0.411461 0.687264
v -0.000000 -0.176609 0.920200
v -0.000381 -0.448569 0.754350
v -0.000381 -0.411461 0.754350
v -0.001303 0.146618 0.157524
v -0.001530 -0.573651 0.713749
v -0.001530 -0.447121 0.713749
v -0.005192 -0.502162 0.577600
v -0.005319 -0.486844 0.573640
v -0.005407 -0.517902 0.574299
v -0.005911 -0.473494 0.563596
v -0.005996 0.358295 0.058608
v -0.006112 -0.531981 0.564167
v -0.007230 0.287543 0.058608
v -0.007451 -0.461744 0.548021
v -0.007734 -0.543663 0.548737
v -0.009780 -0.452587 0.528738
v -0.010139 -0.552785 0.529545
v -0.010334 -0.427058 0.393120
v -0.010334 -0.427058 0.393120
v -0.012005 -0.446340 0.506886
v -0.012401 -0.559070 0.507808
v -0.012645 -0.442980 0.483121
v -0.013054 -0.562516 0.483901
v -0.016967 -0.435045 0.436385
v -0.019621 -0.349478 0.285460
v -0.019621 -0.325649 0.285460
v -0.022175 -0.349478 0.301950
v -0.022175 -0.325649 0.301950
v -0.023452 -0.337563 0.310195
v -0.024774 0.197491 0.204001
v -0.029827 0.223538 0.203090
v -0.036991 -0.281929 0.190067
v -0.043401 -0.386786 0.190067
v -0.044584 -0.322968 0.244861
v -0.044584 -0.322968 0.244861
v -0.046407 -0.322968 0.268930
v -0.046407 -0.322968 0.268930
v -0.046433 0.017080 0.201797
v -0.046433 0.017080 0.201797
v -0.048453 -0.321874 0.190311
v -0.048498 -0.326348 0.251539
v -0.050474 -0.347898 0.281229
v -0.050474 -0.327229 0.281229
v -0.051528 -0.337563 0.267524
v -0.051528 -0.337563 0.267524
v -0.052690 -0.347898 0.295533
v -0.052690 -0.327229 0.295533
v -0.052928 -0.352161 0.277678
v -0.052928 -0.352161 0.277678
v -0.052928 -0.322966 0.277678
v -0.052928 -0.322966 0.277678
v -0.053798 -0.337563 0.302685
v -0.055725 -0.352120 0.297919
v -0.055725 -0.352120 0.297919
v -0.055725 -0.323006 0.297919
v -0.055725 -0.323006 0.297919
v -0.057120 -0.337563 0.307988
v -0.057120 -0.337563 0.307988
v -0.057504 -0.007001 0.200274
v -0.057504 -0.007001 0.200274
v -0.059011 -0.326325 0.224149
v -0.067430 -0.071197 0.057953
v -0.068023 -0.141957 0.057953
v -0.075773 -0.326325 0.223588
v -0.076091 0.168759 0.198780
v -0.077050 -0.321874 0.194269
v -0.080353 -0.326348 0.249187
v -0.084176 -0.272669 0.206902
v -0.084176 -0.272669 0.206902
v -0.085244 -0.393471 0.206902
v -0.085244 -0.393471 0.206902
v -0.087109 -0.322968 0.262334
v -0.087109 -0.322968 0.262334
v -0.088392 -0.322968 0.247061
v -0.088392 -0.322968 0.247061
v -0.088806 -0.331039 0.206902
v -0.088875 -0.386786 0.199176
v -0.088875 -0.281039 0.199176
v -0.089477 0.057258 0.197418
v -0.092754 -0.349750 0.271268
v -0.092754 -0.325376 0.271268
v -0.095138 -0.325404 0.288162
v -0.095138 -0.349723 0.288162
v -0.095402 0.186822 0.196419
v -0.096328 -0.337563 0.296573
v -0.097689 -0.121540 -0.003610
v -0.097689 -0.121540 0.061781
v -0.100805 0.115195 0.196266
v -0.100858 0.309342 -0.003610
v -0.100858 0.309342 0.061780
v -0.104966 -0.119337 0.069521
v -0.107048 -0.462961 0.552049
v -0.107425 -0.465067 0.553124
v -0.107595 -0.468179 0.524136
v -0.108460 0.309270 0.069521
v -0.109201 -0.465386 0.554832
v -0.109555 -0.479109 0.529720
v -0.110222 -0.461493 0.554386
v -0.110599 -0.463599 0.555462
v -0.112508 0.044341 0.194678
v -0.119893 -0.333398 0.213027
v -0.120353 -0.481754 0.535266
v -0.121505 -0.448569 0.652003
v -0.121505 -0.411461 0.652003
v -0.124879 -0.397516 0.213027
v -0.124879 -0.397516 0.213027
v -0.125617 -0.409266 0.440177
v -0.126983 0.118375 0.193206
v -0.127016 -0.274354 0.213027
v -0.127016 -0.274354 0.213027
v -0.127234 -0.462539 0.529647
v -0.129193 -0.473469 0.535231
v -0.130993 -0.337563 0.243671
v -0.130993 -0.337563 0.243671
v -0.132978 -0.357530 0.257537
v -0.132978 -0.357530 0.257537
v -0.132978 -0.317597 0.257536
v -0.132978 -0.317597 0.257536
v -0.133152 -0.420734 0.158119
v -0.133840 -0.408631 0.350520
v -0.134184 -0.337563 0.252177
v -0.135465 -0.448569 0.729691
v -0.135465 -0.411461 0.729691
v -0.135638 -0.351127 0.261564
v -0.135638 -0.323999 0.261564
v -0.136945 -0.317635 0.285207
v -0.136945 -0.317635 0.285207
v -0.136945 -0.357492 0.285207
v -0.136945 -0.357492 0.285207
v -0.138546 -0.351127 0.280338
v -0.138546 -0.323999 0.280338
v -0.138924 -0.337563 0.298993
v -0.138924 -0.337563 0.298993
v -0.139397 -0.420734 0.623882
v -0.144015 -0.420734 0.400649
v -0.148140 -0.059301 0.048261
v -0.148824 -0.025980 -0.003610
v -0.148824 -0.025980 0.061781
v -0.148843 -0.070515 0.042900
v -0.149436 -0.141275 0.042900
v -0.150027 0.360806 0.048261
v -0.150214 0.084736 0.054316
v -0.150965 -0.337563 0.238514
v -0.150965 -0.337563 0.238514
v -0.150965 -0.337563 0.238514
v -0.151028 -0.033257 0.069521
v -0.151260 0.290054 0.048261
v -0.151382 -0.573651 -0.000154
v -0.151877 0.200144 0.048261
v -0.153049 0.281552 0.048261
v -0.153127 -0.357733 0.252472
v -0.153127 -0.357733 0.252472
v -0.153127 -0.357733 0.252472
v -0.153127 -0.317393 0.252472
v -0.153127 -0.317393 0.252472
v -0.153127 -0.317393 0.252472
v -0.157451 -0.357733 0.280389
v -0.157451 -0.357733 0.280389
v -0.157451 -0.357733 0.280389
v -0.157451 -0.317393 0.280389
v -0.157451 -0.317393 0.280389
v -0.157451 -0.317393 0.280389
v -0.158984 -0.456184 0.385251
v -0.159613 -0.337563 0.294348
v -0.159613 -0.337563 0.294348
v -0.159770 -0.456184 0.416030
v -0.162246 -0.337563 0.244616
v -0.163776 -0.351836 0.254493
v -0.163776 -0.323290 0.254493
v -0.164474 -0.573651 0.619082
v -0.164474 -0.447121 0.619082
v -0.166836 -0.351836 0.274248
v -0.166836 -0.323290 0.274248
v -0.168495 -0.448569 0.670556
v -0.168495 -0.411461 0.670556
v -0.170319 -0.448569 0.699100
v -0.170319 -0.411461 0.699100
v -0.171165 -0.420734 0.398454
v -0.176759 0.231977 -0.003610
v -0.176759 0.231977 0.061780
v -0.176813 -0.420734 0.158518
v -0.176832 0.239579 0.069521
v -0.178151 0.377641 0.069521
v -0.178223 0.385244 -0.003610
v -0.178223 0.385244 0.061780
v -0.180689 -0.420734 0.619448
v -0.183746 -0.448569 0.775240
v -0.183746 -0.411461 0.775240
v -0.185495 -0.408631 0.343534
v -0.187208 -0.236799 0.160356
v -0.189861 -0.409266 0.447533
v -0.202230 -0.448569 0.614739
v -0.202230 -0.411461 0.614739
v -0.214239 -0.209010 -0.000076
v -0.216328 -0.417421 0.692650
v -0.218895 -0.060320 0.048261
v -0.220970 0.083717 0.054316
v -0.222632 0.199125 0.048261
v -0.223804 0.280533 0.048261
v -0.231556 -0.453264 0.439620
v -0.231556 -0.453264 0.439620
v -0.231556 -0.328552 0.439620
v -0.231556 -0.328552 0.439620
v -0.234996 -0.448328 0.181010
v -0.234996 -0.209010 0.181010
v -0.234996 -0.209010 0.181010
v -0.237108 -0.079319 0.069521
v -0.244384 -0.077115 -0.003610
v -0.244384 -0.077115 0.061781
v -0.247516 -0.417421 0.726091
v -0.249701 -0.369223 0.539975
v -0.250185 -0.434913 0.331001
v -0.250185 -0.356935 0.392889
v -0.250185 -0.427770 0.396429
v -0.250444 -0.448569 0.747077
v -0.250444 -0.411461 0.747077
v -0.250475 -0.360410 0.102648
v -0.250623 -0.417421 0.658136
v -0.256695 -0.447635 0.664646
v -0.256695 -0.417421 0.664646
v -0.256695 -0.417421 0.664646
v -0.257418 -0.388293 0.602503
v -0.266441 -0.384375 0.538006
v -0.267443 -0.370636 0.545475
v -0.274433 -0.403129 0.585444
v -0.275970 -0.350460 0.503023
v -0.276745 -0.394160 0.592785
v -0.277542 -0.434913 0.331001
v -0.277542 -0.356935 0.392889
v -0.277542 -0.427770 0.396429
v -0.283125 -0.373184 0.503630
v -0.286772 -0.361731 0.514832
v -0.289839 0.184580 0.008489
v -0.293949 -0.340449 0.473544
v -0.294556 -0.446095 0.102648
v -0.294774 -0.429935 0.652230
v -0.302276 -0.411003 0.649563
v -0.302276 -0.411003 0.649563
v -0.303948 -0.358251 0.477395
v -0.304950 -0.344513 0.484864
v -0.308704 -0.418078 0.626392
v -0.308704 -0.418078 0.626392
v -0.309706 -0.404339 0.633861
v -0.309706 -0.404339 0.633861
v -0.325597 0.133519 0.055359
v -0.325597 0.133519 0.055359
v -0.335410 -0.412666 0.652530
v -0.337160 0.129778 0.151157
v -0.337160 0.129778 0.151157
v -0.340276 -0.337195 0.445303
v -0.342731 -0.416400 0.626771
v -0.343152 -0.358985 0.458250
v -0.343732 -0.402661 0.634240
v -0.344154 -0.345247 0.465719
v -0.346246 0.115625 0.054439
v -0.346246 0.115625 0.131554
v -0.359250 -0.176609 0.848097
v -0.361479 -0.453264 0.434151
v -0.361479 -0.328552 0.434151
v -0.365747 -0.409818 0.641387
v -0.365747 -0.409818 0.641387
v -0.365796 -0.411237 0.663237
v -0.365796 -0.411237 0.663237
v -0.368196 -0.424311 0.639710
v -0.368196 -0.424311 0.639710
v -0.370240 -0.437540 0.660193
v -0.373002 -0.370268 0.542059
v -0.373210 -0.176609 0.900819
v -0.373210 -0.176609 0.900819
v -0.375703 -0.374701 0.553807
v -0.398144 -0.266479 0.055359
v -0.398144 -0.266479 0.055359
v -0.400130 -0.351293 0.470936
v -0.401132 -0.337555 0.478405
v -0.407943 -0.260499 0.151157
v -0.407943 -0.260499 0.151157
v -0.412439 -0.249346 0.054440
v -0.412439 -0.249346 0.131554
v -0.412834 -0.329714 0.460264
v -0.416769 -0.409958 0.618384
v -0.417771 -0.396219 0.625853
v -0.427555 -0.401163 0.639223
v -0.435082 -0.434913 0.331001
v -0.435082 -0.356935 0.392889
v -0.435082 -0.427770 0.396429
v -0.435885 -0.361022 0.499096
v -0.436886 -0.347283 0.506565
v -0.438057 -0.395875 0.585830
v -0.439059 -0.382137 0.593298
v -0.442825 -0.151840 0.176347
v -0.442825 -0.151840 0.176347
v -0.446929 -0.242863 0.784233
v -0.448804 -0.376749 0.544444
v -0.449744 -0.342704 0.496645
v -0.449805 -0.363011 0.551913
v -0.454857 -0.383103 0.597471
v -0.458678 -0.239245 0.193445
v -0.458678 -0.239245 0.193445
v -0.462431 -0.434913 0.331001
v -0.462431 -0.356935 0.392889
v -0.462431 -0.427770 0.396429
v -0.465788 -0.361655 0.550345
v -0.482028 -0.244261 0.825102
v -0.482028 -0.244261 0.825102
v -0.493882 -0.453264 0.439599
v -0.493882 -0.453264 0.439599
v -0.493882 -0.328552 0.439599
v -0.493882 -0.328552 0.439599
v -0.504722 -0.292662 0.452463
v -0.504722 -0.292662 0.543283
v -0.514091 -0.301727 0.429362
v -0.514091 -0.301727 0.566384
v -0.527909 -0.389896 0.140847
v -0.531147 -0.458150 0.366718
v -0.531147 -0.315313 0.366718
v -0.533656 -0.443810 0.140847
v -0.533656 -0.335982 0.140847
v -0.544425 -0.290416 0.729349
v -0.564554 -0.490319 0.140847
v -0.564554 -0.289472 0.140847
v -0.566483 0.177965 0.151157
v -0.566483 0.177965 0.151157
v -0.567224 0.118020 0.074088
v -0.570251 -0.125064 0.176347
v -0.570251 -0.125064 0.176347
v -0.573301 -0.334654 0.608309
v -0.579744 0.186922 0.055359
v -0.579744 0.186922 0.055359
v -0.581021 -0.315313 0.366718
v -0.581021 -0.321318 0.497917
v -0.586103 -0.212470 0.193445
v -0.586103 -0.212470 0.193445
v -0.589008 -0.224316 0.348718
v -0.590517 -0.178647 0.303093
v -0.594046 -0.179534 0.298478
v -0.594196 -0.030698 0.074088
v -0.596556 -0.172703 0.307707
v -0.598830 -0.177007 0.298478
v -0.600085 -0.173591 0.303093
v -0.610135 -0.234249 0.330738
v -0.617535 -0.188148 0.366699
v -0.625179 -0.273208 0.140847
v -0.626893 -0.204283 0.054440
v -0.626893 -0.204283 0.131554
v -0.634962 -0.221131 0.330738
v -0.635767 0.121516 0.058063
v -0.637266 -0.212311 0.151157
v -0.637266 -0.212311 0.151157
v -0.637521 0.111844 -0.003114
v -0.638663 -0.198080 0.348718
v -0.643383 0.134023 0.076372
v -0.643383 0.134023 0.076372
v -0.652290 -0.213076 0.055359
v -0.652290 -0.213076 0.055359
v -0.657175 0.003482 -0.003114
v -0.658929 -0.006190 0.058063
v -0.670356 -0.014695 0.076372
v -0.670356 -0.014695 0.076372
v -0.699983 -0.328648 0.338447
v -0.700484 -0.318654 0.140847
v -0.701718 -0.294027 0.921102
v -0.712765 -0.489845 0.140744
v -0.712765 -0.289947 0.140847
v -0.712765 -0.289947 0.140847
v -0.739535 -0.575491 0.001923
v -0.739535 -0.575491 0.001923
v -0.739535 -0.114645 0.001923
v -0.739535 0.319177 0.001923
v -0.739535 0.741905 0.001923
v -0.739535 0.741905 0.001923
vn -0.0000 1.0000 -0.0000
vn -0.0000 -0.0000 1.0000
vn -0.0312 -0.0000 0.9995
vn -0.0313 -0.0000 0.9995
vn -0.0000 -0.0000 -1.0000
vn -1.0000 -0.0000 -0.0000
vn 1.0000 -0.0000 -0.0000
vn 0.3511 0.1156 0.9292
vn 0.3512 0.1158 0.9291
vn 0.3511 0.1158 0.9291
vn -0.3370 0.1518 0.9292
vn -0.3369 0.1519 0.9292
vn -0.3371 0.1518 0.9292
vn -0.2767 -0.1874 0.9425
vn 0.4769 -0.8790 0.0002
vn 0.4768 -0.8790 0.0001
vn -0.4862 0.8739 0.0001
vn -0.4864 0.8737 -0.0000
vn -0.4864 0.8737 0.0001
vn 0.4863 -0.8738 0.0004
vn 0.4864 -0.8737 0.0002
vn 0.4864 -0.8737 0.0001
vn 0.5024 -0.0000 -0.8647
vn 0.9998 -0.0000 0.0211
vn -0.9997 -0.0000 0.0225
vn 0.9939 -0.0000 0.1103
vn -0.7995 -0.0000 -0.6007
vn -0.4390 -0.0000 0.8985
vn -0.4391 -0.0000 0.8985
vn 0.4672 -0.8795 -0.0905
vn 0.4671 0.8795 -0.0905
vn 0.8265 -0.0000 0.5629
vn -0.9022 -0.0000 0.4314
vn -0.4941 -0.8660 -0.0765
vn -0.4155 -0.4871 -0.7682
vn -0.4155 0.4871 -0.7682
vn -0.4941 0.8660 -0.0765
vn -0.6707 0.4693 0.5743
vn -0.6707 0.4694 0.5743
vn -0.6708 0.4693 0.5743
vn -0.6707 -0.4693 0.5743
vn -0.9882 -0.0000 -0.1531
vn -0.8388 -0.0000 -0.5444
vn -0.8388 -0.0000 -0.5445
vn 0.9879 -0.0000 0.1551
vn 0.9879 -0.0001 0.1551
vn -0.8388 0.0001 -0.5444
vn 0.9879 -0.0000 0.1552
vn 0.3296 0.9428 0.0510
vn 0.5404 0.5172 -0.6637
vn 0.5404 -0.5172 -0.6637
vn 0.3296 -0.9428 0.0510
vn 0.1925 -0.5444 0.8165
vn 0.1924 -0.5444 0.8164
vn 0.1925 0.5444 0.8165
vn 0.1924 0.5444 0.8165
vn 0.9111 -0.0000 0.4121
vn 0.0213 0.9998 -0.0000
vn 0.0129 -0.9999 -0.0000
vn -0.0391 0.9992 0.0001
vn -0.0390 0.9992 0.0002
vn -0.0392 0.9992 0.0001
vn -0.0393 0.9992 -0.0000
vn 0.1012 -0.9949 -0.0003
vn 0.1011 -0.9949 -0.0003
vn 0.1007 -0.9949 -0.0000
vn -0.3127 -0.0000 0.9498
vn -0.1355 -0.0000 -0.9908
vn 0.9987 -0.0000 0.0515
vn -0.1600 -0.0000 0.9871
vn -0.0502 -0.0000 -0.9987
vn -0.9965 -0.0000 0.0837
vn 0.9971 -0.0000 0.0755
vn 0.1115 -0.1977 0.9739
vn 0.1329 -0.1314 -0.9824
vn -0.0157 -0.0000 0.9999
vn -0.0360 -0.0000 -0.9994
vn -0.1115 -0.1977 0.9739
vn -0.1329 -0.1314 -0.9824
vn -0.0000 -1.0000 -0.0000
vn -0.7313 -0.0000 -0.6821
vn 0.7094 -0.0000 -0.7049
vn -0.9890 -0.0000 0.1477
vn 0.7313 -0.0000 -0.6821
vn -0.7094 -0.0000 -0.7049
vn 0.9890 -0.0000 0.1477
vn 0.3672 -0.0000 0.9301
vn 0.9980 -0.0000 0.0638
vn -0.9769 -0.0000 0.2137
vn -0.9769 -0.0000 0.2138
vn 0.6862 -0.0000 0.7274
vn 0.6596 -0.0000 -0.7516
vn -0.6454 -0.0000 0.7638
vn -0.1771 -0.0000 0.9842
vn 0.9869 -0.0000 0.1613
vn -0.4954 -0.0000 -0.8686
vn -0.8983 -0.0000 0.4393
vn -0.0191 0.9837 0.1787
vn 0.5349 0.1589 -0.8298
vn -0.4938 0.1487 -0.8567
vn -0.9887 0.0127 -0.1492
vn 0.9938 0.0339 -0.1063
vn 0.8280 -0.4992 0.2554
vn 0.8280 -0.4991 0.2554
vn 0.8280 -0.4992 0.2553
vn 0.9184 0.3675 0.1464
vn 0.9184 0.3676 0.1464
vn -0.3130 -0.9471 0.0707
vn 0.6349 -0.7533 -0.1714
vn 0.9303 0.1856 -0.3164
vn -0.6675 0.7443 0.0215
vn -0.9659 -0.1976 0.1676
vn 0.2009 0.0718 0.9770
vn 0.2056 0.9786 -0.0000
vn 0.0389 0.1850 0.9820
vn -0.2056 -0.9786 -0.0000
vn -0.9839 0.1784 -0.0000
vn 0.9839 -0.1785 -0.0000
vn -0.9839 0.1785 -0.0000
vn 0.0289 -0.0052 0.9996
vn 0.0277 -0.0050 -0.9996
vn 0.2031 0.9662 -0.1586
vn 0.2030 0.9662 -0.1586
vn -0.2030 -0.9662 -0.1586
vn 0.9577 -0.1737 0.2293
vn -0.9577 0.1737 0.2293
vn -0.0026 -0.0124 -0.9999
vn 0.9340 0.3573 -0.0000
vn 0.0911 0.0272 0.9955
vn 0.0316 -0.9995 -0.0000
vn 0.9857 0.1685 0.0045
vn 0.9857 0.1685 0.0044
vn -0.9857 -0.1685 0.0045
vn 0.0029 -0.8086 -0.5884
vn -0.0031 0.8390 0.5442
vn 0.9892 0.1465 0.0034
vn -0.9892 -0.1465 0.0034
vn -0.0378 0.8044 -0.5929
vn 0.0392 -0.8351 0.5487
vn 0.9856 0.1693 0.0044
vn 0.9855 0.1693 0.0044
vn -0.9855 -0.1693 0.0044
vn 0.0014 -0.8088 -0.5881
vn -0.0015 0.8391 0.5440
vn 0.9885 0.1510 0.0033
vn -0.9885 -0.1510 0.0033
vn -0.0315 0.8052 -0.5921
vn 0.0327 -0.8359 0.5479
vn -0.4633 -0.8567 0.2268
vn 0.8774 -0.4744 -0.0718
vn 0.4749 0.8781 -0.0584
vn -0.8541 0.4618 0.2392
vn -0.8541 0.4619 0.2392
vn 0.8653 -0.4433 0.2338
vn 0.8654 -0.4433 0.2338
vn 0.4544 0.8871 -0.0812
vn -0.8881 0.4549 -0.0659
vn -0.4417 -0.8622 0.2479
vn -0.8206 0.5181 0.2413
vn -0.8205 0.5181 0.2414
vn -0.5324 -0.8433 -0.0730
vn 0.8432 -0.5324 -0.0741
vn 0.5182 0.8208 0.2404
vn 0.4648 0.8552 0.2292
vn 0.4648 0.8552 0.2293
vn -0.8765 0.4764 -0.0692
vn -0.4766 -0.8770 -0.0610
vn 0.8536 -0.4639 0.2368
vn -0.5325 -0.8433 -0.0730
vn 0.8432 -0.5325 -0.0741
vn 0.5182 0.8207 0.2404
vn 0.8653 -0.4433 0.2339
vn -0.4418 -0.8622 0.2479
vn -0.4633 -0.8567 0.2269
vn -0.4632 -0.8567 0.2268
vn 0.8773 -0.4745 -0.0718
vn 0.4647 0.8552 0.2293
vn 0.4647 0.8553 0.2293
vn 0.8536 -0.4639 0.2369
vn 0.8537 -0.4639 0.2368
vn 0.8537 -0.4638 0.2368
vn 0.0184 0.9998 -0.0000
vn -0.0244 -0.9997 -0.0000
vn 0.4341 0.8216 0.3695
vn -0.2335 -0.4420 -0.8661
vn 0.4132 0.7821 -0.4664
vn 0.4131 0.7821 -0.4665
vn 0.4132 0.7821 -0.4665
vn 0.4133 0.7821 -0.4665
vn 0.4132 0.7820 -0.4666
vn -0.3242 -0.6136 0.7199
vn -0.3242 -0.6136 0.7200
vn -0.3242 -0.6137 0.7199
vn -0.3711 0.8519 0.3695
vn -0.3712 0.8519 0.3695
vn 0.1997 -0.4583 -0.8661
vn -0.3533 0.8109 -0.4665
vn -0.3533 0.8109 -0.4666
vn -0.3533 0.8109 -0.4664
vn 0.2772 -0.6363 0.7200
vn 0.2772 -0.6363 0.7199
vn -1.0000 -0.0000 0.0022
vn -0.0000 0.9996 0.0274
vn -0.0000 0.9960 -0.0897
vn -0.0000 0.9994 0.0332
vn -0.0000 0.9941 -0.1085
vn 0.0855 -0.0000 0.9963
vn 0.0854 -0.0000 0.9963
vn 0.9971 -0.0000 0.0767
vn -0.0855 -0.0000 0.9963
vn -0.0854 -0.0000 0.9963
vn 0.9935 -0.0000 -0.1139
vn -0.9971 -0.0000 0.0767
vn 0.0016 -0.0000 1.0000
vn 0.9999 0.0144 -0.0000
vn -0.9999 -0.0144 -0.0000
vn 0.0084 1.0000 -0.0000
vn -0.0084 -1.0000 -0.0000
vn -0.0174 -0.9998 -0.0000
vn 0.0174 0.9998 -0.0000
vn 0.0167 0.0757 0.9970
vn -0.0699 0.0493 0.9963
vn 0.5473 0.8316 0.0948
vn 0.0154 -0.1299 -0.9914
vn -0.5072 -0.6744 0.5366
vn -0.5072 -0.6744 0.5367
vn -0.0548 0.0782 0.9954
vn -0.0548 0.0783 0.9954
vn 0.5607 -0.8055 0.1918
vn -0.0008 0.0016 -1.0000
vn -0.5092 0.7313 0.4539
vn -0.5816 -0.2787 0.7642
vn -0.5817 -0.2787 0.7642
vn 0.7801 0.3272 -0.5333
vn -0.8393 0.2838 -0.4638
vn -0.5082 -0.6730 -0.5375
vn -0.5082 -0.6729 -0.5374
vn 0.1489 -0.9873 0.0547
vn 0.1486 -0.9874 0.0547
vn 0.1488 -0.9874 0.0546
vn 0.4942 -0.4541 0.7413
vn 0.4941 -0.4541 0.7413
vn 0.1466 0.5432 0.8267
vn 0.1466 0.5431 0.8267
vn 0.1466 0.5431 0.8268
vn -0.5020 0.8446 0.1860
vn -0.5020 0.8447 0.1860
vn -0.6847 0.3806 -0.6215
vn -0.3363 -0.6261 -0.7035
vn 0.3541 -0.9317 -0.0811
vn 0.3541 -0.9317 -0.0812
vn 0.7241 -0.3602 0.5882
vn 0.3780 0.6403 0.6687
vn 0.3780 0.6403 0.6686
vn 0.3780 0.6404 0.6686
vn -0.3127 0.9484 0.0530
vn -0.3127 0.9484 0.0529
vn 0.9462 0.1122 0.3035
vn 0.9462 0.1122 0.3036
vn -0.9853 -0.1701 0.0125
vn -0.9853 -0.1703 0.0125
vn 0.7641 0.3966 0.5088
vn 0.7641 0.3968 0.5087
vn 0.7641 0.3967 0.5087
vn -0.6468 0.2517 0.7199
vn -0.6469 0.2516 0.7199
vn -0.6469 0.2516 0.7198
vn -0.6468 0.2518 0.7199
vn -0.6469 0.2517 0.7198
vn -0.6467 0.2521 0.7199
vn 0.3489 -0.3760 -0.8585
vn 0.3489 -0.3760 -0.8584
vn 0.3488 -0.3760 -0.8585
vn 0.3491 -0.3760 -0.8583
vn -0.9462 0.1122 0.3035
vn -0.9462 0.1122 0.3036
vn 0.9853 -0.1704 0.0125
vn 0.9853 -0.1703 0.0125
vn 0.9854 -0.1700 0.0125
vn -0.7641 0.3967 0.5087
vn -0.7641 0.3968 0.5086
vn -0.7641 0.3968 0.5087
vn 0.6468 0.2519 0.7199
vn 0.6467 0.2520 0.7199
vn -0.3489 -0.3760 -0.8584
vn -0.3488 -0.3760 -0.8584
vn -0.3489 -0.3760 -0.8585
vn -0.4992 0.8663 -0.0162
vn -0.4992 0.8663 -0.0163
vn 0.4995 -0.8662 0.0170
vn 0.4994 -0.8662 0.0164
vn 0.9535 -0.3015 0.0004
vn 0.9535 -0.3015 0.0003
vn -0.9536 0.3012 0.0004
vn -0.9535 0.3012 0.0004
vn -0.9536 0.3012 0.0003
vn -0.9535 0.3014 -0.0002
vn 0.4767 -0.8790 0.0001
vn -0.4769 0.8789 0.0002
vn -0.4769 0.8790 0.0002
vn -0.4769 0.8790 0.0003
vn -0.4863 0.8738 0.0001
vn -0.4864 0.8738 0.0002
vn 0.4865 -0.8737 0.0002
vn -0.0500 0.9844 -0.1685
vn -0.0307 0.9790 0.2015
vn 0.0360 0.9966 -0.0735
vn 0.1796 0.9837 0.0055
vn 0.0390 0.9991 0.0147
vn -0.1357 0.9804 0.1430
vn -0.0500 -0.9844 -0.1685
vn 0.0360 -0.9966 -0.0735
vn -0.0307 -0.9790 0.2015
vn 0.1796 -0.9837 0.0055
vn -0.1357 -0.9804 0.1430
vn 0.0390 -0.9991 0.0147
vn -0.9470 -0.0000 0.3213
vn -0.6646 -0.0000 0.7472
vn -0.7814 -0.0000 0.6240
vn -0.2168 -0.0000 0.9762
vn -0.2167 -0.0000 0.9762
vn -0.0096 -0.9919 0.1267
vn 0.0463 -0.9984 -0.0310
vn -0.0068 -0.9995 0.0293
vn 0.0110 0.9987 -0.0494
vn -0.0257 0.9993 -0.0269
vn -0.0332 0.9988 0.0372
vn 0.2768 0.0246 0.9606
vn 0.0967 0.1356 0.9860
vn 0.2510 0.0540 0.9665
vn 0.0797 0.1461 0.9861
vn -0.2840 -0.0172 0.9587
vn -0.4474 0.1063 0.8880
vn -0.1117 0.0998 0.9887
vn 0.3607 -0.0778 0.9294
vn 0.2560 -0.1053 0.9609
vn 0.0398 -0.1723 0.9842
vn 0.3962 0.1033 0.9124
vn -0.2056 0.0295 0.9782
vn -0.1318 -0.0790 0.9881
vn -0.4222 -0.0180 0.9063
vn 0.9804 -0.1864 0.0639
vn 0.9884 -0.1430 0.0508
vn 0.9811 -0.1792 0.0727
vn -0.9852 -0.1688 0.0296
vn -0.9828 -0.1831 0.0232
vn -0.9910 -0.1336 0.0078
vn -0.9906 -0.1328 0.0336
vn -0.9922 -0.1186 0.0390
vn -0.9842 -0.1730 0.0378
vn 0.9831 -0.1645 0.0799
vn 0.9828 -0.1571 0.0976
vn 0.9894 -0.1244 0.0751
vn -0.9965 -0.0781 -0.0297
vn -0.9972 -0.0516 -0.0543
vn -0.9949 -0.1007 0.0081
vn 0.9947 -0.0962 0.0363
vn 0.9937 -0.1093 0.0259
vn 0.9978 -0.0618 -0.0245
vn -0.9955 0.0943 -0.0075
vn -0.9940 0.1075 -0.0179
vn -0.9960 0.0584 -0.0674
vn 0.9970 0.0764 0.0111
vn 0.9987 0.0494 -0.0128
vn 0.9937 0.1013 0.0486
vn -0.9857 0.1647 0.0355
vn -0.9860 0.1582 0.0529
vn -0.9918 0.1240 0.0317
vn 0.9881 0.1350 0.0741
vn 0.9894 0.1214 0.0797
vn 0.9814 0.1757 0.0774
vn -0.9823 0.1861 0.0194
vn -0.9898 0.1425 0.0065
vn -0.9834 0.1793 0.0280
vn 0.9828 0.1712 0.0693
vn 0.9808 0.1846 0.0628
vn 0.9896 0.1355 0.0486
vn 0.2212 0.7291 0.6476
vn 0.4615 0.7482 0.4766
vn 0.3467 0.8978 0.2714
vn 0.0620 0.9256 0.3734
vn 0.0504 0.9191 0.3908
vn 0.0500 0.9319 0.3592
vn 0.0695 0.9166 0.3938
vn 0.0337 0.9140 0.4044
vn -0.0118 0.9248 0.3803
vn 0.0448 0.9272 0.3718
vn 0.0420 0.9267 0.3734
vn 0.0369 0.9397 0.3400
vn 0.0725 0.9315 0.3566
vn -0.0260 0.9437 0.3298
vn 0.0503 0.9580 0.2822
vn 0.1262 0.9344 0.3331
vn 0.0539 0.9320 0.3583
vn -0.1550 -0.8286 0.5379
vn -0.3779 -0.4605 0.8032
vn -0.9184 -0.3675 -0.1464
vn -0.5807 0.0390 0.8132
vn -0.6812 0.4702 0.5612
vn -0.6802 0.7115 0.1765
vn -0.6095 0.7538 -0.2454
vn -0.6095 0.7539 -0.2454
vn -0.4787 0.5902 -0.6500
vn -0.2876 0.2036 -0.9358
vn -0.0800 -0.3120 -0.9467
vn 0.0554 -0.7359 -0.6748
vn 0.0809 -0.9583 -0.2740
vn 0.0068 -0.9889 0.1484
vn -0.2148 -0.1605 0.9634
vn -0.1295 -0.0353 0.9910
vn -0.1870 -0.0408 0.9815
vn -0.1205 -0.0183 0.9925
vn 0.1081 0.0180 0.9940
vn 0.1246 0.0110 0.9921
vn 0.2211 0.0255 0.9749
vn 0.2710 -0.0297 0.9621
vn -0.2143 0.0217 0.9765
vn 0.2383 0.0827 0.9677
vn -0.4214 0.0840 0.9030
vn -0.3556 -0.0322 0.9341
vn -0.1575 -0.0082 0.9875
vn -0.1891 -0.0276 0.9816
vn -0.4006 -0.1440 0.9049
vn 0.1228 0.0302 0.9920
vn 0.1935 0.0399 0.9803
vn 0.2015 0.0887 0.9755
vn 0.1105 0.0166 0.9937
vn 0.2253 0.0024 0.9743
vn -0.4098 -0.1568 0.8986
vn -0.1510 0.0029 0.9885
vn -0.2915 0.0184 0.9564
vn -0.1272 0.0189 0.9917
vn 0.1153 0.0191 0.9931
vn 0.1183 0.0327 0.9924
vn 0.2312 0.0749 0.9700
vn 0.2567 0.0400 0.9657
vn -0.3830 0.2229 0.8965
vn 0.2734 0.1662 0.9474
vn -0.2086 -0.7482 -0.6298
vn -0.4925 -0.2982 -0.8176
vn 0.1069 -0.3586 -0.9274
vn 0.3474 -0.7398 -0.5762
vn 0.6532 -0.2882 -0.7002
vn 0.4007 0.1868 -0.8970
vn -0.1938 0.1882 -0.9628
vn -0.5842 0.5119 0.6298
vn -0.5754 -0.0200 0.8176
vn -0.1069 0.3586 0.9273
vn -0.0591 -0.2636 0.9628
vn 0.4376 0.0631 0.8970
vn 0.3888 0.5988 0.7002
vn -0.1142 0.8093 0.5762
vn -0.8854 -0.3394 -0.3176
vn -0.7209 -0.0302 -0.6924
vn -0.5130 -0.5768 -0.6357
vn -0.6132 -0.7699 -0.1768
vn -0.1516 -0.9129 -0.3790
vn 0.0577 -0.6402 -0.7661
vn -0.2373 -0.1757 -0.9554
vn 0.3400 0.9047 0.2567
vn -0.0248 0.7993 0.6004
vn 0.5130 0.5768 0.6357
vn 0.0559 0.3636 0.9299
vn 0.5353 0.0278 0.8442
vn 0.8707 0.1699 0.4616
vn 0.7737 0.6030 0.1944
vn 0.4712 0.8713 0.1369
vn -0.4309 0.8896 0.1515
vn 0.2905 0.9383 0.1879
vn -0.8713 0.4712 0.1369
vn -0.8896 -0.4310 0.1515
vn -0.9383 0.2905 0.1879
vn -0.4712 -0.8713 0.1369
vn 0.4309 -0.8896 0.1515
vn -0.2904 -0.9383 0.1879
vn -0.3574 -0.0512 0.9325
vn -0.2479 -0.2406 0.9384
vn -0.0571 -0.3288 0.9427
vn 0.1452 -0.2956 0.9442
vn 0.2948 -0.1558 0.9428
vn 0.3416 0.0489 0.9386
vn 0.2588 0.2512 0.9327
vn 0.0640 0.3688 0.9273
vn -0.1674 0.3410 0.9250
vn -0.3312 0.1750 0.9272
vn -0.1830 -0.3112 0.9326
vn 0.0334 -0.3439 0.9384
vn 0.2213 -0.2497 0.9427
vn 0.3215 -0.0710 0.9442
vn 0.3057 0.1332 0.9428
vn 0.1749 0.2975 0.9386
vn -0.0348 0.3590 0.9327
vn -0.2482 0.2802 0.9273
vn -0.3709 0.0820 0.9250
vn -0.3434 -0.1496 0.9272
vn -0.1187 -0.1740 0.9776
vn -0.0049 -0.1868 0.9824
vn -0.0311 -0.0105 0.9995
vn 0.0978 -0.1296 0.9867
vn 0.1473 -0.0228 0.9888
vn 0.1261 0.0899 0.9879
vn 0.0415 0.1725 0.9841
vn -0.0784 0.1879 0.9791
vn -0.1817 0.1303 0.9747
vn -0.2315 0.0229 0.9726
vn -0.2072 -0.0958 0.9736
vn 0.9397 0.3381 -0.0515
vn -0.4994 0.8662 -0.0173
vn -0.4995 0.8661 -0.0181
vn -0.4993 0.8663 -0.0169
vn 0.4993 -0.8663 0.0159
vn 0.4992 -0.8664 0.0151
vn 0.9535 -0.3014 -0.0002
vn 0.9536 -0.3011 -0.0015
vn 0.9535 -0.3014 -0.0003
vn -0.9535 0.3015 -0.0007
vn -0.9534 0.3016 -0.0015
vn -0.4367 -0.0000 -0.8996
vn -0.9997 0.0123 -0.0213
vn -1.0000 0.0022 -0.0000
vn -0.9995 -0.0029 -0.0320
vn -0.9987 -0.0009 -0.0519
vn 0.0011 0.0150 0.9999
vn 0.0027 0.0357 0.9994
vn 0.0038 0.0489 0.9988
vn 0.0097 0.1265 -0.9919
vn 0.0002 0.0022 -1.0000
vn 0.0004 0.0055 -1.0000
vn 0.0014 0.0177 0.9998
vn -0.0015 -0.0202 0.9998
vn 0.0013 0.0170 -0.9999
vn -0.0016 -0.0215 -0.9998
vn -0.9998 -0.0119 -0.0144
vn -0.9993 -0.0137 -0.0345
vn -0.0042 -0.0534 0.9986
vn -0.0042 -0.0545 0.9985
vn -0.0044 -0.0517 0.9987
vn -0.0045 -0.0516 0.9987
vn -0.0035 -0.0404 -0.9992
vn -0.0104 -0.1181 -0.9929
vn -0.0096 -0.1186 -0.9929
vn 0.0009 0.0112 -0.9999
vn -0.9999 -0.0152 0.0053
vn -0.9998 -0.0200 -0.0000
vn -0.9998 -0.0183 0.0037
vn -0.9999 -0.0137 -0.0047
vn -0.0000 -0.1116 0.9937
vn -0.0000 0.0311 0.9995
vn -0.0000 -0.0340 0.9994
vn -0.0000 0.1116 -0.9937
vn -0.0000 0.0340 -0.9994
vn -0.0000 -0.0311 -0.9995
vn -0.0000 -0.0152 0.9999
vn -0.0000 0.0369 0.9993
vn -0.0000 -0.0369 -0.9993
vn -0.0000 0.0152 -0.9999
vn -0.0000 0.0303 0.9995
vn -0.0000 -0.0265 0.9996
vn -0.0000 0.0265 -0.9996
vn -0.0000 -0.0303 -0.9995
vn -0.0000 0.1055 0.9944
vn -0.0000 -0.1055 -0.9944
vn -0.3129 -0.8652 -0.3918
vn -0.3076 -0.8715 -0.3819
vn -0.3129 -0.8652 -0.3919
vn -0.3164 -0.8610 -0.3983
vn 0.5366 -0.8420 -0.0559
vn 0.5437 -0.8381 -0.0451
vn 0.5319 -0.8445 -0.0629
vn 0.5366 0.8420 -0.0559
vn 0.5494 0.8335 -0.0593
vn 0.5290 0.8469 -0.0538
vn -0.3129 0.8652 -0.3918
vn -0.2989 0.8692 -0.3939
vn -0.3212 0.8627 -0.3906
vn -0.0904 0.9336 -0.3468
vn -0.0944 0.9498 -0.2983
vn -0.0010 0.9567 -0.2911
vn 0.0647 0.9503 -0.3044
vn 0.2843 0.9442 -0.1665
vn 0.2423 0.9467 -0.2122
vn 0.3593 0.9253 -0.1213
vn 0.3703 0.9252 -0.0831
vn 0.1426 0.9550 -0.2601
vn 0.1528 0.9590 -0.2389
vn 0.0096 1.0000 -0.0026
vn -0.0928 0.9835 0.1551
vn -0.1388 0.9283 -0.3450
vn -0.1145 0.9499 -0.2907
vn 0.3927 0.9195 -0.0170
vn 0.4146 0.9092 -0.0377
vn 0.2259 0.9184 0.3249
vn -0.0904 -0.9336 -0.3468
vn 0.0647 -0.9503 -0.3044
vn -0.0010 -0.9567 -0.2911
vn -0.0944 -0.9498 -0.2983
vn 0.2843 -0.9442 -0.1665
vn 0.3703 -0.9252 -0.0831
vn 0.3593 -0.9253 -0.1213
vn 0.2423 -0.9467 -0.2122
vn 0.1528 -0.9590 -0.2388
vn 0.1426 -0.9550 -0.2601
vn 0.0096 -1.0000 -0.0026
vn -0.0928 -0.9835 0.1551
vn -0.1145 -0.9499 -0.2907
vn -0.1388 -0.9283 -0.3450
vn 0.4146 -0.9092 -0.0377
vn 0.3927 -0.9195 -0.0170
vn 0.2259 -0.9184 0.3249
vn -1.0000 -0.0000 0.0050
vn -0.9780 -0.0000 -0.2086
vn -0.9852 -0.0000 0.1715
vn -0.8034 -0.0000 0.5954
vn -0.7134 -0.0000 0.7007
vn -0.6786 0.4965 0.5413
vn -0.6735 0.5039 0.5408
vn -0.7248 0.4689 0.5048
vn -0.7516 0.4285 0.5015
vn -0.2257 0.9717 -0.0703
vn -0.2203 0.9722 -0.0794
vn -0.3136 0.9454 -0.0885
vn -0.3691 0.9276 -0.0580
vn 0.2062 0.5672 -0.7973
vn 0.1920 0.5620 -0.8046
vn 0.0815 0.5601 -0.8244
vn 0.0664 0.5725 -0.8172
vn 0.2061 -0.5673 -0.7973
vn 0.1849 -0.5616 -0.8065
vn 0.0815 -0.5601 -0.8244
vn 0.0882 -0.5731 -0.8147
vn -0.2257 -0.9717 -0.0703
vn -0.2499 -0.9641 -0.0901
vn -0.3136 -0.9454 -0.0885
vn -0.3034 -0.9517 -0.0477
vn -0.6941 -0.4855 0.5315
vn -0.6675 -0.5096 0.5429
vn -0.7248 -0.4689 0.5048
vn -0.7172 -0.4474 0.5342
vn -0.4488 0.4720 0.7588
vn -0.4705 0.3885 0.7923
vn -0.6812 0.4331 0.5903
vn -0.5957 0.5482 0.5871
vn -0.0454 0.9985 -0.0294
vn 0.0605 0.9981 0.0095
vn -0.2305 0.9663 -0.1146
vn -0.1957 0.9724 -0.1270
vn 0.4041 0.4292 -0.8078
vn 0.5802 0.4032 -0.7077
vn 0.1249 0.4421 -0.8882
vn 0.0493 0.5036 -0.8626
vn 0.3622 -0.4318 -0.8261
vn 0.5402 -0.4081 -0.7360
vn 0.1249 -0.4421 -0.8882
vn 0.1694 -0.5297 -0.8311
vn -0.0486 -0.9983 -0.0315
vn 0.0578 -0.9983 0.0091
vn -0.2305 -0.9663 -0.1146
vn -0.2391 -0.9585 -0.1552
vn -0.5116 -0.4391 0.7385
vn -0.3656 -0.4434 0.8183
vn -0.6812 -0.4331 0.5903
vn -0.6946 -0.5285 0.4881
vn -0.1622 0.5732 0.8032
vn -0.1308 0.5704 0.8109
vn -0.1970 0.5721 0.7962
vn -0.1970 0.5721 0.7961
vn -0.0029 1.0000 -0.0004
vn 0.0396 0.9992 0.0093
vn -0.0501 0.9987 -0.0078
vn 0.1595 0.5733 -0.8037
vn 0.2287 0.5707 -0.7887
vn 0.0825 0.5731 -0.8153
vn 0.1608 -0.5733 -0.8034
vn 0.2287 -0.5707 -0.7887
vn 0.0825 -0.5731 -0.8153
vn -0.0029 -1.0000 -0.0004
vn 0.0396 -0.9992 0.0093
vn -0.0501 -0.9987 -0.0078
vn -0.1635 -0.5732 0.8030
vn -0.1308 -0.5704 0.8109
vn -0.1970 -0.5721 0.7962
vn 0.0752 0.9971 0.0124
vn 0.1808 0.9831 0.0273
vn 0.1808 0.9831 0.0272
vn 0.0643 0.9979 0.0107
vn 0.2953 0.5646 -0.7707
vn 0.1850 0.5730 -0.7984
vn 0.3629 0.5556 -0.7481
vn 0.3628 0.5556 -0.7481
vn 0.2953 -0.5639 -0.7712
vn 0.1850 -0.5730 -0.7984
vn 0.3629 -0.5556 -0.7481
vn 0.1179 -0.9929 0.0183
vn 0.0185 -0.9998 0.0045
vn 0.1808 -0.9831 0.0272
vn 0.1808 -0.9831 0.0273
vn -0.0273 -0.5700 0.8212
vn -0.1422 -0.5723 0.8076
vn 0.0468 -0.5651 0.8237
vn -0.0272 0.5705 0.8209
vn -0.1422 0.5723 0.8076
vn 0.0468 0.5652 0.8237
vn 0.0384 0.9990 0.0207
vn 0.0352 0.9991 0.0228
vn 0.0107 0.9999 0.0070
vn -0.0141 0.9999 -0.0040
vn 0.5438 0.5512 -0.6329
vn 0.5419 0.5539 -0.6321
vn 0.4522 0.5616 -0.6929
vn 0.3642 0.5656 -0.7399
vn 0.5438 -0.5511 -0.6329
vn 0.5435 -0.5538 -0.6308
vn 0.4535 -0.5615 -0.6921
vn 0.3654 -0.5655 -0.7394
vn 0.0384 -0.9990 0.0207
vn 0.0374 -0.9990 0.0243
vn 0.0109 -0.9999 0.0071
vn -0.0139 -0.9999 -0.0040
vn -0.4665 -0.5579 0.6863
vn -0.4666 -0.5572 0.6869
vn -0.4301 -0.5613 0.7071
vn -0.3961 -0.5625 0.7258
vn -0.4665 0.5581 0.6862
vn -0.4124 0.5628 0.7164
vn -0.4130 0.5615 0.7170
vn -0.4666 0.5572 0.6869
vn 0.2726 0.9579 0.0898
vn 0.3551 0.9332 0.0557
vn 0.7587 0.3751 -0.5326
vn 0.7062 0.4531 -0.5441
vn 0.7586 -0.3751 -0.5327
vn 0.7729 -0.4156 -0.4795
vn 0.2726 -0.9579 0.0898
vn 0.2546 -0.9662 0.0400
vn -0.1393 -0.4681 0.8726
vn -0.1900 -0.5724 0.7976
vn -0.1393 0.4681 0.8726
vn -0.1900 0.5724 0.7976
vn -0.1162 0.9921 -0.0474
vn -0.1216 0.9911 -0.0550
vn 0.3485 0.5635 -0.7490
vn 0.3498 0.5646 -0.7475
vn 0.3492 -0.5635 -0.7487
vn 0.3471 -0.5646 -0.7488
vn -0.1163 -0.9921 -0.0474
vn -0.1065 -0.9931 -0.0482
vn -0.6149 -0.5289 0.5850
vn -0.6222 -0.5329 0.5735
vn -0.6149 0.5289 0.5850
vn -0.6222 0.5329 0.5735
vn 0.1925 -0.5443 0.8165
vn 0.1925 0.5444 0.8164
vn 0.8410 0.4697 0.2686
vn 0.8378 0.3625 0.4083
vn 0.8733 0.4872 0.0031
vn 0.9020 0.4065 -0.1455
vn -0.9624 0.2671 -0.0490
vn -0.9384 0.2116 -0.2732
vn -0.9392 0.2763 -0.2037
vn -0.9737 0.2253 0.0348
vn 0.9444 0.1225 -0.3052
vn 0.9484 -0.0788 -0.3072
vn -0.9340 -0.0393 -0.3552
vn -0.9324 0.0673 -0.3552
vn 0.9444 0.1224 -0.3052
vn 0.9058 -0.3868 -0.1729
vn 0.8838 -0.4668 -0.0310
vn -0.9390 -0.2636 -0.2210
vn -0.9352 -0.1957 -0.2951
vn -0.9324 0.0672 -0.3552
vn 0.8399 -0.4871 0.2395
vn 0.8431 -0.3870 0.3733
vn -0.9713 -0.2372 0.0174
vn -0.9571 -0.2809 -0.0710
vn 0.8376 -0.1221 0.5324
vn 0.8418 0.0767 0.5343
vn -0.9928 0.0443 0.1109
vn -0.9913 -0.0721 0.1102
vn 0.0489 0.9988 0.0090
vn -0.0067 1.0000 -0.0048
vn 0.2943 0.5642 -0.7714
vn 0.2694 0.5641 -0.7805
vn 0.2944 -0.5642 -0.7714
vn 0.2691 -0.5640 -0.7807
vn 0.0478 -0.9988 0.0088
vn -0.0069 -1.0000 -0.0049
vn -0.1814 -0.5702 0.8012
vn -0.2831 -0.5665 0.7739
vn -0.1799 0.5703 0.8015
vn -0.2832 0.5672 0.7733
vn -0.0593 0.9982 -0.0064
vn -0.0594 0.9982 -0.0062
vn 0.0960 0.5745 -0.8128
vn 0.0959 0.5746 -0.8128
vn 0.0960 -0.5745 -0.8128
vn 0.0960 -0.5746 -0.8128
vn -0.0592 -0.9982 -0.0063
vn -0.0592 -0.9982 -0.0062
vn -0.2300 -0.5685 0.7899
vn -0.2300 -0.5684 0.7899
vn -0.2301 0.5685 0.7899
vn -0.2301 0.5684 0.7899
vn 0.0405 0.9972 -0.0630
vn 0.0626 0.9980 -0.0000
vn -0.1191 -0.0035 0.9929
vn -0.0798 -0.0046 0.9968
vn -0.0780 -0.0020 0.9970
vn -0.1241 -0.0000 0.9923
vn -0.0564 -0.9953 0.0785
vn -0.0297 -0.9996 -0.0000
vn 0.0446 -0.0036 0.9990
vn 0.1100 -0.0031 0.9939
vn 0.0224 -0.9990 -0.0400
vn -0.0050 0.9990 0.0452
vn 0.0172 0.9999 -0.0000
vn 0.1839 -0.0056 0.9829
vn 0.1964 -0.0000 0.9805
vn -0.1973 -0.0047 0.9803
vn -0.1797 -0.0195 0.9835
vn -0.2055 0.0080 0.9786
vn -0.1952 0.0084 0.9807
vn -0.9942 -0.1079 -0.0000
vn -0.9996 0.0292 -0.0000
vn -0.9996 0.0291 -0.0000
vn 0.9999 -0.0124 -0.0000
vn 0.9981 -0.0621 -0.0000
vn 0.9996 0.0282 -0.0000
vn 0.9981 0.0618 -0.0000
vn -0.9913 0.1318 -0.0000
vn -0.1876 0.0067 0.9822
vn -0.1637 -0.0101 0.9865
vn 0.1633 0.0035 0.9866
vn 0.1409 0.0170 0.9899
vn 0.1731 -0.0024 0.9849
vn 0.1776 -0.0058 0.9841
vn 0.1014 -0.9948 -0.0006
vn -0.9928 -0.1198 0.0057
vn -0.9998 -0.0173 0.0058
vn 0.9995 -0.0318 -0.0000
vn 0.9969 -0.0791 -0.0000
vn 0.9999 0.0136 -0.0000
vn 0.1708 -0.0019 0.9853
vn 0.1519 0.0087 0.9884
vn 0.9984 0.0570 -0.0000
vn -0.9970 0.0775 0.0058
vn -0.0075 0.9939 0.1096
vn -0.0080 0.9940 0.1093
vn -0.0055 0.9968 0.0794
vn -0.0017 0.9996 0.0279
vn -0.9750 -0.0000 0.2222
vn -0.9933 -0.0000 0.1153
vn -0.9999 -0.0000 -0.0132
vn 0.9883 -0.0000 0.1525
vn 0.9967 -0.0000 0.0806
vn 1.0000 -0.0000 -0.0033
vn -0.0000 1.0000 0.0005
vn 0.9975 -0.0000 -0.0712
vn -0.9930 -0.0000 -0.1178
vn -0.9245 -0.0000 -0.3812
vn 0.0106 0.9899 0.1411
vn 0.0206 0.9886 0.1492
vn 0.0081 0.9940 0.1088
vn -0.0014 0.9992 0.0408
vn -0.9991 -0.0000 0.0435
vn -0.9999 -0.0000 -0.0157
vn -0.9952 -0.0000 -0.0974
vn -0.0001 1.0000 0.0009
vn -0.9844 -0.0000 -0.1761
vn 0.9931 -0.0000 -0.1172
vn 0.9336 -0.0000 -0.3583
vn 0.9908 -0.0000 0.1354
vn 0.9546 -0.0000 0.2979
vn -0.0173 0.9775 0.2103
vn -0.0270 0.9795 0.1995
vn -0.0099 0.9970 0.0765
vn -0.0084 0.9975 -0.0695
vn -0.9904 0.0128 0.1377
vn -0.9893 0.0193 0.1445
vn -0.9998 0.0054 0.0208
vn -0.9943 0.0145 -0.1054
vn 0.9974 0.0068 0.0723
vn 0.9976 0.0093 0.0692
vn 0.9993 0.0003 -0.0377
vn 0.9867 0.0171 -0.1615
vn -0.0093 0.9877 -0.1564
vn -0.0189 0.9861 -0.1651
vn 0.9695 0.0217 -0.2442
vn 0.9586 0.0567 -0.2792
vn -0.9801 0.0174 -0.1977
vn -0.9828 0.0368 -0.1810
vn -0.9997 -0.0000 0.0231
vn -1.0000 -0.0000 0.0078
vn -1.0000 -0.0000 -0.0090
vn 0.9999 -0.0000 0.0163
vn 1.0000 -0.0000 0.0088
vn 1.0000 -0.0000 0.0006
vn 1.0000 -0.0000 -0.0086
vn -0.9996 -0.0000 -0.0277
vn 0.9990 -0.0000 0.0447
vn 1.0000 -0.0000 0.0024
vn 0.9997 -0.0000 0.0242
vn -0.9997 -0.0000 0.0235
vn -0.9998 -0.0000 -0.0197
vn -1.0000 -0.0000 0.0025
vn -0.9991 -0.0000 -0.0431
vn 0.9998 -0.0000 -0.0207
vn 0.0173 0.9775 0.2103
vn 0.0084 0.9975 -0.0695
vn 0.0099 0.9970 0.0765
vn 0.0270 0.9795 0.1995
vn 0.9903 0.0133 0.1381
vn 0.9943 0.0145 -0.1054
vn 0.9998 0.0054 0.0208
vn 0.9893 0.0193 0.1446
vn -0.9974 0.0068 0.0723
vn -0.9867 0.0171 -0.1615
vn -0.9993 0.0003 -0.0377
vn -0.9976 0.0093 0.0692
vn 0.0189 0.9861 -0.1651
vn 0.0095 0.9876 -0.1566
vn -0.9586 0.0567 -0.2792
vn -0.9695 0.0216 -0.2441
vn 0.9828 0.0368 -0.1811
vn 0.9801 0.0174 -0.1977
vn 0.0598 0.3528 0.9338
vn -0.0276 0.0017 0.9996
vn 0.0910 0.3770 0.9217
vn -0.0389 0.1387 0.9896
vn 0.0334 0.3550 0.9343
vn 0.0421 0.1631 0.9857
vn -0.0104 0.2549 0.9669
vn 0.2473 0.3647 0.8977
vn -0.5172 0.0711 0.8529
vn -0.2768 0.0249 0.9606
vn -0.0537 -0.0102 0.9985
vn -0.0653 -0.0044 0.9979
vn 0.1373 -0.0038 0.9905
vn 0.2490 -0.0308 0.9680
vn -0.0550 -0.3871 0.9204
vn -0.1402 -0.2843 0.9484
vn -0.0055 -0.4437 0.8962
vn -0.0905 -0.1473 0.9849
vn -0.0541 -0.3197 0.9460
vn -0.0228 -0.1579 0.9872
vn -0.1071 -0.1891 0.9761
vn 0.0761 -0.3253 0.9425
vn -0.2768 0.0250 0.9606
vn 0.2425 -0.0000 -0.9702
vn -0.0272 -0.0000 -0.9996
vn 0.4107 -0.0000 -0.9118
vn -0.9863 -0.0000 -0.1650
vn -0.8622 -0.0000 -0.5065
vn -0.9393 -0.0000 -0.3430
vn -0.7660 -0.0000 -0.6429
vn -0.0874 -0.0000 0.9962
vn -0.4943 -0.0000 0.8693
vn -0.2835 -0.0000 0.9590
vn -0.6861 -0.0000 0.7275
vn 0.5159 -0.0000 -0.8567
vn -0.1038 -0.0000 -0.9946
vn -0.4193 -0.0000 -0.9079
vn -0.2977 -0.0000 -0.9546
vn 0.9403 -0.0000 -0.3403
vn 0.9818 -0.0000 -0.1901
vn 0.8601 -0.0000 -0.5102
vn -0.9961 -0.0000 0.0878
vn 0.3532 -0.0000 0.9356
vn 0.2237 -0.0000 0.9747
vn 0.4462 -0.0000 0.8949
vn 0.7319 -0.0000 -0.6815
vn 0.5142 -0.0000 0.8577
vn -0.4988 -0.0000 -0.8667
vn 0.6064 -0.0000 0.7951
vn -0.4626 0.3438 0.8172
vn -0.2646 0.5340 0.8030
vn -0.3476 0.6157 0.7072
vn -0.5881 0.3741 0.7171
vn 0.0136 0.6119 0.7908
vn -0.0309 0.7190 0.6943
vn 0.2930 0.5272 0.7976
vn 0.2893 0.6594 0.6939
vn 0.4771 0.3119 0.8217
vn 0.5390 0.4502 0.7119
vn 0.5346 0.0480 0.8437
vn 0.6606 0.1390 0.7378
vn 0.4833 -0.2099 0.8499
vn 0.6262 -0.2027 0.7528
vn 0.3334 -0.4340 0.8369
vn 0.4441 -0.4965 0.7458
vn 0.0880 -0.5774 0.8117
vn 0.1556 -0.6745 0.7217
vn -0.2048 -0.5734 0.7932
vn -0.1727 -0.6951 0.6979
vn -0.2049 -0.5734 0.7932
vn -0.4446 -0.4111 0.7958
vn -0.4653 -0.5541 0.6902
vn -0.1728 -0.6951 0.6979
vn -0.5630 -0.1614 0.8105
vn -0.6549 -0.2852 0.6999
vn -0.5627 0.1019 0.8204
vn -0.6988 0.0495 0.7136
vn -0.4287 0.7486 0.5057
vn -0.7329 0.4500 0.5103
vn -0.0403 0.8643 0.5013
vn 0.3412 0.7926 0.5053
vn 0.6486 0.5555 0.5202
vn 0.8203 0.1876 0.5403
vn 0.7979 -0.2401 0.5529
vn 0.5714 -0.6108 0.5481
vn 0.2105 -0.8216 0.5297
vn -0.1845 -0.8397 0.5107
vn -0.5353 -0.6801 0.5010
vn -0.1844 -0.8397 0.5107
vn -0.7811 -0.3712 0.5021
vn -0.8604 0.0374 0.5082
vn -0.4741 0.8100 0.3451
vn -0.8053 0.4800 0.3479
vn -0.0501 0.9380 0.3431
vn 0.3654 0.8632 0.3484
vn 0.7035 0.6112 0.3626
vn 0.8992 0.2150 0.3810
vn 0.8842 -0.2528 0.3927
vn 0.6408 -0.6619 0.3888
vn 0.2471 -0.8946 0.3723
vn -0.1832 -0.9169 0.3546
vn -0.5668 -0.7485 0.3441
vn -0.8411 -0.4184 0.3427
vn -0.9378 0.0255 0.3463
vn -0.5050 0.8345 0.2205
vn -0.8463 0.4847 0.2211
vn -0.0642 0.9730 0.2215
vn 0.3691 0.9010 0.2281
vn 0.7247 0.6456 0.2410
vn 0.9366 0.2386 0.2567
vn 0.9312 -0.2484 0.2668
vn 0.6845 -0.6795 0.2641
vn 0.2767 -0.9278 0.2504
vn -0.1713 -0.9568 0.2348
vn -0.5728 -0.7885 0.2240
vn -0.1713 -0.9568 0.2349
vn -0.8646 -0.4518 0.2199
vn -0.9754 0.0077 0.2204
vn -0.5784 0.8001 0.1590
vn -0.8957 0.4154 0.1587
vn -0.1396 0.9770 0.1612
vn 0.3060 0.9371 0.1679
vn 0.6834 0.7076 0.1796
vn 0.9280 0.3182 0.1937
vn 0.9641 -0.1699 0.2039
vn 0.7520 -0.6270 0.2035
vn 0.3568 -0.9141 0.1927
vn -0.0975 -0.9791 0.1783
vn -0.5163 -0.8400 0.1668
vn -0.8354 -0.5257 0.1604
vn -0.9844 -0.0756 0.1586
vn 0.0473 0.9788 0.1993
vn 0.0496 0.9891 0.1385
vn 0.0471 0.9780 0.2030
vn 0.0422 0.9472 0.3179
vn 0.0397 0.9285 0.3691
vn 0.0338 0.8775 0.4783
vn 0.0302 0.8425 0.5378
vn 0.0216 0.7494 0.6617
vn 0.0160 0.6825 0.7307
vn 0.0023 0.4999 0.8661
vn -0.0060 0.3791 0.9253
vn -0.0230 0.1005 0.9947
vn -0.0317 -0.0574 0.9978
vn -0.0455 -0.3445 0.9377
vn -0.0508 -0.4744 0.8788
vn -0.0573 -0.6660 0.7438
vn -0.0592 -0.7379 0.6723
vn -0.0608 -0.8362 0.5451
vn -0.0611 -0.8714 0.4867
vn -0.0608 -0.9230 0.3799
vn -0.0604 -0.9422 0.3297
vn -0.0592 -0.9708 0.2326
vn -0.0584 -0.9805 0.1878
vn -0.0576 -0.9879 0.1440
vn -0.9970 0.0099 -0.0762
vn -0.9969 -0.0186 -0.0760
vn 0.9993 -0.0126 -0.0349
vn 0.9993 0.0152 -0.0337
vn -0.9014 -0.3345 0.2751
vn -0.6150 -0.7364 0.2820
vn -0.7364 -0.6166 0.2784
vn -0.9468 -0.1702 0.2733
vn -0.1660 -0.9416 0.2929
vn -0.3312 -0.8985 0.2882
vn 0.3260 -0.8949 0.3048
vn 0.1613 -0.9402 0.3001
vn 0.7290 -0.6079 0.3146
vn 0.6089 -0.7297 0.3110
vn 0.7291 -0.6078 0.3146
vn 0.9344 -0.1572 0.3196
vn 0.8914 -0.3230 0.3179
vn 0.8865 0.3359 0.3184
vn 0.9323 0.1709 0.3188
vn 0.5981 0.7384 0.3114
vn 0.7204 0.6186 0.3137
vn 0.1476 0.9423 0.3005
vn 0.3131 0.8998 0.3038
vn -0.3441 0.8935 0.2886
vn -0.1796 0.9394 0.2919
vn -0.7451 0.6058 0.2789
vn -0.6257 0.7277 0.2811
vn -0.9489 0.1565 0.2739
vn -0.9063 0.3215 0.2743
vn -0.7367 0.0774 0.6717
vn -0.4857 0.3231 0.8122
vn -0.9207 0.2029 0.3333
vn -0.9468 0.2914 0.1366
vn -0.1705 0.0097 0.9853
vn 0.0630 0.2824 0.9572
vn 0.4871 0.1184 0.8653
vn 0.5706 0.3851 0.7253
vn 0.8517 0.3249 0.4112
vn 0.7726 0.5615 0.2964
vn 0.8382 0.5363 -0.0988
vn 0.6568 0.7458 -0.1110
vn 0.4967 0.7022 -0.5101
vn 0.2825 0.8840 -0.3724
vn -0.1168 0.7392 -0.6633
vn -0.2447 0.8954 -0.3721
vn -0.7209 0.5663 -0.3994
vn -0.8521 0.4706 -0.2289
vn -0.3888 0.8247 0.4108
vn -0.1546 0.8563 0.4928
vn -0.2943 0.8972 0.3294
vn -0.0127 0.8117 0.5839
vn 0.2007 0.9617 0.1865
vn 0.0464 0.9924 0.1136
vn -0.3023 0.9394 0.1615
vn -0.2133 0.9713 0.1053
vn -0.9970 -0.0766 0.0072
vn -0.9049 -0.2523 0.3428
vn -0.9462 -0.2050 0.2502
vn -0.9908 0.0013 -0.1352
vn -0.6034 -0.2732 0.7492
vn -0.7048 -0.3778 0.6005
vn -0.5295 -0.0087 0.8483
vn -0.4688 -0.2503 0.8471
vn 0.3651 -0.2336 0.9012
vn 0.1204 -0.1908 0.9742
vn 0.2786 -0.2555 0.9258
vn 0.3211 -0.1622 0.9330
vn -0.1966 0.0599 0.9786
vn -0.0456 -0.1244 0.9912
vn 0.7825 0.0401 0.6214
vn 0.9585 -0.0064 0.2849
vn 0.8837 0.0645 0.4635
vn 0.5943 0.3383 0.7297
vn 0.9505 0.2616 -0.1677
vn 0.9906 0.1344 -0.0270
vn 0.8165 0.4711 -0.3337
vn 0.8482 0.4308 -0.3081
vn 0.5413 0.4317 -0.7216
vn 0.6526 0.4695 -0.5947
vn 0.0379 0.4794 -0.8768
vn 0.2520 0.4763 -0.8424
vn -0.5101 0.3818 -0.7707
vn -0.3035 0.4379 -0.8462
vn -0.9111 0.1436 -0.3864
vn -0.8305 0.2181 -0.5126
vn 0.0450 0.9222 0.3840
vn 0.0452 0.9219 0.3847
vn 0.0438 0.9166 0.3974
vn 0.0502 0.9300 0.3642
vn 0.1054 0.9610 0.2555
vn 0.0691 0.9182 0.3901
vn 0.0688 0.9842 0.1634
vn 0.0530 0.9810 0.1865
vn 0.0803 0.9021 0.4239
vn 0.0115 0.9375 0.3477
vn -0.1377 0.9586 0.2491
vn 0.0654 0.9169 0.3938
vn -0.2688 0.9312 0.2461
vn -0.2609 0.9309 0.2556
vn -0.0656 0.9210 0.3840
vn -0.1663 0.9349 0.3136
vn -0.1598 0.8449 0.5105
vn -0.1468 0.8607 0.4875
vn -0.1072 0.9464 0.3046
vn -0.1207 0.9147 0.3856
vn 0.0896 0.9340 0.3459
vn 0.0040 0.9399 0.3413
vn 0.0948 0.9346 0.3428
vn 0.1436 0.9249 0.3521
vn 0.0509 0.9337 0.3545
vn 0.0493 0.9296 0.3653
vn 0.9956 0.0885 -0.0294
vn 0.9055 0.2517 -0.3416
vn 0.9441 0.2079 -0.2559
vn 0.9931 0.0089 0.1169
vn 0.5488 0.2857 -0.7856
vn 0.7243 0.3693 -0.5822
vn 0.2999 0.0595 -0.9521
vn 0.3958 0.2646 -0.8794
vn -0.4503 0.2960 -0.8424
vn -0.0969 0.4699 -0.8774
vn -0.2711 0.3813 -0.8838
vn -0.4897 0.1814 -0.8528
vn 0.0138 0.4783 -0.8781
vn -0.7847 0.2543 -0.5653
vn -0.9507 0.0613 -0.3039
vn -0.8658 0.1603 -0.4740
vn -0.7855 0.2504 -0.5660
vn -0.9605 -0.2439 0.1340
vn -0.9951 -0.0961 -0.0247
vn -0.8191 -0.4621 0.3400
vn -0.8256 -0.4571 0.3309
vn -0.5677 -0.4248 0.7052
vn -0.7112 -0.4534 0.5372
vn -0.0100 -0.4782 0.8782
vn -0.1843 -0.4798 0.8578
vn 0.4622 -0.3973 0.7928
vn 0.2873 -0.4412 0.8502
vn 0.8980 -0.1578 0.4107
vn 0.7856 -0.2503 0.5658
vn -0.0000 0.9990 0.0458
vn 0.0001 0.9958 0.0913
vn 0.0001 0.9978 0.0670
vn -0.0956 0.9731 -0.2095
vn 0.0001 0.9988 -0.0481
vn -0.2690 0.9210 -0.2817
vn -0.1802 0.9220 -0.3428
vn -0.4017 0.8879 -0.2242
vn -0.3341 0.8949 -0.2958
vn -0.4017 0.8879 -0.2243
vn -0.0798 0.9966 -0.0211
vn -0.1949 0.9761 -0.0964
vn 0.9993 -0.0000 0.0362
vn 0.9998 -0.0000 0.0196
vn 1.0000 -0.0000 0.0011
vn -0.9998 -0.0000 0.0204
vn -0.9991 -0.0000 0.0430
vn 0.9953 -0.0000 -0.0968
vn 0.9805 -0.0000 -0.1964
vn -0.9920 -0.0000 0.1266
vn -0.9821 -0.0000 0.1881
vn 0.9162 -0.0000 -0.4007
vn 0.8668 -0.0000 -0.4986
vn -0.9385 -0.0000 0.3453
vn -0.8929 -0.0000 0.4502
vn 0.7409 -0.0000 -0.6716
vn 0.6626 -0.0000 -0.7490
vn -0.7460 -0.0000 0.6660
vn -0.6530 -0.0000 0.7573
vn 0.6625 -0.0000 -0.7491
vn 0.1624 0.0205 -0.9865
vn 0.1597 0.0003 -0.9872
vn -0.1851 0.0065 0.9827
vn -0.1935 -0.0000 0.9811
vn -0.6530 -0.0000 0.7574
vn -0.7459 -0.0000 0.6660
vn -0.0000 0.0166 0.9999
vn -0.0000 0.0083 1.0000
vn -0.1936 -0.0000 0.9811
vn -0.1948 0.9761 -0.0964
vn 0.1624 0.0212 -0.9865
vn -0.0000 0.0504 -0.9987
vn -0.0000 0.0252 -0.9997
vn 0.1595 -0.0000 -0.9872
vn -0.0001 0.9977 0.0671
vn -0.0001 0.9958 0.0913
vn -0.0001 0.9988 -0.0481
vn 0.0956 0.9731 -0.2095
vn 0.1804 0.9235 -0.3384
vn 0.2780 0.9263 -0.2545
vn 0.3535 0.8992 -0.2578
vn 0.4349 0.8790 -0.1957
vn 0.2048 0.9749 -0.0874
vn 0.0810 0.9965 -0.0215
vn -0.9993 -0.0000 0.0362
vn -1.0000 -0.0000 0.0011
vn -0.9998 -0.0000 0.0196
vn 0.9998 -0.0000 0.0204
vn 0.9991 -0.0000 0.0430
vn -0.9805 -0.0000 -0.1964
vn -0.9953 -0.0000 -0.0968
vn 0.9920 -0.0000 0.1266
vn 0.9821 -0.0000 0.1881
vn -0.8470 -0.0000 -0.5315
vn -0.9056 -0.0000 -0.4242
vn 0.9303 -0.0000 0.3668
vn 0.8759 -0.0000 0.4825
vn -0.6683 -0.0000 -0.7439
vn -0.7349 -0.0000 -0.6781
vn 0.7408 -0.0000 0.6717
vn 0.6571 -0.0000 0.7538
vn -0.6683 -0.0001 -0.7439
vn -0.1473 -0.0000 -0.9891
vn -0.1521 0.0210 -0.9881
vn -0.7349 -0.0000 -0.6782
vn 0.1755 0.0066 0.9845
vn 0.7408 -0.0000 0.6718
vn 0.1832 -0.0000 0.9831
vn 0.0810 0.9965 -0.0214
vn -0.1474 -0.0000 -0.9891
vn -0.3876 -0.8829 -0.2650
vn -0.4009 -0.9131 -0.0741
vn -0.4008 -0.9129 0.0766
vn 0.5708 -0.7771 -0.2650
vn 0.5903 -0.8038 -0.0741
vn 0.5902 -0.8036 0.0766
vn 0.9584 0.1058 -0.2650
vn 0.9584 0.1057 -0.2650
vn 0.9912 0.1094 -0.0741
vn 0.9910 0.1094 0.0766
vn 0.3876 0.8829 -0.2650
vn 0.4009 0.9131 -0.0741
vn 0.4008 0.9129 0.0766
vn -0.5708 0.7771 -0.2650
vn -0.5903 0.8038 -0.0741
vn -0.5902 0.8036 0.0766
vn -0.9584 -0.1058 -0.2650
vn -0.9912 -0.1094 -0.0741
vn -0.9910 -0.1094 0.0766
vn 0.3838 0.8741 0.2977
vn 0.9489 0.1047 0.2977
vn 0.5651 -0.7694 0.2977
vn -0.3838 -0.8741 0.2977
vn -0.9489 -0.1047 0.2977
vn -0.5651 0.7694 0.2977
vn 0.8790 -0.4522 -0.1513
vn 0.8883 -0.4570 -0.0458
vn 0.8882 -0.4570 0.0476
vn 0.8311 0.5351 -0.1513
vn 0.8399 0.5408 -0.0458
vn 0.8398 0.5407 0.0476
vn -0.0479 0.9873 -0.1513
vn -0.0484 0.9978 -0.0458
vn -0.0484 0.9977 0.0476
vn -0.8790 0.4522 -0.1513
vn -0.8883 0.4570 -0.0458
vn -0.8882 0.4570 0.0476
vn -0.8311 -0.5351 -0.1513
vn -0.8399 -0.5408 -0.0458
vn -0.8398 -0.5407 0.0476
vn 0.0479 -0.9873 -0.1514
vn 0.0484 -0.9978 -0.0458
vn 0.0484 -0.9977 0.0476
vn -0.8761 0.4507 0.1711
vn -0.0477 0.9841 0.1711
vn 0.8284 0.5334 0.1711
vn 0.8761 -0.4507 0.1711
vn 0.0477 -0.9841 0.1711
vn -0.8284 -0.5334 0.1711
vn 0.2958 0.0603 0.9533
vn 0.2381 -0.2055 0.9493
vn 0.2547 -0.2064 0.9447
vn 0.3166 0.0544 0.9470
vn 0.3152 0.3171 0.8945
vn 0.2944 0.3230 0.8994
vn -0.5538 -0.3558 0.7528
vn -0.5938 -0.3255 0.7358
vn -0.5920 -0.3371 0.7320
vn -0.5126 -0.3785 0.7707
vn -0.4450 -0.4035 0.7995
vn -0.4444 -0.4046 0.7992
vn 0.0847 -0.3803 0.9210
vn -0.2576 -0.4434 0.8585
vn -0.1198 -0.4360 0.8919
vn 0.1575 -0.3119 0.9370
vn 0.2410 -0.2541 0.9367
vn 0.2176 -0.2476 0.9441
vn -0.7524 0.1913 0.6304
vn -0.7596 0.2942 0.5801
vn -0.7434 0.2964 0.5996
vn -0.7436 0.1917 0.6405
vn -0.7522 0.0821 0.6538
vn -0.7504 0.0818 0.6559
vn 0.0262 0.7132 0.7005
vn 0.0838 0.7478 0.6587
vn 0.0697 0.7111 0.6996
vn 0.0174 0.6880 0.7255
vn -0.0736 0.7130 0.6973
vn -0.0687 0.7151 0.6956
vn -0.4161 0.6822 0.6012
vn -0.2696 0.7275 0.6309
vn -0.3379 0.7113 0.6164
vn -0.4615 0.8424 0.2781
vn -0.4610 0.6699 0.5820
vn -0.5311 0.8378 0.1268
vn -0.9591 0.2226 -0.1750
vn -0.9173 0.3593 -0.1716
vn -0.9169 0.3546 -0.1833
vn -0.9900 0.0764 -0.1187
vn -0.9947 -0.0749 -0.0705
vn -0.9993 -0.0351 0.0114
vn 0.4254 0.9047 0.0250
vn 0.4539 0.8906 0.0275
vn 0.5061 0.8208 -0.2650
vn 0.4517 0.7465 -0.4886
vn 0.2510 0.9678 -0.0171
vn 0.2508 0.9679 -0.0175
vn -0.0878 0.9912 -0.0987
vn -0.2183 0.9679 -0.1249
vn -0.4640 0.8705 -0.1641
vn -0.5085 0.8442 -0.1697
vn -0.5475 -0.2021 -0.8120
vn -0.5786 -0.2200 -0.7854
vn -0.5226 -0.0659 -0.8500
vn -0.4786 -0.0561 -0.8762
vn -0.4953 0.1026 -0.8626
vn -0.4827 0.0860 -0.8715
vn 0.4698 0.5925 -0.6544
vn 0.3998 0.5577 -0.7274
vn 0.3850 0.5656 -0.7293
vn 0.3817 0.5699 -0.7277
vn -0.0934 0.5404 -0.8362
vn 0.1264 0.6005 -0.7896
vn 0.0212 0.5760 -0.8172
vn -0.1274 0.5303 -0.8382
vn -0.1579 0.5226 -0.8378
vn -0.1581 0.5342 -0.8304
vn 0.7243 -0.2085 -0.6572
vn 0.6550 -0.4707 -0.5911
vn 0.6597 -0.4780 -0.5799
vn 0.7460 -0.1963 -0.6363
vn 0.7287 0.0811 -0.6800
vn 0.7117 0.0622 -0.6997
vn -0.1544 -0.6063 -0.7801
vn -0.2147 -0.5169 -0.8287
vn -0.2645 -0.5285 -0.8067
vn -0.1711 -0.6362 -0.7523
vn -0.0000 -0.6936 -0.7204
vn 0.0003 -0.6948 -0.7192
vn 0.5077 -0.6393 -0.5775
vn 0.2166 -0.7240 -0.6550
vn 0.3418 -0.7118 -0.6136
vn 0.5843 -0.5717 -0.5760
vn 0.6411 -0.5152 -0.5688
vn 0.6455 -0.4935 -0.5829
vn 0.9433 0.2890 0.1635
vn 0.9433 0.2889 0.1635
vn -0.5229 -0.8523 0.0122
vn -0.4295 -0.9022 0.0400
vn -0.6025 -0.7980 -0.0133
vn -0.3457 -0.9362 0.0634
vn 0.4699 -0.8524 0.2295
vn 0.5811 -0.7768 0.2429
vn 0.2088 -0.9595 0.1893
vn 0.0031 -0.9890 0.1482
vn 0.6687 -0.7002 0.2503
vn 0.6687 -0.7001 0.2504
vn -0.3981 -0.4309 0.8098
vn -0.3959 -0.4337 0.8094
vn -0.2250 -0.9696 0.0966
vn -0.2264 -0.9694 0.0945
vn 0.0749 -0.7217 -0.6881
vn 0.0578 -0.7312 -0.6797
vn 0.2201 0.6099 -0.7613
vn 0.2202 0.6101 -0.7611
vn 0.0384 0.9967 -0.0717
vn 0.0377 0.9965 -0.0748
vn -0.1911 0.7382 0.6469
vn -0.1942 0.7438 0.6395
vn -0.6183 -0.7860 -0.0047
vn -0.6135 -0.7885 -0.0429
vn -0.6107 -0.7913 -0.0302
vn -0.6332 -0.7737 -0.0220
vn -0.6183 -0.7859 -0.0047
vn -0.6723 -0.7369 0.0712
vn -0.6137 -0.7892 0.0245
vn -0.7780 -0.6282 0.0069
vn -0.7294 -0.6824 0.0474
vn -0.7570 -0.6386 -0.1384
vn -0.7151 -0.6834 -0.1473
vn -0.6212 -0.7806 -0.0687
vn -0.6320 -0.7605 -0.1488
vn 0.9250 -0.2800 0.2568
vn 0.9351 -0.2794 0.2182
vn 0.9185 -0.2395 0.3146
vn 0.9162 -0.2486 0.3142
vn 0.9250 -0.2800 0.2567
vn 0.9287 -0.2905 0.2306
vn 0.9292 -0.2645 0.2581
vn 0.9630 -0.2338 0.1340
vn 0.9310 -0.2997 0.2083
vn 0.9844 -0.0749 0.1590
vn 0.9799 -0.1456 0.1366
vn 0.9509 -0.0695 0.3017
vn 0.9390 -0.1295 0.3185
vn -0.2306 0.6662 -0.7092
vn -0.0072 0.2308 -0.9730
vn -0.0870 0.4020 -0.9115
vn -0.2939 0.7622 -0.5768
vn 0.2009 -0.3132 -0.9282
vn 0.1393 -0.1312 -0.9815
vn -0.0869 0.4019 -0.9116
vn 0.3096 -0.7307 -0.6084
vn 0.2865 -0.6120 -0.7371
vn 0.3059 -0.9350 -0.1797
vn 0.3180 -0.8887 -0.3303
vn 0.2130 -0.9403 0.2654
vn 0.2539 -0.9604 0.1150
vn 0.0400 -0.7374 0.6743
vn 0.1071 -0.8321 0.5441
vn -0.1932 -0.3087 0.9313
vn -0.1115 -0.4773 0.8717
vn -0.3984 0.2304 0.8878
vn -0.3385 0.0497 0.9397
vn -0.4939 0.6520 0.5753
vn -0.4739 0.5318 0.7018
vn -0.4833 0.8623 0.1511
vn -0.4967 0.8142 0.3007
vn -0.3935 0.8708 -0.2948
vn -0.4321 0.8903 -0.1435
vn -0.3907 0.2339 0.8903
vn -0.4867 0.6567 0.5761
vn -0.4665 0.5364 0.7033
vn -0.3303 0.0521 0.9424
vn -0.1842 -0.3078 0.9334
vn -0.1022 -0.4767 0.8731
vn 0.0492 -0.7364 0.6748
vn 0.1159 -0.8307 0.5445
vn 0.2212 -0.9382 0.2662
vn 0.2619 -0.9581 0.1162
vn 0.3136 -0.9328 -0.1777
vn 0.3258 -0.8867 -0.3281
vn 0.3180 -0.7287 -0.6065
vn 0.2948 -0.6099 -0.7356
vn 0.2095 -0.3097 -0.9275
vn 0.1475 -0.1270 -0.9809
vn 0.0003 0.2364 -0.9717
vn -0.0797 0.4076 -0.9097
vn -0.2235 0.6713 -0.7067
vn -0.2865 0.7669 -0.5743
vn -0.3862 0.8746 -0.2931
vn -0.4248 0.8941 -0.1422
vn -0.4759 0.8663 0.1516
vn -0.4894 0.8185 0.3010
vn -0.4155 0.2127 0.8844
vn -0.5117 0.6379 0.5756
vn -0.4914 0.5159 0.7017
vn -0.3547 0.0306 0.9345
vn -0.2090 -0.3263 0.9219
vn -0.1265 -0.4940 0.8602
vn 0.0240 -0.7495 0.6616
vn 0.0915 -0.8424 0.5310
vn 0.1961 -0.9471 0.2541
vn 0.2368 -0.9660 0.1039
vn 0.2880 -0.9389 -0.1885
vn 0.2989 -0.8920 -0.3391
vn 0.2878 -0.7334 -0.6159
vn 0.2643 -0.6130 -0.7446
vn 0.1776 -0.3123 -0.9332
vn 0.1138 -0.1291 -0.9851
vn -0.0334 0.2322 -0.9721
vn -0.1128 0.4031 -0.9082
vn -0.2544 0.6635 -0.7036
vn -0.0334 0.2323 -0.9721
vn -0.3173 0.7576 -0.5704
vn -0.4137 0.8632 -0.2895
vn -0.4503 0.8821 -0.1380
vn -0.5016 0.8513 0.1540
vn -0.5146 0.8020 0.3033
vn -0.9135 -0.3992 -0.0781
vn -0.8972 -0.4299 -0.1011
vn -0.9024 -0.4210 -0.0916
vn -0.9195 -0.3861 -0.0741
vn -0.9305 -0.3590 -0.0731
vn -0.9135 -0.3993 -0.0781
vn -0.9354 -0.3452 -0.0763
vn -0.9431 -0.3206 -0.0883
vn -0.9457 -0.3102 -0.0976
vn -0.9481 -0.2950 -0.1190
vn -0.9477 -0.2908 -0.1315
vn -0.9446 -0.2887 -0.1563
vn -0.9416 -0.2914 -0.1688
vn -0.9338 -0.3026 -0.1909
vn -0.9289 -0.3115 -0.2005
vn -0.9181 -0.3335 -0.2143
vn -0.9122 -0.3468 -0.2183
vn -0.9011 -0.3740 -0.2193
vn -0.8960 -0.3880 -0.2161
vn -0.8878 -0.4125 -0.2039
vn -0.8851 -0.4228 -0.1945
vn -0.8823 -0.4377 -0.1728
vn -0.8827 -0.4418 -0.1603
vn -0.8859 -0.4437 -0.1355
vn -0.8890 -0.4410 -0.1230
vn 0.9055 0.3807 0.1873
vn 0.8991 0.4014 0.1745
vn 0.9009 0.3951 0.1799
vn 0.9085 0.3726 0.1892
vn 0.9150 0.3563 0.1892
vn 0.9185 0.3484 0.1870
vn 0.9250 0.3349 0.1795
vn 0.9281 0.3293 0.1738
vn 0.9330 0.3221 0.1608
vn 0.9348 0.3205 0.1533
vn 0.9368 0.3214 0.1384
vn 0.9369 0.3241 0.1309
vn 0.9355 0.3330 0.1180
vn 0.9339 0.3392 0.1127
vn 0.9294 0.3537 0.1053
vn 0.9265 0.3619 0.1034
vn 0.9200 0.3780 0.1035
vn 0.9165 0.3859 0.1056
vn 0.9098 0.3993 0.1131
vn 0.9067 0.4048 0.1186
vn 0.9016 0.4121 0.1316
vn 0.8997 0.4137 0.1391
vn 0.8977 0.4128 0.1540
vn 0.8976 0.4101 0.1615
vn -0.9003 -0.4264 -0.0871
vn -0.9190 -0.3883 -0.0686
vn -0.9124 -0.4028 -0.0725
vn -0.8945 -0.4364 -0.0972
vn -0.9363 -0.3441 -0.0707
vn -0.9308 -0.3592 -0.0673
vn -0.9476 -0.3057 -0.0930
vn -0.9446 -0.3174 -0.0831
vn -0.9502 -0.2834 -0.1293
vn -0.9505 -0.2885 -0.1157
vn -0.9438 -0.2834 -0.1703
vn -0.9470 -0.2804 -0.1564
vn -0.9298 -0.3056 -0.2049
vn -0.9353 -0.2954 -0.1946
vn -0.9118 -0.3443 -0.2238
vn -0.9182 -0.3296 -0.2198
vn -0.8943 -0.3887 -0.2216
vn -0.8999 -0.3736 -0.2251
vn -0.8821 -0.4269 -0.1990
vn -0.8853 -0.4154 -0.2090
vn -0.8788 -0.4487 -0.1622
vn -0.8787 -0.4438 -0.1760
vn -0.8855 -0.4485 -0.1212
vn -0.8820 -0.4515 -0.1351
vn 0.2815 0.9339 -0.2205
vn 0.9318 0.3630 -0.0000
vn 0.8011 0.5986 -0.0000
vn 0.9934 0.1148 -0.0000
vn -0.9994 -0.0338 -0.0000
vn -0.9940 0.1090 -0.0000
vn -0.9832 -0.1826 -0.0000
vn -0.0671 0.9977 -0.0000
vn -0.0771 0.9970 -0.0000
vn -0.0762 0.9971 -0.0000
vn 0.1004 -0.9949 -0.0000
vn 0.1031 -0.9947 -0.0000
vn 0.0984 -0.9951 -0.0000
vn 0.2202 -0.9755 -0.0000
vn 0.1250 -0.9922 -0.0000
vn 0.1281 -0.9918 -0.0000
vn -0.1768 0.9842 -0.0000
vn -0.1677 0.9858 -0.0000
vn -0.2063 0.9785 -0.0000
vn 0.9949 -0.1007 -0.0000
vn -0.9447 -0.3278 -0.0000
vn -0.0017 -0.0019 1.0000
vn 0.1037 -0.9946 -0.0000
vn -0.1097 0.9940 -0.0000
vn -0.1377 0.9905 -0.0000
vn 0.9807 -0.1954 -0.0000
vn 0.9959 0.0907 -0.0000
vn 0.9959 0.0906 -0.0000
vn -0.9153 -0.4029 -0.0000
vn -0.9914 -0.1309 -0.0000
vn -0.9646 -0.2638 -0.0000
vn -0.0969 0.9953 -0.0000
vn -0.1043 0.9945 -0.0000
vn -0.1038 0.9946 -0.0000
vn 0.1096 -0.9940 -0.0000
vn 0.1130 -0.9936 -0.0000
vn -0.9999 -0.0106 -0.0000
vn 0.9410 0.3383 -0.0000
vn -0.0341 -0.0032 0.9994
vn 0.0323 0.0069 0.9995
vn 0.1095 -0.9940 -0.0000
vn 0.1053 -0.9944 -0.0000
vn -0.1034 0.9946 -0.0000
vn -0.1015 0.9948 -0.0000
vn 0.1967 -0.9805 -0.0000
vn 0.1135 -0.9935 -0.0000
vn 0.1410 -0.9900 -0.0000
vn -0.1473 0.9891 -0.0000
vn -0.1135 0.9935 -0.0000
vn -0.2211 0.9752 -0.0000
vn -0.9629 -0.2700 -0.0000
vn -0.9880 -0.1541 -0.0000
vn -0.9192 -0.3939 -0.0000
vn 0.0019 1.0000 -0.0000
vn -0.0974 0.9952 -0.0000
vn -0.0927 0.9957 -0.0000
vn 0.1730 -0.9849 -0.0000
vn 0.7315 -0.6818 -0.0000
vn 0.5777 -0.8163 -0.0000
vn 0.1002 -0.9950 -0.0000
vn 0.1504 -0.9886 -0.0000
vn 0.1133 -0.9936 -0.0000
vn 0.1145 -0.9934 -0.0000
vn -0.1389 0.9903 -0.0000
vn -0.1139 0.9935 -0.0000
vn -0.2244 0.9745 -0.0000
vn 0.7316 -0.6818 -0.0000
vn 0.8643 -0.5030 -0.0000
vn 0.5777 -0.8162 -0.0000
vn -0.8545 -0.5195 -0.0000
vn 0.0894 -0.9960 -0.0000
vn 0.0895 -0.9960 -0.0000
vn -0.1102 0.9939 -0.0000
vn -0.1077 0.9942 -0.0000
vn -0.0028 0.0100 0.9999
vn -0.4972 -0.8167 -0.2928
vn -0.8269 -0.0604 -0.5590
vn 0.3486 -0.9187 -0.1857
vn 0.9020 -0.2785 -0.3299
vn 0.6229 0.5015 -0.6004
vn 0.2777 0.6516 -0.7059
vn -0.6465 0.4813 -0.5919
vn -0.9485 -0.3101 -0.0651
vn -0.9635 -0.2598 0.0651
vn -0.2387 -0.9536 0.1836
vn -0.2566 -0.9128 0.3178
vn 0.7219 -0.6673 0.1835
vn 0.7144 -0.6234 0.3177
vn 0.9635 0.2598 -0.0651
vn 0.9485 0.3101 0.0651
vn 0.2566 0.9128 -0.3177
vn 0.2387 0.9536 -0.1835
vn -0.7144 0.6234 -0.3178
vn -0.7218 0.6673 -0.1836
vn -0.7251 -0.4022 0.5590
vn -0.8632 0.4112 0.2928
vn -0.2775 -0.7567 0.5919
vn 0.7958 -0.0786 0.6004
vn 0.5891 -0.3932 0.7059
vn 0.6023 0.7269 0.3299
vn -0.2113 0.9596 0.1857
vn -0.9981 0.0116 -0.0611
vn -0.6224 0.4569 -0.6356
vn -0.6702 -0.7070 0.2257
vn 0.0807 -0.9964 -0.0275
vn 0.5212 -0.6112 -0.5956
vn 0.4650 -0.3147 -0.8275
vn -0.0897 0.5012 -0.8607
vn -0.7252 0.6776 -0.1227
vn -0.6469 0.7621 -0.0275
vn -0.8803 -0.0580 0.4708
vn -0.8148 0.0318 0.5789
vn -0.1730 -0.8132 0.5557
vn -0.0945 -0.7376 0.6686
vn 0.6469 -0.7621 0.0275
vn 0.7252 -0.6776 0.1227
vn 0.8148 -0.0318 -0.5789
vn 0.8803 0.0580 -0.4709
vn 0.0945 0.7376 -0.6686
vn 0.1730 0.8132 -0.5557
vn -0.4944 0.7106 0.5007
vn 0.0353 0.9984 -0.0442
vn -0.5977 0.2284 0.7685
vn 0.5076 -0.4668 0.7242
vn 0.1763 -0.3617 0.9155
vn 0.9827 -0.1166 0.1440
vn 0.7683 0.6030 -0.2147
vn -0.8426 0.4781 -0.2479
vn -0.9693 -0.0949 -0.2270
vn -0.9665 0.1098 -0.2320
vn -0.7206 0.6425 -0.2605
vn -0.7376 -0.6341 -0.2320
vn -0.8548 -0.4662 -0.2277
vn -0.2347 -0.9363 -0.2611
vn -0.4280 -0.8687 -0.2494
vn 0.3507 -0.8859 -0.3036
vn 0.1540 -0.9449 -0.2889
vn 0.7959 -0.4986 -0.3435
vn 0.6711 -0.6630 -0.3316
vn 0.9275 0.0799 -0.3652
vn 0.9238 -0.1275 -0.3610
vn 0.6921 0.6256 -0.3600
vn 0.8115 0.4560 -0.3654
vn 0.1819 0.9263 -0.3300
vn 0.3773 0.8602 -0.3431
vn -0.4042 0.8684 -0.2872
vn -0.2084 0.9300 -0.3029
vn -0.9298 0.3266 -0.1695
vn -0.8884 -0.4266 -0.1695
vn -0.9484 -0.3001 -0.1026
vn -0.8828 0.4584 -0.1026
vn -0.3267 -0.9298 -0.1695
vn -0.4584 -0.8828 -0.1026
vn 0.4266 -0.8884 -0.1695
vn 0.3001 -0.9484 -0.1026
vn 0.9298 -0.3266 -0.1695
vn 0.8828 -0.4584 -0.1026
vn 0.8884 0.4266 -0.1695
vn 0.9484 0.3001 -0.1026
vn 0.3266 0.9299 -0.1695
vn 0.4584 0.8828 -0.1026
vn 0.3265 0.9299 -0.1695
vn -0.4266 0.8884 -0.1695
vn -0.3001 0.9484 -0.1026
vn 0.8714 -0.4712 0.1369
vn 0.8896 0.4310 0.1515
vn 0.9383 -0.2904 0.1879
vn -0.4712 -0.8713 0.1368
vn -0.2905 -0.9383 0.1879
vn 0.5881 0.8080 -0.0370
vn 0.9871 0.1555 -0.0370
vn 0.8080 -0.5880 -0.0370
vn 0.1555 -0.9871 -0.0370
vn -0.5880 -0.8080 -0.0370
vn -0.9871 -0.1555 -0.0370
vn -0.8080 0.5881 -0.0370
vn -0.1555 0.9871 -0.0370
vn 0.5881 0.8080 -0.0371
vn 0.9956 0.0935 -0.0000
vn 0.9937 0.1121 -0.0000
vn 0.9936 0.1130 -0.0000
vn -0.0167 0.1137 0.9934
vn -0.0058 0.0199 0.9998
vn 0.0016 0.0273 0.9996
vn -0.0039 0.1220 0.9925
vn -0.9991 0.0435 -0.0000
vn -0.9973 -0.0736 -0.0000
vn -0.9999 -0.0155 -0.0000
vn -0.3037 0.9528 -0.0000
vn -0.9592 -0.2828 -0.0000
vn -0.9461 -0.3238 -0.0000
vn -0.9714 -0.2376 -0.0000
vn 0.9871 0.1604 -0.0000
vn 0.9900 0.1408 -0.0000
vn 0.9841 0.1778 -0.0000
vn 0.0119 -0.0457 0.9989
vn 0.0114 -0.0457 0.9989
vn 0.0129 -0.0455 0.9989
vn 0.0147 -0.0460 0.9988
vn -0.9860 -0.1670 -0.0000
vn -0.9885 -0.1512 -0.0000
vn 0.9917 0.1285 -0.0000
vn 0.9925 0.1219 -0.0000
vn 0.0215 -0.0727 0.9971
vn 0.0166 -0.0593 0.9981
vn -0.8058 0.4978 0.3208
vn -0.9445 -0.0709 0.3208
vn -0.9379 0.1333 0.3203
vn -0.6804 0.6591 0.3203
vn -0.7224 -0.6125 0.3208
vn -0.8371 -0.4435 0.3203
vn -0.2244 -0.9202 0.3208
vn -0.4166 -0.8508 0.3203
vn 0.3593 -0.8764 0.3208
vn 0.1631 -0.9332 0.3203
vn 0.8058 -0.4978 0.3208
vn 0.6805 -0.6591 0.3203
vn 0.9445 0.0709 0.3208
vn 0.9379 -0.1333 0.3203
vn 0.7224 0.6125 0.3208
vn 0.8371 0.4435 0.3203
vn 0.2244 0.9202 0.3208
vn 0.4166 0.8508 0.3203
vn -0.3593 0.8764 0.3208
vn -0.1631 0.9332 0.3203
vn -0.6805 0.6591 0.3203
vn 0.3592 -0.8764 0.3208
vn 0.9958 -0.0910 -0.0000
vn 0.9974 -0.0716 -0.0000
vn 0.9974 -0.0726 -0.0000
vn -0.0011 0.2411 0.9705
vn -0.0042 0.0941 0.9956
vn 0.0019 0.1093 0.9940
vn 0.0060 0.2440 0.9698
vn -0.9557 0.2943 -0.0000
vn -0.9914 0.1307 -0.0000
vn -0.9739 0.2270 -0.0000
vn -0.9667 -0.2561 -0.0000
vn -0.9753 -0.2207 -0.0000
vn 0.9820 0.1891 -0.0000
vn 0.9864 0.1645 -0.0000
vn 0.9779 0.2089 -0.0000
vn 0.0043 -0.1248 0.9922
vn 0.0076 -0.0895 0.9960
vn 0.0045 -0.1540 0.9881
vn -0.0028 -0.1515 0.9884
vn -0.9932 -0.1168 -0.0000
vn -0.9988 -0.0491 -0.0000
vn 0.9998 0.0190 -0.0000
vn 0.9968 0.0796 -0.0000
vn 0.0056 -0.0784 0.9969
vn 0.0055 -0.0628 0.9980
vn 0.9611 0.2552 -0.1056
vn 0.6276 0.7713 -0.1056
vn 0.7784 0.6188 -0.1058
vn 0.9934 0.0432 -0.1058
vn 0.0543 0.9929 -0.1056
vn 0.2660 0.9582 -0.1058
vn -0.5397 0.8352 -0.1056
vn -0.3480 0.9315 -0.1058
vn -0.9275 0.3585 -0.1056
vn -0.8291 0.5490 -0.1058
vn -0.9611 -0.2552 -0.1056
vn -0.9934 -0.0432 -0.1058
vn -0.6276 -0.7713 -0.1056
vn -0.7784 -0.6188 -0.1058
vn -0.0543 -0.9929 -0.1056
vn -0.2659 -0.9582 -0.1058
vn 0.5397 -0.8352 -0.1056
vn 0.3480 -0.9315 -0.1058
vn 0.9276 -0.3584 -0.1056
vn 0.8291 -0.5490 -0.1058
vn 0.9275 -0.3585 -0.1056
vn 0.9523 0.2541 -0.1693
vn 0.6212 0.7652 -0.1693
vn 0.7708 0.6141 -0.1697
vn 0.9845 0.0437 -0.1697
vn 0.0527 0.9842 -0.1693
vn 0.2627 0.9498 -0.1697
vn -0.5358 0.8272 -0.1693
vn -0.3459 0.9228 -0.1697
vn -0.9197 0.3543 -0.1693
vn -0.8222 0.5433 -0.1697
vn -0.9523 -0.2540 -0.1693
vn -0.9845 -0.0437 -0.1697
vn -0.6211 -0.7652 -0.1693
vn -0.7708 -0.6141 -0.1697
vn -0.0527 -0.9842 -0.1693
vn -0.2627 -0.9498 -0.1697
vn 0.5358 -0.8272 -0.1693
vn 0.3459 -0.9228 -0.1697
vn 0.9197 -0.3543 -0.1693
vn 0.8222 -0.5433 -0.1697
vn 0.9523 0.2540 -0.1693
vn 0.9837 0.1412 -0.1115
vn 0.7231 0.6887 -0.0528
vn 0.7501 0.6000 -0.2783
vn 0.9673 0.0448 -0.2498
vn 0.1862 0.9812 -0.0506
vn 0.2546 0.9223 -0.2908
vn -0.4146 0.9047 -0.0985
vn -0.3368 0.9008 -0.2741
vn -0.8480 0.4957 -0.1877
vn -0.8076 0.5340 -0.2501
vn -0.9526 -0.0869 -0.2917
vn -0.9703 -0.0437 -0.2380
vn -0.6899 -0.6239 -0.3673
vn -0.7597 -0.6062 -0.2353
vn -0.1600 -0.9117 -0.3785
vn -0.2587 -0.9374 -0.2332
vn 0.4345 -0.8424 -0.3187
vn 0.3417 -0.9113 -0.2295
vn 0.8707 -0.4429 -0.2140
vn 0.8120 -0.5356 -0.2319
vn 0.9765 0.2088 0.0528
vn 0.6814 0.7087 0.1829
vn 0.1397 0.9733 0.1823
vn -0.4440 0.8946 0.0497
vn -0.8496 0.5016 -0.1632
vn -0.9230 -0.0649 -0.3793
vn -0.6197 -0.5913 -0.5160
vn -0.0503 -0.8568 -0.5132
vn 0.5436 -0.7522 -0.3725
vn 0.9267 -0.3416 -0.1567
vn 0.9398 0.2930 0.1761
vn 0.5818 0.7535 0.3061
vn 0.0213 0.9638 0.2659
vn -0.5245 0.8483 0.0723
vn -0.8635 0.4599 -0.2070
vn -0.8729 -0.0783 -0.4817
vn -0.5092 -0.5761 -0.6394
vn 0.0960 -0.8011 -0.5908
vn 0.6591 -0.6573 -0.3655
vn 0.9681 -0.2391 -0.0754
vn 0.4342 0.8216 0.3695
vn -0.4588 0.8852 0.0767
vn -0.4085 0.9021 0.1388
vn -0.4687 0.8811 0.0640
vn -0.8054 0.2904 -0.5168
vn -0.8202 0.3300 -0.4673
vn -0.8054 0.2904 -0.5167
vn -0.8019 0.2821 -0.5267
vn 0.6937 -0.5017 -0.5168
vn 0.7465 -0.4577 -0.4829
vn 0.6937 -0.5017 -0.5167
vn 0.6840 -0.5091 -0.5224
vn 0.9898 0.1198 0.0767
vn 0.9715 0.2106 0.1084
vn 0.9921 0.1038 0.0711
vn 0.4003 0.9103 -0.1056
vn -0.2112 0.9717 -0.1056
vn 0.0021 0.9944 -0.1058
vn 0.5862 0.8032 -0.1058
vn -0.7420 0.6620 -0.1056
vn -0.5827 0.8058 -0.1058
vn -0.9894 0.0995 -0.1056
vn -0.9451 0.3093 -0.1058
vn -0.8589 -0.5011 -0.1056
vn -0.9464 -0.3052 -0.1058
vn -0.4003 -0.9103 -0.1056
vn -0.5862 -0.8032 -0.1058
vn 0.2112 -0.9717 -0.1056
vn -0.0021 -0.9944 -0.1058
vn 0.7420 -0.6620 -0.1056
vn 0.5828 -0.8057 -0.1058
vn 0.9894 -0.0995 -0.1056
vn 0.9451 -0.3092 -0.1058
vn 0.8589 0.5011 -0.1056
vn 0.9464 0.3051 -0.1058
vn 0.9464 0.3052 -0.1058
vn 0.3957 0.9026 -0.1693
vn -0.2104 0.9629 -0.1693
vn 0.0012 0.9855 -0.1697
vn 0.5802 0.7966 -0.1697
vn -0.7361 0.6554 -0.1693
vn -0.5783 0.7980 -0.1697
vn -0.9807 0.0975 -0.1693
vn -0.9369 0.3056 -0.1697
vn -0.8507 -0.4976 -0.1693
vn -0.9376 -0.3034 -0.1697
vn -0.3958 -0.9026 -0.1693
vn -0.5802 -0.7966 -0.1697
vn 0.2104 -0.9629 -0.1693
vn -0.0012 -0.9855 -0.1697
vn 0.7361 -0.6554 -0.1693
vn 0.5783 -0.7980 -0.1697
vn 0.9807 -0.0975 -0.1693
vn 0.9369 -0.3056 -0.1697
vn 0.8507 0.4976 -0.1693
vn 0.9376 0.3034 -0.1697
vn 0.3958 0.9026 -0.1693
vn 0.5035 0.8568 -0.1114
vn -0.0870 0.9948 -0.0528
vn -0.0008 0.9605 -0.2783
vn 0.5685 0.7838 -0.2498
vn -0.6505 0.7578 -0.0506
vn -0.5618 0.7745 -0.2908
vn -0.9656 0.2406 -0.0985
vn -0.9141 0.2989 -0.2741
vn -0.9165 -0.3533 -0.1877
vn -0.9213 -0.2978 -0.2501
vn -0.5265 -0.7986 -0.2917
vn -0.5712 -0.7855 -0.2380
vn 0.0570 -0.9284 -0.3673
vn -0.0003 -0.9719 -0.2353
vn 0.6125 -0.6939 -0.3785
vn 0.5710 -0.7871 -0.2332
vn 0.9294 -0.1862 -0.3187
vn 0.9254 -0.3017 -0.2295
vn 0.8894 0.4040 -0.2141
vn 0.9252 0.3003 -0.2319
vn 0.4462 0.8934 0.0528
vn -0.1286 0.9747 0.1829
vn -0.6734 0.7165 0.1823
vn -0.9761 0.2113 0.0498
vn -0.9221 -0.3509 -0.1632
vn -0.5253 -0.7617 -0.3793
vn 0.0754 -0.8533 -0.5160
vn 0.6382 -0.5739 -0.5132
vn 0.9269 -0.0446 -0.3725
vn 0.8452 0.5109 -0.1567
vn 0.3575 0.9172 0.1761
vn -0.2258 0.9248 0.3061
vn -0.7397 0.6181 0.2659
vn -0.9902 0.1194 0.0723
vn -0.8982 -0.3878 -0.2070
vn -0.4835 -0.7309 -0.4817
vn 0.1325 -0.7574 -0.6394
vn 0.6859 -0.4249 -0.5908
vn 0.9249 0.1049 -0.3655
vn 0.7909 0.6073 -0.0754
vn -0.9780 0.1939 0.0767
vn -0.9598 0.2438 0.1389
vn -0.9809 0.1836 0.0640
vn -0.7295 -0.4481 -0.5168
vn -0.7696 -0.4350 -0.4674
vn -0.7295 -0.4481 -0.5167
vn -0.7208 -0.4506 -0.5266
vn 0.8250 0.2290 -0.5167
vn 0.8235 0.2977 -0.4829
vn 0.8249 0.2290 -0.5168
vn 0.8247 0.2167 -0.5224
vn 0.5240 0.8482 0.0767
vn 0.4415 0.8907 0.1084
vn 0.5379 0.8400 0.0711
vn 0.2772 -0.6362 0.7200
vn -0.9092 -0.4142 0.0435
vn -0.8321 -0.5528 0.0435
vn -0.8322 -0.5528 0.0435
vn -0.9644 -0.2611 0.0420
vn 0.1932 0.9802 0.0436
vn -0.0736 0.9961 0.0481
vn 0.0773 0.9959 0.0464
vn 0.1876 0.9814 0.0406
vn -0.6611 0.7488 0.0473
vn -0.4559 0.8887 0.0479
vn -0.9625 0.2680 0.0421
vn -0.9063 0.4205 0.0436
vn -0.9986 -0.0340 0.0400
vn -0.9985 0.0370 0.0401
vn -0.9675 0.2483 0.0476
vn -0.9985 -0.0311 0.0448
vn -0.9992 -0.0261 -0.0300
vn -0.9653 0.2590 -0.0322
vn -0.6600 0.7491 0.0563
vn -0.6464 0.7622 -0.0358
vn -0.0663 0.9961 0.0581
vn -0.0519 0.9980 -0.0350
vn 0.1491 0.9873 0.0540
vn 0.1696 0.9844 -0.0470
vn -0.9222 -0.3836 0.0495
vn -0.8391 -0.5416 0.0508
vn -0.5084 -0.8597 -0.0494
vn -0.9273 -0.3728 -0.0332
vn -0.9983 0.0250 -0.0526
vn -0.9272 0.3700 -0.0580
vn -0.4926 0.8676 -0.0677
vn 0.0496 0.9966 -0.0655
vn 0.2094 0.9761 -0.0586
vn 0.0862 -0.9941 -0.0654
vn 0.1384 -0.9886 -0.0592
vn 0.1746 -0.9826 -0.0632
vn -0.0600 -0.9959 -0.0683
vn -0.6423 -0.7636 -0.0664
vn -0.9637 -0.2611 -0.0562
vn 0.9092 -0.4142 0.0433
vn 0.9644 -0.2611 0.0420
vn 0.8322 -0.5528 0.0435
vn 0.8321 -0.5528 0.0435
vn -0.1932 0.9802 0.0436
vn -0.1876 0.9814 0.0406
vn -0.0773 0.9960 0.0452
vn 0.0736 0.9962 0.0476
vn 0.4559 0.8887 0.0479
vn 0.6611 0.7488 0.0473
vn 0.9063 0.4205 0.0434
vn 0.9625 0.2680 0.0421
vn 0.9985 0.0370 0.0399
vn 0.9986 -0.0340 0.0399
vn 0.9675 0.2483 0.0476
vn 0.9653 0.2590 -0.0322
vn 0.9992 -0.0261 -0.0300
vn 0.9985 -0.0311 0.0447
vn 0.6600 0.7491 0.0563
vn 0.6464 0.7622 -0.0358
vn 0.0663 0.9961 0.0581
vn 0.0519 0.9980 -0.0350
vn -0.1491 0.9873 0.0540
vn -0.1696 0.9844 -0.0470
vn -0.0538 -0.9970 0.0553
vn -0.0505 -0.9980 -0.0380
vn -0.1430 -0.9896 -0.0133
vn -0.1597 -0.9859 0.0502
vn 0.4746 -0.8783 0.0577
vn 0.4901 -0.8707 -0.0409
vn 0.9222 -0.3836 0.0497
vn 0.9273 -0.3728 -0.0332
vn -0.0002 -0.0007 1.0000
vn -0.0014 -0.0028 1.0000
vn -0.0009 -0.0021 1.0000
vn -0.0002 -0.0015 1.0000
vn -0.0003 -0.0002 1.0000
vn 0.9272 0.3700 -0.0581
vn 0.9983 0.0250 -0.0525
vn 0.4926 0.8676 -0.0677
vn -0.0496 0.9966 -0.0653
vn -0.2094 0.9761 -0.0586
vn 0.0600 -0.9959 -0.0683
vn -0.1746 -0.9826 -0.0632
vn 0.6423 -0.7636 -0.0664
vn 0.9637 -0.2611 -0.0562
vn -1.0000 -0.0000 -0.0030
vn -1.0000 -0.0000 -0.0025
vn -1.0000 -0.0000 -0.0007
vn -1.0000 -0.0000 -0.0006
vn -1.0000 -0.0000 -0.0023
vn 0.0003 -0.0004 1.0000
vn -0.0003 -0.0014 1.0000
vn -0.0002 -0.0004 1.0000
vn -0.0005 -0.0002 1.0000
vn -0.4650 -0.8840 0.0479
vn -0.6694 -0.7414 0.0472
vn -0.9644 -0.2612 0.0420
vn 0.0715 -0.9964 0.0464
vn -0.0790 -0.9957 0.0482
vn 0.1988 -0.9792 0.0405
vn 0.1932 -0.9802 0.0437
vn 0.1932 0.9802 0.0437
vn 0.0538 -0.9970 0.0560
vn 0.1597 -0.9859 0.0502
vn 0.1430 -0.9896 -0.0133
vn 0.0505 -0.9980 -0.0380
vn -0.4746 -0.8782 0.0596
vn -0.4901 -0.8707 -0.0409
vn 0.0003 -0.0012 1.0000
vn 0.0014 -0.0028 1.0000
vn 0.0010 -0.0024 1.0000
vn 0.0010 -0.0016 1.0000
vn 0.0367 0.9982 -0.0466
vn -0.0157 0.9905 -0.1367
vn -0.0299 0.9979 0.0568
vn 0.0355 0.9897 0.1387
vn -0.9989 0.0091 -0.0462
vn -0.9940 -0.0008 -0.1094
vn -0.9980 -0.0015 0.0639
vn -0.9912 0.0090 0.1324
vn -0.9968 -0.0107 -0.0795
vn -0.9965 -0.0107 0.0826
vn -0.4282 0.8978 -0.1027
vn -0.4280 0.8975 0.1066
vn 0.0050 0.9182 0.3960
vn 0.0321 0.9235 0.3823
vn -0.3806 0.7979 0.4675
vn -0.9256 0.0024 0.3786
vn -0.9255 0.0084 0.3787
vn -0.9255 -0.0099 0.3785
vn 0.0329 0.9209 -0.3883
vn -0.0668 0.9055 -0.4190
vn -0.9255 -0.0041 -0.3786
vn -0.9255 -0.0099 -0.3785
vn -0.9255 0.0084 -0.3787
vn -0.3806 0.7979 -0.4674
vn 0.0444 0.9979 -0.0466
vn -0.0187 0.9906 -0.1356
vn -0.0353 0.9977 0.0581
vn 0.0432 0.9895 0.1379
vn 0.0328 -0.9983 0.0476
vn -0.0390 -0.9899 0.1364
vn -0.0576 -0.9965 -0.0599
vn 0.0319 -0.9897 -0.1399
vn -0.9989 0.0091 -0.0461
vn -0.4209 -0.9015 0.1009
vn -0.4208 -0.9011 -0.1048
vn 0.0061 0.9179 0.3968
vn 0.0392 0.9232 0.3823
vn 0.0295 -0.9195 0.3920
vn -0.1006 -0.8997 0.4248
vn -0.9255 0.0084 0.3786
vn -0.3754 -0.8039 0.4613
vn 0.0401 0.9211 -0.3873
vn -0.0779 0.9035 -0.4215
vn -0.0096 -0.9156 -0.4019
vn 0.0289 -0.9211 -0.3883
vn -0.3754 -0.8039 -0.4612
vn -0.3806 0.7979 -0.4675
vn 1.0000 0.0055 -0.0000
vn 1.0000 0.0046 -0.0000
vn 1.0000 -0.0049 -0.0000
vn 1.0000 -0.0058 -0.0000
vn 0.9982 0.0599 -0.0000
vn 0.9981 -0.0610 -0.0000
vn -0.0367 0.9982 -0.0466
vn -0.0360 0.9897 0.1387
vn 0.0299 0.9979 0.0569
vn 0.0157 0.9905 -0.1367
vn 0.9989 0.0091 -0.0462
vn 0.9912 0.0090 0.1324
vn 0.9980 -0.0015 0.0639
vn 0.9940 -0.0001 -0.1094
vn 0.9965 -0.0107 0.0826
vn 0.9968 -0.0107 -0.0795
vn 0.4280 0.8975 0.1066
vn 0.4282 0.8978 -0.1027
vn -0.0321 0.9235 0.3822
vn -0.0049 0.9182 0.3960
vn 0.3805 0.7979 0.4675
vn 0.9255 0.0084 0.3787
vn 0.9255 0.0024 0.3786
vn 0.9255 -0.0099 0.3785
vn 0.0668 0.9055 -0.4190
vn -0.0329 0.9210 -0.3883
vn 0.9255 -0.0099 -0.3785
vn 0.9256 -0.0041 -0.3786
vn 0.9255 0.0084 -0.3787
vn 0.3805 0.7979 -0.4674
vn -1.0000 0.0046 -0.0000
vn -1.0000 0.0055 -0.0000
vn -1.0000 -0.0049 -0.0000
vn -1.0000 -0.0058 -0.0000
vn -0.9982 0.0599 -0.0000
vn -0.9981 -0.0610 -0.0000
vn -0.0000 -0.1658 -0.9862
vn -0.0000 -0.0243 -0.9997
vn -0.0000 -0.0962 -0.9954
vn -0.0000 0.0489 -0.9988
vn -0.9993 -0.0056 -0.0376
vn -0.9992 -0.0066 -0.0382
vn -0.9989 -0.0071 -0.0472
vn -0.9984 -0.0098 -0.0555
vn -0.9975 -0.0166 -0.0694
vn -0.9947 0.0052 -0.1029
vn -0.9931 0.0137 -0.1165
vn -0.9807 0.0697 -0.1827
vn 0.9993 -0.0058 -0.0377
vn 0.9987 -0.0079 -0.0511
vn 0.9990 -0.0068 -0.0449
vn 0.9993 -0.0066 -0.0381
vn 0.9960 -0.0083 -0.0893
vn 0.9976 -0.0164 -0.0667
vn 0.9904 0.0230 -0.1365
vn 0.9949 -0.0073 -0.1004
vn -0.0000 0.9975 -0.0710
vn -0.0000 0.8721 -0.4894
vn -0.0000 0.9567 -0.2909
vn -0.0000 -0.9809 0.1945
vn -0.0000 -0.9997 0.0260
vn -0.0000 -0.9144 0.4047
vn -0.0000 0.4643 -0.8857
vn -0.0000 0.6152 -0.7883
vn -0.0000 -0.6299 0.7767
vn -0.0000 -0.4780 0.8784
vn -0.0000 0.3076 -0.9515
vn -0.0000 -0.3466 0.9380
vn -0.0483 -0.0000 0.9988
vn 0.0158 -0.0000 0.9999
vn -0.0161 -0.0000 0.9999
vn -0.0751 -0.0000 -0.9972
vn -0.0001 -0.0000 -1.0000
vn 0.0472 -0.0000 0.9989
vn 0.0736 -0.0000 -0.9973
vn -0.9993 -0.0058 -0.0378
vn -0.9984 -0.0098 -0.0556
vn -0.9807 0.0698 -0.1828
vn 0.9987 -0.0079 -0.0512
vn 0.9992 -0.0066 -0.0382
vn 0.9976 -0.0165 -0.0667
vn 0.9904 0.0231 -0.1365
vn -0.0000 -0.9809 0.1944
vn -0.0000 -0.1374 -0.9905
vn -0.0000 -0.0200 -0.9998
vn -0.0000 -0.0795 -0.9968
vn -0.0000 0.0404 -0.9992
vn -0.9988 -0.0065 -0.0492
vn -0.9987 -0.0071 -0.0496
vn -0.9981 -0.0077 -0.0615
vn -0.9973 -0.0106 -0.0724
vn -0.9958 -0.0178 -0.0902
vn -0.9910 0.0056 -0.1334
vn -0.9884 0.0147 -0.1509
vn -0.9692 0.0740 -0.2351
vn 0.9988 -0.0065 -0.0492
vn 0.9978 -0.0084 -0.0664
vn 0.9983 -0.0073 -0.0582
vn 0.9987 -0.0071 -0.0496
vn 0.9932 -0.0089 -0.1159
vn 0.9961 -0.0174 -0.0863
vn 0.9840 0.0246 -0.1766
vn 0.9915 -0.0079 -0.1302
vn -0.0000 0.9963 -0.0859
vn -0.0000 0.8268 -0.5625
vn -0.0000 0.9383 -0.3458
vn -0.0000 -0.9723 0.2337
vn -0.0000 -0.9995 0.0315
vn -0.0000 -0.8812 0.4727
vn -0.0000 0.3970 -0.9178
vn -0.0000 0.5414 -0.8408
vn -0.0000 -0.5561 0.8311
vn -0.0000 -0.4096 0.9123
vn -0.0000 0.2577 -0.9662
vn -0.0000 -0.2916 0.9565
vn -0.0421 -0.0000 0.9991
vn 0.0137 -0.0000 0.9999
vn -0.0140 -0.0000 0.9999
vn -0.0655 -0.0000 -0.9979
vn -0.0002 -0.0000 -1.0000
vn 0.0411 -0.0000 0.9992
vn 0.0641 -0.0000 -0.9979
vn -0.0000 -0.0201 -0.9998
vn -0.9981 -0.0076 -0.0615
vn -0.9973 -0.0105 -0.0723
vn -0.9958 -0.0181 -0.0899
vn -0.9692 0.0740 -0.2350
vn 0.9978 -0.0083 -0.0662
vn 0.9983 -0.0073 -0.0584
vn 0.9961 -0.0174 -0.0864
vn 0.9840 0.0246 -0.1765
vn 0.9915 -0.0078 -0.1302
vn -0.0000 0.8268 -0.5624
vn -0.8411 -0.5272 0.1206
vn -0.3315 -0.9353 0.1235
vn -0.4889 -0.8722 0.0150
vn -0.9195 -0.3926 0.0191
vn 0.2793 -0.9522 0.1236
vn 0.1173 -0.9930 0.0140
vn 0.7601 -0.6374 0.1261
vn 0.6487 -0.7607 0.0230
vn 0.9869 -0.0936 0.1317
vn 0.9628 -0.2678 0.0356
vn 0.8397 0.5262 0.1343
vn 0.9293 0.3675 0.0370
vn 0.3313 0.9349 0.1276
vn 0.4836 0.8750 0.0234
vn 0.9293 0.3675 0.0369
vn -0.2795 0.9530 0.1170
vn -0.1509 0.9885 0.0116
vn -0.7614 0.6386 0.1117
vn -0.6834 0.7300 0.0116
vn -0.9890 0.0938 0.1144
vn -0.9744 0.2242 0.0173
vn -0.6899 0.6744 -0.2633
vn -0.2000 0.9169 -0.3454
vn 0.4065 0.8161 -0.4107
vn 0.8487 0.3225 -0.4191
vn 0.8719 -0.3058 -0.3824
vn 0.5370 -0.7781 -0.3259
vn -0.0005 -0.9652 -0.2616
vn -0.5636 -0.7999 -0.2062
vn -0.9240 -0.3362 -0.1821
vn -0.9547 0.2178 -0.2026
vn 0.9764 -0.1793 0.1206
vn 0.8762 0.4659 0.1235
vn 0.9496 0.3130 0.0150
vn 0.9433 -0.3315 0.0191
vn 0.4371 0.8909 0.1236
vn 0.5841 0.8116 0.0140
vn -0.1301 0.9835 0.1261
vn 0.0353 0.9991 0.0231
vn -0.6645 0.7356 0.1317
vn -0.5292 0.8477 0.0357
vn -0.9746 0.1790 0.1343
vn -0.9335 0.3566 0.0369
vn -0.8757 -0.4657 0.1276
vn -0.9476 -0.3187 0.0234
vn -0.4375 -0.8916 0.1170
vn -0.5564 -0.8309 0.0116
vn 0.1303 -0.9852 0.1117
vn 0.0110 -0.9999 0.0116
vn 0.6660 -0.7371 0.1144
vn 0.5671 -0.8234 0.0173
vn 0.0533 -0.9632 -0.2633
vn -0.4717 -0.8113 -0.3454
vn -0.8510 -0.3273 -0.4107
vn -0.8437 0.3354 -0.4191
vn -0.4365 0.8144 -0.3824
vn 0.1295 0.9365 -0.3259
vn 0.6523 0.7114 -0.2616
vn 0.9559 0.2092 -0.2062
vn 0.9085 -0.3761 -0.1821
vn 0.5571 -0.8054 -0.2026
vn -0.9935 -0.0000 -0.1139
vn -0.2261 -0.8584 -0.4605
vn 0.3275 -0.8540 -0.4042
vn 0.2288 -0.9397 -0.2542
vn -0.3591 -0.8789 -0.3140
vn 0.7727 -0.5235 -0.3589
vn 0.7399 -0.6416 -0.2022
vn 0.9397 0.0070 -0.3419
vn 0.9791 -0.0984 -0.1778
vn 0.7645 0.5349 -0.3597
vn 0.8550 0.4824 -0.1905
vn 0.3142 0.8584 -0.4055
vn 0.4150 0.8789 -0.2352
vn -0.2394 0.8541 -0.4618
vn -0.1729 0.9397 -0.2950
vn -0.6846 0.5235 -0.5072
vn -0.6841 0.6416 -0.3470
vn -0.8516 -0.0070 -0.5241
vn -0.9233 0.0984 -0.3714
vn -0.6764 -0.5349 -0.5063
vn -0.7991 -0.4824 -0.3587
vn -0.3592 -0.8789 -0.3140
vn -0.1062 -0.0140 0.9942
vn -0.0969 -0.0143 0.9952
vn -0.1001 -0.0149 0.9949
vn -0.1091 -0.0127 0.9939
vn -0.0895 -0.0091 0.9959
vn -0.0916 -0.0115 0.9957
vn -0.0864 -0.0005 0.9963
vn -0.0868 -0.0036 0.9962
vn -0.0889 0.0084 0.9960
vn -0.0874 0.0056 0.9962
vn -0.0962 0.0140 0.9953
vn -0.0934 0.0127 0.9955
vn -0.1055 0.0143 0.9943
vn -0.1023 0.0149 0.9946
vn -0.1129 0.0092 0.9936
vn -0.1107 0.0115 0.9938
vn -0.1160 0.0006 0.9932
vn -0.1157 0.0036 0.9933
vn -0.1135 -0.0084 0.9935
vn -0.1150 -0.0056 0.9934
vn -0.1062 -0.0141 0.9942
vn 0.3122 0.9495 0.0314
vn -0.3016 0.9530 -0.0290
vn -0.0928 0.9956 -0.0089
vn 0.5424 0.8203 0.1814
vn -0.7998 0.5954 -0.0759
vn -0.6568 0.7514 -0.0629
vn -0.9955 0.0135 -0.0941
vn -0.9704 0.2234 -0.0919
vn -0.9769 -0.1928 -0.0926
vn -0.9769 -0.1927 -0.0924
vn -0.6085 -0.7885 0.0898
vn -0.3433 -0.8944 0.2866
vn -0.4767 -0.8654 0.1544
vn -0.5246 -0.8499 -0.0497
vn 0.2341 -0.8982 0.3721
vn 0.0447 -0.9418 0.3331
vn 0.6980 -0.5616 0.4443
vn 0.5695 -0.7099 0.4144
vn 0.8818 -0.0196 0.4713
vn 0.8578 -0.2192 0.4649
vn 0.7957 0.5068 0.3317
vn 0.8359 0.2986 0.4606
vn 0.3123 0.9495 0.0310
vn 0.5424 0.8202 0.1820
vn -0.7299 0.6824 -0.0403
vn -0.9902 0.1228 -0.0668
vn -0.9701 0.2285 0.0817
vn -0.6547 0.7473 0.1138
vn -0.1922 0.9813 0.0144
vn -0.0962 0.9806 0.1706
vn 0.4176 0.9054 0.0765
vn 0.4922 0.8394 0.2305
vn 0.8667 0.4836 0.1222
vn 0.8856 0.3776 0.2705
vn 0.9833 -0.1228 0.1340
vn 0.9338 -0.2285 0.2754
vn 0.7231 -0.6824 0.1075
vn 0.6184 -0.7473 0.2433
vn 0.1853 -0.9813 0.0528
vn 0.0598 -0.9806 0.1865
vn -0.4244 -0.9054 -0.0092
vn -0.5285 -0.8394 0.1266
vn -0.8735 -0.4837 -0.0549
vn -0.4246 -0.9053 -0.0092
vn -0.9219 -0.3776 0.0866
vn 0.4718 -0.8817 -0.0000
vn 0.4715 -0.8810 0.0389
vn 0.4680 -0.8746 0.1265
vn -0.4715 0.8810 0.0388
vn -0.4680 0.8746 0.1265
vn -0.4718 0.8817 -0.0000
vn 0.9405 0.3398 -0.0000
vn 0.8817 0.4718 -0.0000
vn 0.8808 0.4714 0.0444
vn 0.9308 0.3363 0.1431
vn -0.8582 -0.5134 -0.0000
vn -0.8045 -0.5939 -0.0000
vn -0.8037 -0.5934 0.0440
vn -0.8960 -0.4367 0.0803
vn 0.3875 -0.7242 0.5704
vn 0.6906 0.3696 0.6216
vn 0.7389 0.2670 0.6187
vn -0.3875 0.7242 0.5705
vn -0.3875 0.7241 0.5705
vn -0.6321 -0.4666 0.6186
vn -0.7090 -0.3345 0.6208
vn -0.9290 -0.3417 0.1425
vn -0.7386 -0.2717 0.6170
vn -0.9385 -0.3452 -0.0000
vn 0.8079 0.5893 -0.0000
vn 0.7996 0.5833 0.1425
vn 0.6357 0.4638 0.6171
vn 0.0006 -0.0420 0.9991
vn 0.0002 -0.0150 0.9999
vn -0.0002 0.0162 0.9999
vn -0.0006 0.0387 0.9993
vn -0.0003 0.0218 0.9998
vn 0.0373 -0.0003 0.9993
vn 0.0801 -0.0007 0.9968
vn 0.0482 -0.0004 0.9988
vn -0.0540 0.0005 0.9985
vn -0.1818 0.0015 0.9833
vn 0.2020 0.9794 -0.0000
vn 0.2018 0.9787 0.0388
vn 0.2003 0.9715 0.1265
vn -0.2018 -0.9787 0.0388
vn -0.2003 -0.9715 0.1266
vn -0.2020 -0.9794 -0.0000
vn -0.9401 0.3410 -0.0000
vn -0.9794 0.2020 -0.0000
vn -0.9784 0.2017 0.0443
vn -0.9304 0.3375 0.1431
vn 0.9879 -0.1549 -0.0000
vn 0.9983 -0.0587 -0.0000
vn 0.9973 -0.0587 0.0440
vn 0.9679 -0.2381 0.0803
vn 0.1659 0.8044 0.5705
vn 0.1659 0.8044 0.5704
vn -0.7672 0.1582 0.6216
vn -0.7386 0.2679 0.6187
vn -0.1659 -0.8044 0.5705
vn 0.7843 -0.0461 0.6186
vn 0.7588 -0.1969 0.6208
vn 0.9324 -0.3322 0.1425
vn 0.7413 -0.2641 0.6170
vn 0.9420 -0.3356 -0.0000
vn -0.9979 0.0644 -0.0000
vn -0.9877 0.0637 0.1426
vn -0.7854 0.0507 0.6170
vn -0.0000 0.0549 0.9985
vn -0.0000 0.0196 0.9998
vn -0.0000 -0.0211 0.9998
vn -0.0000 -0.0507 0.9987
vn -0.0000 -0.0284 0.9996
vn -0.8305 0.5570 -0.0000
vn -0.8299 0.5566 0.0388
vn -0.8239 0.5525 0.1265
vn 0.8299 -0.5566 0.0388
vn 0.8239 -0.5525 0.1265
vn 0.8305 -0.5570 -0.0000
vn -0.6708 -0.7416 -0.0000
vn -0.5570 -0.8305 -0.0000
vn -0.5564 -0.8297 0.0443
vn -0.6639 -0.7340 0.1431
vn 0.5166 0.8562 -0.0000
vn 0.4315 0.9021 -0.0000
vn 0.4311 0.9012 0.0440
vn 0.5861 0.8062 0.0804
vn -0.6822 0.4575 0.5704
vn -0.6821 0.4575 0.5704
vn -0.4363 -0.6506 0.6216
vn -0.5271 -0.5827 0.6186
vn 0.6822 -0.4575 0.5704
vn 0.3390 0.7088 0.6186
vn 0.4690 0.6282 0.6208
vn 0.6598 0.7378 0.1426
vn 0.5246 0.5867 0.6169
vn 0.6666 0.7454 -0.0000
vn -0.4366 -0.8996 -0.0000
vn -0.4322 -0.8905 0.1425
vn -0.3436 -0.7080 0.6170
vn -0.0716 0.0012 0.9974
vn -0.0256 0.0004 0.9997
vn 0.0276 -0.0005 0.9996
vn 0.0661 -0.0012 0.9978
vn 0.0372 -0.0006 0.9993
vn -0.7003 -0.7138 -0.0000
vn -0.6998 -0.7133 0.0388
vn -0.6947 -0.7081 0.1265
vn 0.6998 0.7133 0.0388
vn 0.6947 0.7081 0.1265
vn 0.7003 0.7138 -0.0000
vn 0.6055 -0.7959 -0.0000
vn 0.7139 -0.7003 -0.0000
vn 0.7131 -0.6996 0.0444
vn 0.5992 -0.7877 0.1432
vn -0.7465 0.6654 -0.0000
vn -0.8073 0.5902 -0.0000
vn -0.8065 0.5896 0.0440
vn -0.6846 0.7245 0.0803
vn -0.5752 -0.5863 0.5704
vn -0.5752 -0.5863 0.5705
vn 0.5592 -0.5486 0.6216
vn 0.4757 -0.6253 0.6186
vn 0.5752 0.5863 0.5705
vn 0.5752 0.5863 0.5704
vn -0.6343 0.4637 0.6186
vn -0.5312 0.5766 0.6208
vn -0.6038 0.7843 0.1425
vn -0.4801 0.6236 0.6170
vn -0.6100 0.7924 -0.0000
vn 0.8039 -0.5947 -0.0000
vn 0.7957 -0.5887 0.1425
vn 0.6327 -0.4680 0.6170
vn 0.1001 0.1600 0.9820
vn -0.0335 0.1607 0.9864
vn 0.1012 -0.0540 0.9934
vn -0.1001 0.1600 0.9820
vn -0.1012 0.0540 0.9934
vn 0.0335 -0.1607 0.9864
vn 0.1001 -0.1600 0.9820
vn -0.1001 -0.1600 0.9820
vn -0.9236 -0.2391 0.2996
vn -0.6958 -0.6532 0.2986
vn -0.7469 -0.6061 0.2735
vn -0.9445 -0.1749 0.2779
vn -0.3302 -0.8956 0.2981
vn -0.3751 -0.8849 0.2763
vn -0.3301 -0.8956 0.2981
vn 0.1774 -0.9317 0.3170
vn 0.0954 -0.9534 0.2861
vn -0.3751 -0.8849 0.2762
vn 0.6681 -0.6723 0.3189
vn 0.6221 -0.7319 0.2780
vn 0.9362 -0.1687 0.3084
vn 0.9282 -0.2636 0.2627
vn 0.9463 0.1585 0.2818
vn 0.9503 0.1503 0.2728
vn 0.7399 0.5971 0.3097
vn 0.8068 0.5026 0.3106
vn 0.1868 0.9323 0.3098
vn 0.2929 0.9087 0.2975
vn -0.3521 0.8915 0.2851
vn -0.2798 0.9206 0.2724
vn -0.5888 0.7632 0.2661
vn -0.5692 0.7716 0.2839
vn -0.8993 0.3168 0.3014
vn -0.8566 0.4231 0.2953
vn -0.2874 0.9455 0.1532
vn -0.1877 0.9808 0.0531
vn 0.5194 0.8197 0.2414
vn 0.4553 0.8839 0.1072
vn 0.9228 0.2853 0.2588
vn 0.9694 0.2112 0.1251
vn 0.9781 0.2079 0.0023
vn 0.8562 -0.4871 0.1720
vn 0.6307 -0.7601 0.1564
vn 0.5397 -0.8378 0.0824
vn -0.1413 -0.9642 0.2244
vn -0.3753 -0.9106 0.1732
vn -0.7690 -0.6147 0.1755
vn -0.9679 -0.1717 0.1833
vn -0.9921 -0.0558 0.1121
vn -0.6741 0.6770 0.2955
vn -0.6207 0.7591 0.1961
vn 0.8088 -0.5849 0.0618
vn 0.8289 -0.5590 0.0199
vn 0.7507 -0.6404 0.1621
vn -0.8088 0.5849 -0.0617
vn -0.8289 0.5590 -0.0199
vn -0.7507 0.6404 -0.1622
vn -0.8390 -0.5434 -0.0274
vn -0.8170 -0.5728 -0.0660
vn -0.8822 -0.4663 0.0660
vn 0.8390 0.5434 0.0274
vn 0.8171 0.5728 0.0660
vn 0.8822 0.4663 -0.0660
vn 0.4706 -0.8451 -0.2536
vn 0.4677 -0.8469 -0.2532
vn 0.3988 -0.9043 -0.1525
vn 0.3650 -0.9250 -0.1056
vn -0.2589 -0.5488 -0.7949
vn -0.2613 -0.5485 -0.7943
vn -0.3517 -0.6071 -0.7125
vn -0.3906 -0.6311 -0.6702
vn -0.5829 0.3847 -0.7157
vn -0.5815 0.3835 -0.7174
vn -0.6848 0.3587 -0.6344
vn -0.7285 0.3457 -0.5915
vn -0.1767 0.9767 -0.1219
vn -0.1764 0.9762 -0.1260
vn -0.2632 0.9645 -0.0202
vn -0.3013 0.9531 0.0286
vn 0.5709 0.7067 0.4179
vn 0.5709 0.7076 0.4164
vn 0.4952 0.6801 0.5406
vn 0.4568 0.6634 0.5927
vn 0.9039 -0.2511 0.3464
vn 0.9031 -0.2528 0.3472
vn 0.8333 -0.2979 0.4657
vn 0.7959 -0.3171 0.5158
vn -0.7986 -0.3223 0.5084
vn -0.7954 -0.2970 0.5284
vn -0.7986 -0.3042 0.5193
vn -0.7941 -0.3345 0.5074
vn 0.7997 0.3067 -0.5162
vn 0.7926 0.3386 -0.5071
vn 0.7971 0.3263 -0.5081
vn 0.7964 0.2994 -0.5254
vn -0.7829 -0.3522 0.5129
vn -0.7751 -0.3573 0.5210
vn 0.7725 0.3590 -0.5238
vn 0.7803 0.3539 -0.5156
vn -0.7639 -0.3571 0.5376
vn -0.7606 -0.3499 0.5468
vn 0.7595 0.3475 -0.5499
vn 0.7628 0.3547 -0.5406
vn -0.7607 -0.3319 0.5579
vn -0.7652 -0.3196 0.5589
vn 0.7667 0.3154 -0.5592
vn 0.7622 0.3278 -0.5583
vn -0.7765 -0.3016 0.5533
vn -0.7842 -0.2967 0.5450
vn 0.7867 0.2950 -0.5422
vn 0.7790 0.3000 -0.5506
vn -0.3185 0.9465 0.0526
vn -0.3191 0.9463 0.0517
vn -0.3177 0.9467 0.0532
vn -0.3174 0.9467 0.0539
vn -0.7119 0.3576 -0.6044
vn -0.7302 0.3468 -0.5886
vn -0.6742 0.3753 -0.6361
vn -0.6503 0.3910 -0.6514
vn -0.3707 -0.6278 -0.6844
vn -0.3916 -0.6337 -0.6671
vn -0.3327 -0.6130 -0.7166
vn -0.3035 -0.6071 -0.7344
vn 0.3480 -0.9339 -0.0821
vn 0.3474 -0.9341 -0.0824
vn 0.3491 -0.9336 -0.0809
vn 0.3496 -0.9334 -0.0802
vn 0.7398 -0.3454 0.5775
vn 0.7582 -0.3348 0.5596
vn 0.7028 -0.3635 0.6115
vn 0.6771 -0.3796 0.6305
vn 0.3992 0.6404 0.6561
vn 0.4188 0.6463 0.6378
vn 0.3602 0.6255 0.6921
vn 0.3322 0.6193 0.7114
vn -0.3172 0.9468 0.0548
vn -0.3169 0.9468 0.0558
vn -0.6178 0.4053 -0.6738
vn -0.6193 0.4101 -0.6696
vn -0.2712 -0.5945 -0.7570
vn -0.2660 -0.5986 -0.7556
vn 0.3499 -0.9334 -0.0792
vn 0.3506 -0.9332 -0.0787
vn 0.6446 -0.3946 0.6548
vn 0.6432 -0.3999 0.6530
vn 0.2979 0.6063 0.7374
vn 0.2961 0.6109 0.7343
vn -0.3041 0.9472 0.1014
vn -0.2720 0.9520 0.1402
vn -0.2703 0.9528 0.1380
vn -0.2950 0.9492 0.1092
vn -0.5103 0.7777 -0.3671
vn -0.4330 0.8945 -0.1114
vn -0.4315 0.8856 -0.1717
vn -0.4844 0.7692 -0.4167
vn -0.6009 0.7547 -0.2633
vn -0.5186 0.8483 -0.1068
vn -0.3108 0.9458 0.0946
vn -0.2720 0.9521 0.1401
vn -0.6751 0.7022 -0.2264
vn -0.4562 0.8892 -0.0355
vn -0.2894 0.9497 0.1200
vn -0.2721 0.9520 0.1402
vn 0.3621 -0.9316 -0.0327
vn 0.3709 -0.9283 -0.0248
vn 0.3935 -0.9193 0.0042
vn 0.3918 -0.9200 0.0064
vn 0.0696 -0.8681 -0.4915
vn 0.0817 -0.8377 -0.5400
vn 0.2110 -0.9292 -0.3036
vn 0.2184 -0.9449 -0.2440
vn -0.0104 -0.9220 -0.3870
vn 0.1225 -0.9637 -0.2373
vn 0.3558 -0.9337 -0.0395
vn 0.3918 -0.9200 0.0063
vn -0.0998 -0.9329 -0.3461
vn 0.2009 -0.9651 -0.1682
vn 0.3759 -0.9265 -0.0140
vn 0.3917 -0.9201 0.0065
vn 0.8900 0.3440 -0.2992
vn 0.9273 0.3431 -0.1499
vn 0.9118 0.3446 -0.2233
vn -0.4823 -0.2506 0.8394
vn -0.5705 -0.2757 0.7736
vn -0.3947 -0.2244 0.8910
vn -0.1851 -0.5897 0.7861
vn -0.3267 0.0604 0.9432
vn -0.2962 -0.1817 0.9377
vn -0.1111 -0.7498 0.6523
vn -0.2914 0.6726 0.6802
vn -0.3225 0.4921 0.8086
vn -0.1290 0.9703 0.2047
vn -0.1936 0.9057 0.3772
vn 0.0897 0.9492 -0.3015
vn 0.0107 0.9915 -0.1298
vn 0.3203 0.5995 -0.7335
vn 0.2441 0.7591 -0.6035
vn 0.4637 -0.0429 -0.8850
vn 0.4331 0.1959 -0.8798
vn 0.4232 -0.6504 -0.6308
vn 0.4558 -0.4703 -0.7557
vn 0.2557 -0.9528 -0.1635
vn 0.3216 -0.8860 -0.3341
vn 0.0389 -0.9381 0.3442
vn 0.1165 -0.9784 0.1709
vn -0.3012 -0.6663 0.6821
vn -0.6433 -0.0947 0.7597
vn -0.5118 -0.2017 0.8351
vn -0.1681 -0.7502 0.6395
vn -0.6668 0.5086 0.5447
vn -0.5981 0.4377 0.6713
vn -0.4174 0.8932 0.1673
vn -0.4083 0.8671 0.2854
vn 0.0018 0.9719 -0.2355
vn -0.0512 0.9850 -0.1646
vn 0.4718 0.7030 -0.5321
vn 0.3563 0.7504 -0.5567
vn 0.7953 0.1556 -0.5860
vn 0.6551 0.2079 -0.7264
vn 0.8245 -0.4188 -0.3806
vn 0.7092 -0.3950 -0.5839
vn 0.5913 -0.8059 -0.0295
vn 0.5405 -0.8102 -0.2267
vn 0.1818 -0.9142 0.3622
vn 0.2284 -0.9487 0.2188
vn 0.1819 -0.9142 0.3622
vn -0.4640 -0.6601 0.5907
vn -0.8347 -0.1586 0.5273
vn -0.8614 0.4015 0.3112
vn -0.5657 0.8240 0.0326
vn -0.0344 0.9761 -0.2144
vn 0.5492 0.7674 -0.3308
vn 0.9250 0.2735 -0.2639
vn 0.9560 -0.2882 -0.0543
vn 0.6554 -0.7227 0.2194
vn 0.1166 -0.8760 0.4680
vn 0.1165 -0.8760 0.4680
vn -0.6156 -0.6898 0.3811
vn -0.9522 -0.2232 0.2085
vn -0.9457 0.3243 0.0239
vn -0.6091 0.7846 -0.1160
vn -0.0340 0.9876 -0.1532
vn 0.5540 0.8300 -0.0649
vn 0.9168 0.3844 0.1078
vn 0.9370 -0.1803 0.2992
vn 0.5921 -0.6729 0.4435
vn -0.0162 -0.8789 0.4767
vn -0.6882 0.7089 -0.1543
vn -0.7432 0.6447 -0.1789
vn -0.6884 0.7089 -0.1534
vn -0.6766 0.7213 -0.1481
vn 0.1798 0.9797 0.0886
vn 0.1312 0.9902 0.0484
vn 0.1897 0.9771 0.0968
vn 0.4770 -0.5265 0.7037
vn 0.4095 -0.5712 0.7113
vn 0.4886 -0.5183 0.7019
vn -0.4336 -0.7933 0.4274
vn -0.5225 -0.7513 0.4032
vn -0.4175 -0.7999 0.4312
vn 0.1851 -0.5897 0.7861
vn 0.1111 -0.7498 0.6523
vn 0.2953 -0.1816 0.9380
vn 0.3263 0.0605 0.9433
vn 0.3225 0.4921 0.8086
vn 0.2913 0.6726 0.6803
vn 0.1936 0.9057 0.3772
vn 0.1290 0.9703 0.2047
vn -0.0107 0.9915 -0.1298
vn -0.0897 0.9492 -0.3015
vn -0.2441 0.7591 -0.6035
vn -0.3203 0.5995 -0.7335
vn -0.4331 0.1959 -0.8798
vn -0.4637 -0.0429 -0.8850
vn -0.4568 -0.4701 -0.7552
vn -0.4232 -0.6504 -0.6308
vn -0.3215 -0.8860 -0.3341
vn -0.2557 -0.9528 -0.1635
vn -0.1164 -0.9784 0.1708
vn -0.0389 -0.9381 0.3442
vn -0.0388 -0.9381 0.3442
vn -0.1165 -0.9784 0.1708
vn 0.3012 -0.6663 0.6822
vn 0.1681 -0.7502 0.6395
vn 0.5118 -0.2017 0.8351
vn 0.6433 -0.0947 0.7597
vn 0.5981 0.4377 0.6713
vn 0.6668 0.5086 0.5447
vn 0.4083 0.8671 0.2854
vn 0.4174 0.8932 0.1673
vn 0.0512 0.9850 -0.1646
vn -0.0018 0.9719 -0.2355
vn -0.3563 0.7504 -0.5567
vn -0.4718 0.7030 -0.5321
vn -0.6551 0.2079 -0.7264
vn -0.7953 0.1556 -0.5859
vn -0.7092 -0.3950 -0.5839
vn -0.8245 -0.4188 -0.3806
vn -0.5406 -0.8102 -0.2267
vn -0.5913 -0.8059 -0.0295
vn -0.2284 -0.9487 0.2188
vn -0.1820 -0.9142 0.3621
vn -0.1818 -0.9142 0.3622
vn 0.8347 -0.1586 0.5273
vn 0.4640 -0.6601 0.5907
vn 0.8614 0.4015 0.3112
vn 0.5657 0.8240 0.0326
vn 0.0344 0.9761 -0.2144
vn -0.5492 0.7674 -0.3308
vn -0.9250 0.2735 -0.2639
vn -0.9560 -0.2882 -0.0543
vn -0.6554 -0.7227 0.2194
vn -0.1165 -0.8760 0.4680
vn 0.9522 -0.2231 0.2084
vn 0.6156 -0.6898 0.3811
vn 0.9457 0.3243 0.0239
vn 0.6090 0.7846 -0.1160
vn 0.0339 0.9876 -0.1532
vn -0.5540 0.8300 -0.0649
vn -0.9168 0.3844 0.1078
vn -0.9370 -0.1802 0.2992
vn -0.5921 -0.6729 0.4435
vn 0.0163 -0.8789 0.4767
vn 0.0162 -0.8789 0.4767
vn 0.6884 0.7089 -0.1534
vn 0.6767 0.7213 -0.1481
vn 0.6885 0.7088 -0.1534
vn 0.7433 0.6446 -0.1789
vn -0.1798 0.9797 0.0886
vn -0.1897 0.9771 0.0968
vn -0.1313 0.9902 0.0484
vn -0.4771 -0.5265 0.7037
vn -0.4886 -0.5183 0.7019
vn -0.4770 -0.5265 0.7037
vn -0.4093 -0.5714 0.7113
vn 0.4336 -0.7933 0.4274
vn 0.4174 -0.7999 0.4312
vn 0.5225 -0.7513 0.4032
vt 0.198708 0.637534
vt 0.234555 0.810452
vt 0.237885 0.660782
vt 0.156512 0.657538
vt 0.157310 0.809737
vt 0.032586 0.305514
vt 0.138994 0.214943
vt 0.032703 0.214805
vt 0.344498 0.305514
vt 0.344615 0.215210
vt 0.226915 0.215057
vt 0.344863 0.024180
vt 0.227035 0.122413
vt 0.344735 0.122566
vt 0.555366 0.620808
vt 0.525425 0.621990
vt 0.545979 0.640150
vt 0.703497 0.632040
vt 0.703766 0.644967
vt 0.709725 0.620711
vt 0.751722 0.631037
vt 0.745762 0.655292
vt 0.751990 0.643963
vt 0.408401 0.317210
vt 0.426405 0.315345
vt 0.390399 0.315345
vt 0.408393 0.317216
vt 0.426397 0.315351
vt 0.390392 0.315351
vt 0.627038 0.072824
vt 0.629668 0.078340
vt 0.650736 0.078532
vt 0.675500 0.071756
vt 0.672445 0.078298
vt 0.600993 0.074672
vt 0.579813 0.068877
vt 0.582426 0.074473
vt 0.621262 0.069791
vt 0.619012 0.074508
vt 0.220644 0.128904
vt 0.207065 0.139746
vt 0.220956 0.139618
vt 0.220638 0.128912
vt 0.220949 0.139623
vt 0.207062 0.139750
vt 0.949122 0.597231
vt 0.955406 0.598935
vt 0.961638 0.596347
vt 0.961430 0.578168
vt 0.955147 0.576465
vt 0.948914 0.579054
vt 0.949123 0.597232
vt 0.961638 0.596348
vt 0.860312 0.451857
vt 0.874741 0.453387
vt 0.868700 0.443409
vt 0.537019 0.284964
vt 0.536350 0.273283
vt 0.546464 0.281809
vt 0.204156 0.857615
vt 0.271518 0.856214
vt 0.271518 0.901396
vt 0.204156 0.899995
vt 0.010645 0.858310
vt 0.010645 0.899297
vt 0.008767 0.853584
vt 0.152514 0.854868
vt 0.147622 0.650113
vt 0.012735 0.644234
vt 0.059247 0.588517
vt 0.087227 0.575408
vt 0.204111 0.622597
vt 0.204330 0.573554
vt 0.009995 0.569599
vt 0.316824 0.570065
vt 0.316985 0.334568
vt 0.010155 0.334103
vt 0.566967 0.211539
vt 0.566967 0.239347
vt 0.629407 0.242384
vt 0.629108 0.214280
vt 0.705424 0.239521
vt 0.705742 0.213331
vt 0.773908 0.241927
vt 0.774203 0.215096
vt 0.822129 0.240247
vt 0.822129 0.214523
vt 0.514444 0.402537
vt 0.514444 0.415372
vt 0.526844 0.415372
vt 0.526844 0.402537
vt 0.551999 0.402537
vt 0.551999 0.415372
vt 0.564669 0.415372
vt 0.564669 0.402537
vt 0.481995 0.432843
vt 0.471706 0.449305
vt 0.481995 0.454792
vt 0.492285 0.449305
vt 0.492285 0.438331
vt 0.627840 0.440285
vt 0.649325 0.454437
vt 0.638135 0.450043
vt 0.587934 0.407259
vt 0.582871 0.420766
vt 0.588185 0.439122
vt 0.595805 0.411663
vt 0.576238 0.424739
vt 0.583448 0.435461
vt 0.645320 0.565656
vt 0.663068 0.565657
vt 0.663068 0.557037
vt 0.628080 0.565656
vt 0.645320 0.557037
vt 0.611505 0.565656
vt 0.628080 0.557037
vt 0.611503 0.557037
vt 0.595075 0.565662
vt 0.595073 0.557045
vt 0.579433 0.565670
vt 0.579431 0.557052
vt 0.682203 0.565656
vt 0.682203 0.557036
vt 0.680069 0.478679
vt 0.687342 0.468265
vt 0.658207 0.468260
vt 0.665470 0.478685
vt 0.665506 0.457893
vt 0.680029 0.457886
vt 0.616080 0.372041
vt 0.619967 0.373248
vt 0.622910 0.364541
vt 0.619586 0.360479
vt 0.576422 0.367054
vt 0.572607 0.369039
vt 0.574931 0.380349
vt 0.579220 0.380289
vt 0.618617 0.383510
vt 0.573607 0.390062
vt 0.578360 0.393861
vt 0.614474 0.383641
vt 0.615443 0.396067
vt 0.620348 0.393075
vt 0.573305 0.354868
vt 0.576423 0.367054
vt 0.569637 0.359136
vt 0.614475 0.383641
vt 0.573306 0.354868
vt 0.595079 0.577424
vt 0.611507 0.577419
vt 0.628080 0.577419
vt 0.645320 0.577419
vt 0.663068 0.577419
vt 0.579439 0.577431
vt 0.475770 0.455325
vt 0.466987 0.462784
vt 0.468340 0.475726
vt 0.478477 0.481208
vt 0.347338 0.540059
vt 0.364235 0.537567
vt 0.361352 0.520540
vt 0.342683 0.476976
vt 0.361217 0.475862
vt 0.362972 0.459025
vt 0.344748 0.457135
vt 0.344424 0.520271
vt 0.220222 0.595179
vt 0.232442 0.591968
vt 0.233884 0.586760
vt 0.219438 0.583879
vt 0.235697 0.577649
vt 0.221250 0.574774
vt 0.222594 0.604159
vt 0.234799 0.600948
vt 0.210959 0.595820
vt 0.210177 0.584519
vt 0.308714 0.586081
vt 0.310371 0.601710
vt 0.315830 0.600895
vt 0.317127 0.586207
vt 0.325129 0.601731
vt 0.326425 0.587016
vt 0.299412 0.587062
vt 0.301074 0.602722
vt 0.311744 0.611057
vt 0.317252 0.610242
vt 0.308859 0.577039
vt 0.317253 0.577163
vt 0.358855 0.609095
vt 0.358383 0.584027
vt 0.338193 0.584865
vt 0.338663 0.609932
vt 0.414243 0.614163
vt 0.418771 0.594355
vt 0.399013 0.589480
vt 0.394498 0.609284
vt 0.748398 0.675457
vt 0.748784 0.691477
vt 0.659783 0.688498
vt 0.660428 0.678715
vt 0.578565 0.691342
vt 0.579945 0.676595
vt 0.735680 0.392351
vt 0.834453 0.392351
vt 0.835030 0.382989
vt 0.735271 0.377828
vt 0.836912 0.346779
vt 0.737131 0.341597
vt 0.735672 0.428636
vt 0.834459 0.428636
vt 0.358854 0.609097
vt 0.338661 0.609932
vt 0.338191 0.584864
vt 0.358382 0.584027
vt 0.414245 0.614164
vt 0.394499 0.609285
vt 0.399014 0.589479
vt 0.418774 0.594355
vt 0.139115 0.122299
vt 0.032824 0.122161
vt 0.367259 0.122595
vt 0.367259 0.024180
vt 0.367259 0.215239
vt 0.367259 0.305514
vt 0.010555 0.024180
vt 0.010428 0.122132
vt 0.032951 0.024180
vt 0.010307 0.214776
vt 0.032980 0.001349
vt 0.344892 0.001754
vt 0.032557 0.327476
vt 0.344469 0.327881
vt 0.362282 0.405026
vt 0.362002 0.420574
vt 0.366540 0.420627
vt 0.366819 0.405137
vt 0.330516 0.419972
vt 0.344622 0.438430
vt 0.364777 0.424145
vt 0.373688 0.436665
vt 0.353504 0.450978
vt 0.330767 0.404645
vt 0.366541 0.420627
vt 0.364778 0.424144
vt 0.579622 0.625485
vt 0.557362 0.640988
vt 0.564761 0.662583
vt 0.580476 0.661685
vt 0.535133 0.601239
vt 0.526845 0.603327
vt 0.515615 0.633980
vt 0.533779 0.656167
vt 0.523988 0.718247
vt 0.550740 0.718669
vt 0.576483 0.581689
vt 0.554962 0.581699
vt 0.554955 0.597452
vt 0.576476 0.597484
vt 0.588662 0.581696
vt 0.588654 0.597490
vt 0.678338 0.581744
vt 0.669282 0.581740
vt 0.669273 0.597537
vt 0.678328 0.597542
vt 0.636647 0.581726
vt 0.608401 0.581707
vt 0.608393 0.597502
vt 0.636638 0.597515
vt 0.487466 0.581644
vt 0.487458 0.597440
vt 0.769639 0.651693
vt 0.776566 0.655127
vt 0.776876 0.635825
vt 0.767555 0.635563
vt 0.786196 0.636039
vt 0.769050 0.656354
vt 0.776390 0.660423
vt 0.783467 0.656971
vt 0.783360 0.652036
vt 0.789129 0.652754
vt 0.791961 0.636729
vt 0.763891 0.652210
vt 0.761781 0.636010
vt 0.721785 0.662257
vt 0.745028 0.619977
vt 0.733703 0.613746
vt 0.720782 0.614015
vt 0.710460 0.656026
vt 0.734706 0.661988
vt 0.600539 0.939346
vt 0.600318 0.907033
vt 0.611602 0.906953
vt 0.611815 0.939264
vt 0.918026 0.263616
vt 0.931187 0.286410
vt 0.957508 0.286196
vt 0.970667 0.263616
vt 0.957508 0.240822
vt 0.931187 0.240822
vt 0.239664 0.713314
vt 0.258710 0.746302
vt 0.296801 0.745992
vt 0.315846 0.713314
vt 0.296801 0.680327
vt 0.258710 0.680327
vt 0.621440 0.720752
vt 0.616770 0.720752
vt 0.616770 0.727266
vt 0.621440 0.727266
vt 0.982500 0.722041
vt 0.989364 0.722142
vt 0.988048 0.694953
vt 0.981184 0.694852
vt 0.995131 0.718586
vt 0.994168 0.698683
vt 0.975416 0.698408
vt 0.976380 0.718311
vt 0.972290 0.704667
vt 0.998258 0.712327
vt 0.997905 0.705042
vt 0.632629 0.660273
vt 0.632629 0.652215
vt 0.585126 0.652215
vt 0.632629 0.644505
vt 0.585126 0.644505
vt 0.632629 0.636445
vt 0.585126 0.636445
vt 0.632629 0.628080
vt 0.632629 0.620657
vt 0.585126 0.620657
vt 0.585126 0.628079
vt 0.632629 0.612305
vt 0.585126 0.612305
vt 0.664117 0.425566
vt 0.656733 0.437835
vt 0.664181 0.450016
vt 0.679015 0.449938
vt 0.686402 0.437669
vt 0.678953 0.425479
vt 0.862652 0.294818
vt 0.900958 0.295147
vt 0.901080 0.287611
vt 0.862738 0.287145
vt 0.900850 0.261062
vt 0.862513 0.260394
vt 0.901105 0.248424
vt 0.862745 0.247734
vt 0.908542 0.288975
vt 0.913220 0.263350
vt 0.850116 0.262865
vt 0.855231 0.288633
vt 0.968933 0.438529
vt 0.968933 0.541315
vt 0.990302 0.541315
vt 0.990302 0.438529
vt 0.990302 0.377804
vt 0.990301 0.275017
vt 0.968932 0.275017
vt 0.968933 0.377804
vt 0.838109 0.242946
vt 0.882559 0.242946
vt 0.882627 0.220025
vt 0.838109 0.220025
vt 0.882559 0.214516
vt 0.838109 0.214516
vt 0.761114 0.125281
vt 0.793028 0.125281
vt 0.793028 0.108849
vt 0.761162 0.108849
vt 0.888136 0.242947
vt 0.888136 0.220025
vt 0.755083 0.109138
vt 0.731835 0.108988
vt 0.729677 0.121890
vt 0.757076 0.122066
vt 0.919081 0.230139
vt 0.919296 0.175990
vt 0.893660 0.179994
vt 0.893562 0.225961
vt 0.891819 0.169066
vt 0.917552 0.164869
vt 0.891845 0.236798
vt 0.917357 0.240962
vt 0.743574 0.104480
vt 0.850272 0.102825
vt 0.850272 0.088665
vt 0.743574 0.088665
vt 0.850272 0.020501
vt 0.743574 0.020501
vt 0.850272 0.003030
vt 0.865709 0.090825
vt 0.865709 0.015405
vt 0.728224 0.016685
vt 0.727304 0.092105
vt 0.983460 0.080071
vt 0.883113 0.080071
vt 0.883113 0.088298
vt 0.983460 0.088298
vt 0.883113 0.147522
vt 0.983460 0.147522
vt 0.883113 0.154776
vt 0.983460 0.155066
vt 0.873752 0.076169
vt 0.992940 0.076169
vt 0.992940 0.005826
vt 0.873752 0.005826
vt 0.991462 0.147522
vt 0.991462 0.088298
vt 0.952457 0.996821
vt 0.970560 0.997140
vt 0.970981 0.973276
vt 0.955902 0.974128
vt 0.624658 0.959808
vt 0.613835 0.988165
vt 0.623014 0.991721
vt 0.633890 0.963368
vt 0.639268 0.971669
vt 0.632533 0.989195
vt 0.615092 0.962349
vt 0.608834 0.970042
vt 0.608284 0.979956
vt 0.223918 0.910653
vt 0.233000 0.910653
vt 0.233000 0.907305
vt 0.223918 0.907305
vt 0.242220 0.910653
vt 0.242220 0.907305
vt 0.251161 0.910653
vt 0.251160 0.907305
vt 0.260035 0.910653
vt 0.260035 0.907305
vt 0.268544 0.910653
vt 0.268544 0.907305
vt 0.277163 0.910653
vt 0.277163 0.907305
vt 0.207906 0.910653
vt 0.215683 0.910653
vt 0.215683 0.907305
vt 0.207906 0.907305
vt 0.853675 0.858557
vt 0.855302 0.845863
vt 0.843172 0.844352
vt 0.841518 0.857027
vt 0.649959 0.965912
vt 0.696430 0.965912
vt 0.696430 0.952047
vt 0.649959 0.952047
vt 0.696430 0.972673
vt 0.649959 0.972673
vt 0.649959 0.984788
vt 0.696430 0.984788
vt 0.649959 0.991922
vt 0.696430 0.991922
vt 0.958798 0.528001
vt 0.958798 0.513416
vt 0.892225 0.513416
vt 0.892225 0.528002
vt 0.892225 0.495377
vt 0.892225 0.507565
vt 0.958798 0.507565
vt 0.958798 0.495376
vt 0.958798 0.490659
vt 0.892225 0.490659
vt 0.650085 0.965852
vt 0.696430 0.965852
vt 0.650085 0.952047
vt 0.696430 0.972605
vt 0.650085 0.972605
vt 0.650085 0.984705
vt 0.696430 0.984705
vt 0.650085 0.991922
vt 0.958798 0.513415
vt 0.892225 0.513415
vt 0.892225 0.528001
vt 0.958798 0.490658
vt 0.892225 0.490658
vt 0.592711 0.965417
vt 0.588222 0.951603
vt 0.550219 0.951608
vt 0.545739 0.965419
vt 0.550215 0.979216
vt 0.588215 0.979224
vt 0.576476 0.987751
vt 0.561961 0.987757
vt 0.576475 0.943077
vt 0.561967 0.943074
vt 0.797692 0.676526
vt 0.795813 0.667596
vt 0.772302 0.670825
vt 0.773357 0.675835
vt 0.792431 0.659122
vt 0.770406 0.666076
vt 0.791452 0.693604
vt 0.795301 0.685331
vt 0.772017 0.680774
vt 0.769856 0.685414
vt 0.797702 0.676526
vt 0.795820 0.667591
vt 0.772294 0.670822
vt 0.773350 0.675834
vt 0.792437 0.659110
vt 0.770398 0.666069
vt 0.791458 0.693615
vt 0.795308 0.685336
vt 0.772010 0.680776
vt 0.769848 0.685420
vt 0.792437 0.659111
vt 0.791457 0.693615
vt 0.743085 0.844945
vt 0.745467 0.860837
vt 0.760808 0.858542
vt 0.758528 0.842570
vt 0.853675 0.858558
vt 0.452325 0.997102
vt 0.468568 0.991563
vt 0.467918 0.946644
vt 0.451523 0.941579
vt 0.435280 0.947116
vt 0.435936 0.992037
vt 0.478205 0.960378
vt 0.478449 0.977536
vt 0.425400 0.961144
vt 0.425649 0.978301
vt 0.397306 0.942556
vt 0.382211 0.947218
vt 0.381609 0.988578
vt 0.396562 0.993678
vt 0.412259 0.947656
vt 0.411657 0.989014
vt 0.421357 0.960570
vt 0.421130 0.976369
vt 0.372738 0.959864
vt 0.372511 0.975662
vt 0.798102 0.885738
vt 0.814208 0.917624
vt 0.826405 0.906006
vt 0.789242 0.887569
vt 0.786081 0.886458
vt 0.767554 0.919929
vt 0.782798 0.925228
vt 0.173513 0.155390
vt 0.183231 0.155676
vt 0.188423 0.147431
vt 0.168910 0.146914
vt 0.183467 0.139131
vt 0.174377 0.138546
vt 0.194991 0.179274
vt 0.207891 0.172147
vt 0.207779 0.158104
vt 0.194765 0.151186
vt 0.181864 0.158313
vt 0.181977 0.172356
vt 0.795787 0.887974
vt 0.456386 0.334431
vt 0.433241 0.334431
vt 0.433241 0.347763
vt 0.351838 0.334431
vt 0.325524 0.334431
vt 0.325524 0.347763
vt 0.351838 0.347763
vt 0.371053 0.334431
vt 0.371053 0.347763
vt 0.390364 0.334431
vt 0.390364 0.347763
vt 0.412002 0.334431
vt 0.412002 0.347763
vt 0.377220 0.266889
vt 0.372396 0.289371
vt 0.444407 0.289371
vt 0.439584 0.266889
vt 0.439584 0.306837
vt 0.377220 0.306837
vt 0.390363 0.347763
vt 0.390363 0.334431
vt 0.456386 0.347763
vt 0.478889 0.347763
vt 0.478889 0.334431
vt 0.559262 0.348354
vt 0.505244 0.347769
vt 0.505244 0.397436
vt 0.559262 0.397062
vt 0.456379 0.334437
vt 0.433234 0.334437
vt 0.433234 0.347769
vt 0.351830 0.334437
vt 0.325517 0.334437
vt 0.325517 0.347769
vt 0.351830 0.347769
vt 0.371046 0.334437
vt 0.390356 0.334437
vt 0.371046 0.347769
vt 0.390356 0.347769
vt 0.411994 0.334437
vt 0.411994 0.347769
vt 0.377213 0.266895
vt 0.372389 0.289377
vt 0.444399 0.289377
vt 0.439576 0.266895
vt 0.439576 0.306843
vt 0.377213 0.306843
vt 0.628535 0.029757
vt 0.650762 0.029757
vt 0.600970 0.032956
vt 0.619981 0.032956
vt 0.674432 0.029758
vt 0.580727 0.032956
vt 0.174822 0.136832
vt 0.189025 0.136979
vt 0.191327 0.128441
vt 0.176133 0.126594
vt 0.212013 0.185213
vt 0.222181 0.184952
vt 0.174829 0.136837
vt 0.176141 0.126603
vt 0.191329 0.128449
vt 0.189029 0.136985
vt 0.222174 0.184944
vt 0.212009 0.185205
vt 0.223976 0.196470
vt 0.213034 0.197378
vt 0.213019 0.206849
vt 0.223957 0.207798
vt 0.186358 0.196200
vt 0.152191 0.196168
vt 0.152185 0.207900
vt 0.186344 0.207939
vt 0.143715 0.195955
vt 0.143715 0.208114
vt 0.029076 0.989527
vt 0.085869 0.982982
vt 0.085950 0.973428
vt 0.028546 0.972752
vt 0.029073 0.919083
vt 0.086440 0.919348
vt 0.086530 0.909799
vt 0.029941 0.902334
vt 0.160624 0.973789
vt 0.161108 0.920146
vt 0.144866 0.920019
vt 0.144381 0.973663
vt 0.012803 0.918944
vt 0.012275 0.972612
vt 0.144329 0.903285
vt 0.143542 0.990387
vt 0.223956 0.207798
vt 0.223974 0.196470
vt 0.029941 0.902335
vt 0.945111 0.584944
vt 0.945189 0.591887
vt 0.965441 0.590457
vt 0.965362 0.583513
vt 0.965441 0.590458
vt 0.432887 0.915098
vt 0.447248 0.915094
vt 0.448154 0.849959
vt 0.431404 0.851894
vt 0.448393 0.833024
vt 0.533533 0.849959
vt 0.533772 0.833024
vt 0.535639 0.764845
vt 0.450253 0.764845
vt 0.450110 0.828183
vt 0.535500 0.828183
vt 0.432886 0.915347
vt 0.431404 0.851905
vt 0.532626 0.915094
vt 0.535638 0.764845
vt 0.535498 0.828183
vt 0.450254 0.764845
vt 0.549546 0.839804
vt 0.686557 0.839804
vt 0.686557 0.766420
vt 0.549546 0.766420
vt 0.551589 0.891219
vt 0.684735 0.891406
vt 0.728195 0.378410
vt 0.728242 0.345495
vt 0.712121 0.343125
vt 0.712069 0.380736
vt 0.695325 0.345451
vt 0.695278 0.378366
vt 0.940809 0.297498
vt 0.899813 0.300379
vt 0.899998 0.325679
vt 0.900832 0.373884
vt 0.939885 0.344344
vt 0.900142 0.343649
vt 0.868001 0.372721
vt 0.868660 0.345654
vt 0.866602 0.297789
vt 0.843504 0.298977
vt 0.844879 0.325713
vt 0.868319 0.324892
vt 0.844917 0.372430
vt 0.845249 0.345712
vt 0.939386 0.324138
vt 0.941715 0.371086
vt 0.944090 0.643423
vt 0.949905 0.657973
vt 0.988907 0.652063
vt 0.997019 0.642184
vt 0.941174 0.629693
vt 0.996136 0.628493
vt 0.947399 0.616345
vt 0.987859 0.615844
vt 0.975149 0.609363
vt 0.959784 0.608446
vt 0.977305 0.661967
vt 0.913207 0.453729
vt 0.911983 0.462700
vt 0.956080 0.463603
vt 0.957304 0.454633
vt 0.956794 0.479568
vt 0.913946 0.417646
vt 0.913480 0.437172
vt 0.957577 0.438075
vt 0.958044 0.418549
vt 0.912697 0.478665
vt 0.852377 0.444507
vt 0.844290 0.440132
vt 0.843951 0.458750
vt 0.836033 0.445066
vt 0.835864 0.454375
vt 0.993792 0.684717
vt 0.994203 0.671255
vt 0.983798 0.664368
vt 0.972933 0.670948
vt 0.972512 0.684500
vt 0.982962 0.691383
vt 0.726423 0.719640
vt 0.736393 0.719640
vt 0.736392 0.711134
vt 0.726423 0.711134
vt 0.717259 0.719640
vt 0.717259 0.711134
vt 0.706925 0.719640
vt 0.706925 0.711134
vt 0.696485 0.719640
vt 0.696485 0.711134
vt 0.685626 0.719640
vt 0.685627 0.711134
vt 0.746240 0.719640
vt 0.746240 0.711134
vt 0.962377 0.382209
vt 0.953389 0.409837
vt 0.962378 0.409832
vt 0.917808 0.382206
vt 0.908728 0.382209
vt 0.908733 0.409840
vt 0.917813 0.409832
vt 0.926084 0.382207
vt 0.926087 0.409835
vt 0.934492 0.382204
vt 0.934492 0.409835
vt 0.943949 0.382205
vt 0.943950 0.409833
vt 0.953388 0.382203
vt 0.765355 0.668489
vt 0.766762 0.663419
vt 0.756110 0.656121
vt 0.752188 0.659469
vt 0.761434 0.671836
vt 0.750782 0.664539
vt 0.756496 0.672182
vt 0.752426 0.669395
vt 0.765117 0.658563
vt 0.761048 0.655775
vt 0.755030 0.690070
vt 0.755121 0.691118
vt 0.767342 0.693549
vt 0.766882 0.688114
vt 0.752680 0.687988
vt 0.753539 0.688588
vt 0.761753 0.678759
vt 0.757282 0.675638
vt 0.929129 0.616217
vt 0.921653 0.618887
vt 0.920002 0.626975
vt 0.935022 0.621201
vt 0.925710 0.632243
vt 0.933476 0.629371
vt 0.857028 0.645947
vt 0.846384 0.658935
vt 0.853634 0.664879
vt 0.862578 0.661358
vt 0.864277 0.651892
vt 0.848080 0.649470
vt 0.836061 0.189941
vt 0.871098 0.177117
vt 0.853693 0.205576
vt 0.835760 0.168035
vt 0.848132 0.147715
vt 0.862902 0.142782
vt 0.852146 0.130615
vt 0.529300 0.311967
vt 0.529108 0.297958
vt 0.551706 0.303766
vt 0.540575 0.321965
vt 0.527892 0.933630
vt 0.538348 0.933583
vt 0.538309 0.923126
vt 0.527846 0.923165
vt 0.625545 0.417834
vt 0.616979 0.448089
vt 0.594928 0.445071
vt 0.655666 0.463990
vt 0.654573 0.448402
vt 0.565258 0.430230
vt 0.560053 0.438792
vt 0.569873 0.436974
vt 0.474983 0.279034
vt 0.497509 0.277984
vt 0.487295 0.270060
vt 0.476619 0.318946
vt 0.486572 0.327711
vt 0.494340 0.318109
vt 0.413139 0.551358
vt 0.417025 0.526779
vt 0.430646 0.563410
vt 0.389300 0.557957
vt 0.388884 0.402444
vt 0.421084 0.413119
vt 0.396349 0.432831
vt 0.468690 0.743511
vt 0.475418 0.747458
vt 0.478038 0.731446
vt 0.510176 0.746045
vt 0.501252 0.732821
vt 0.502587 0.749301
vt 0.506222 0.709553
vt 0.498085 0.704042
vt 0.499863 0.717505
vt 0.474427 0.709006
vt 0.480238 0.716706
vt 0.482262 0.703522
vt 0.502117 0.686692
vt 0.495074 0.681746
vt 0.496119 0.691673
vt 0.477232 0.686534
vt 0.483963 0.691341
vt 0.484430 0.681347
vt 0.500697 0.658278
vt 0.494735 0.654680
vt 0.494075 0.664108
vt 0.478454 0.657938
vt 0.485060 0.663744
vt 0.484474 0.654310
vt 0.500532 0.639841
vt 0.496369 0.635093
vt 0.494899 0.644346
vt 0.478967 0.639371
vt 0.484513 0.643967
vt 0.483350 0.634710
vt 0.503024 0.617634
vt 0.498736 0.615408
vt 0.497418 0.625613
vt 0.477373 0.617081
vt 0.482697 0.625220
vt 0.481834 0.614997
vt 0.481508 0.413066
vt 0.480532 0.414847
vt 0.480974 0.416919
vt 0.564173 0.517083
vt 0.559639 0.500179
vt 0.530028 0.514377
vt 0.551360 0.487118
vt 0.532862 0.478079
vt 0.523434 0.483948
vt 0.510684 0.484103
vt 0.498154 0.500666
vt 0.495473 0.519836
vt 0.501886 0.533329
vt 0.509988 0.544475
vt 0.525011 0.551055
vt 0.546770 0.546941
vt 0.559945 0.535375
vt 0.534909 0.661859
vt 0.534258 0.665116
vt 0.551174 0.674648
vt 0.532890 0.668571
vt 0.532254 0.671591
vt 0.532811 0.675943
vt 0.534498 0.679799
vt 0.552799 0.652439
vt 0.550855 0.652380
vt 0.547589 0.652918
vt 0.543878 0.653910
vt 0.540716 0.655090
vt 0.539240 0.656581
vt 0.536769 0.659202
vt 0.877978 0.856483
vt 0.877232 0.872658
vt 0.889929 0.851614
vt 0.905011 0.870715
vt 0.902126 0.972930
vt 0.877310 0.972490
vt 0.890365 0.983221
vt 0.878460 0.981310
vt 0.905096 0.852899
vt 0.901777 0.982274
vt 0.723741 0.946973
vt 0.722927 0.960191
vt 0.736016 0.945534
vt 0.736322 0.974965
vt 0.725525 0.973947
vt 0.828994 0.946923
vt 0.845428 0.959954
vt 0.843442 0.947405
vt 0.831004 0.976284
vt 0.844607 0.974824
vt 0.972286 0.964119
vt 0.943732 0.957997
vt 0.944710 0.863614
vt 0.970146 0.858760
vt 0.955654 0.852027
vt 0.968477 0.850066
vt 0.945665 0.969435
vt 0.945065 0.855897
vt 0.260362 0.824402
vt 0.258718 0.830026
vt 0.255089 0.827156
vt 0.256301 0.820871
vt 0.250601 0.822925
vt 0.248926 0.828532
vt 0.252981 0.832101
vt 0.252928 0.820876
vt 0.254644 0.815113
vt 0.248278 0.816496
vt 0.250476 0.811502
vt 0.244596 0.813614
vt 0.242846 0.819357
vt 0.247009 0.823010
vt 0.275191 0.846095
vt 0.272207 0.849169
vt 0.274373 0.844567
vt 0.276356 0.841025
vt 0.274536 0.839067
vt 0.271571 0.842145
vt 0.270407 0.847178
vt 0.259081 0.843251
vt 0.262060 0.840121
vt 0.259253 0.837672
vt 0.263258 0.834998
vt 0.261475 0.833043
vt 0.258515 0.836177
vt 0.257318 0.841262
vt 0.503285 0.920274
vt 0.497208 0.920274
vt 0.502118 0.935389
vt 0.492432 0.920274
vt 0.486946 0.920274
vt 0.492081 0.935389
vt 0.524836 0.920274
vt 0.519326 0.920274
vt 0.524730 0.935389
vt 0.480603 0.979707
vt 0.491431 0.994171
vt 0.506829 0.968376
vt 0.508694 0.999504
vt 0.525797 0.993671
vt 0.536202 0.978901
vt 0.535943 0.960833
vt 0.525109 0.946372
vt 0.507847 0.941039
vt 0.490749 0.946871
vt 0.480338 0.961641
vt 0.684567 0.662749
vt 0.696486 0.646341
vt 0.665273 0.636200
vt 0.696486 0.626060
vt 0.684567 0.609652
vt 0.665273 0.603384
vt 0.648314 0.612855
vt 0.637833 0.627283
vt 0.637833 0.645118
vt 0.648314 0.659545
vt 0.665273 0.665057
vt 0.850508 0.375082
vt 0.838249 0.383533
vt 0.850252 0.386839
vt 0.842025 0.128282
vt 0.850396 0.112569
vt 0.235704 0.841928
vt 0.156016 0.842307
vt 0.838848 0.293986
vt 0.836522 0.271306
vt 0.789349 0.276038
vt 0.788994 0.292912
vt 0.836139 0.250269
vt 0.790060 0.252294
vt 0.839620 0.315037
vt 0.790838 0.315774
vt 0.703195 0.252538
vt 0.701350 0.278026
vt 0.702717 0.294367
vt 0.705239 0.318423
vt 0.609743 0.278209
vt 0.612827 0.250235
vt 0.566104 0.247960
vt 0.561762 0.274868
vt 0.613589 0.295274
vt 0.561153 0.299301
vt 0.565614 0.326142
vt 0.617149 0.323913
vt 0.629533 0.183466
vt 0.566967 0.182011
vt 0.566967 0.126163
vt 0.566967 0.155223
vt 0.630310 0.156081
vt 0.631134 0.127271
vt 0.705984 0.185397
vt 0.706103 0.159074
vt 0.706733 0.130212
vt 0.774444 0.185479
vt 0.774579 0.158897
vt 0.775057 0.130741
vt 0.822129 0.186534
vt 0.822129 0.160647
vt 0.822129 0.132483
vt 0.577174 0.415372
vt 0.577174 0.402537
vt 0.502859 0.402537
vt 0.502859 0.415372
vt 0.539672 0.415372
vt 0.539672 0.402537
vt 0.471706 0.438331
vt 0.636580 0.476711
vt 0.635402 0.463953
vt 0.618635 0.472311
vt 0.617759 0.484532
vt 0.586407 0.477005
vt 0.589872 0.463947
vt 0.577521 0.450616
vt 0.570367 0.459338
vt 0.603285 0.468937
vt 0.600916 0.483027
vt 0.606649 0.448516
vt 0.610875 0.414923
vt 0.644722 0.427325
vt 0.626988 0.414531
vt 0.651492 0.439741
vt 0.526991 0.426368
vt 0.517179 0.429381
vt 0.520509 0.440363
vt 0.526439 0.438091
vt 0.508314 0.436417
vt 0.515598 0.445643
vt 0.501521 0.444148
vt 0.512137 0.450798
vt 0.550834 0.446378
vt 0.544670 0.438003
vt 0.536515 0.446600
vt 0.539503 0.452135
vt 0.536437 0.430110
vt 0.532131 0.440845
vt 0.596075 0.350114
vt 0.595279 0.364093
vt 0.596663 0.387825
vt 0.596749 0.401610
vt 0.596662 0.387825
vt 0.663136 0.518737
vt 0.663623 0.527478
vt 0.682644 0.526379
vt 0.682199 0.518654
vt 0.664859 0.537528
vt 0.683664 0.535253
vt 0.665810 0.546416
vt 0.684821 0.542976
vt 0.665566 0.491283
vt 0.664716 0.500080
vt 0.683415 0.502134
vt 0.684459 0.494459
vt 0.663572 0.510028
vt 0.682527 0.510949
vt 0.650936 0.398976
vt 0.674530 0.408171
vt 0.677767 0.395266
vt 0.652159 0.388592
vt 0.648781 0.407089
vt 0.670365 0.420597
vt 0.648387 0.353084
vt 0.650319 0.360342
vt 0.670686 0.351762
vt 0.666825 0.341071
vt 0.651689 0.369751
vt 0.674400 0.363557
vt 0.652289 0.378723
vt 0.676921 0.372844
vt 0.592214 0.524960
vt 0.590939 0.534915
vt 0.621449 0.540027
vt 0.620558 0.528554
vt 0.589752 0.547128
vt 0.622143 0.550196
vt 0.594670 0.490345
vt 0.594752 0.498591
vt 0.622521 0.497268
vt 0.623368 0.487949
vt 0.594036 0.507860
vt 0.621199 0.507995
vt 0.593124 0.516304
vt 0.620347 0.518145
vt 0.504364 0.430179
vt 0.515502 0.422763
vt 0.495900 0.438403
vt 0.549155 0.432091
vt 0.556986 0.441053
vt 0.538674 0.423660
vt 0.527252 0.419817
vt 0.682203 0.577419
vt 0.631173 0.386461
vt 0.628519 0.386594
vt 0.627696 0.394707
vt 0.630349 0.395717
vt 0.678766 0.408335
vt 0.682670 0.395377
vt 0.625912 0.401585
vt 0.628684 0.404191
vt 0.675939 0.418930
vt 0.629771 0.355089
vt 0.627119 0.357395
vt 0.628511 0.363821
vt 0.631029 0.362969
vt 0.674262 0.351414
vt 0.671635 0.342403
vt 0.628946 0.371478
vt 0.631482 0.371692
vt 0.678063 0.361880
vt 0.628892 0.378943
vt 0.631482 0.378980
vt 0.682244 0.374159
vt 0.645908 0.527751
vt 0.646756 0.537356
vt 0.647554 0.545266
vt 0.647633 0.492680
vt 0.646885 0.500323
vt 0.646005 0.509698
vt 0.645609 0.518685
vt 0.487257 0.473748
vt 0.485903 0.460807
vt 0.449069 0.329959
vt 0.448603 0.316962
vt 0.448902 0.277481
vt 0.450991 0.265335
vt 0.514716 0.278513
vt 0.512667 0.266454
vt 0.512826 0.330007
vt 0.514338 0.317901
vt 0.358009 0.500349
vt 0.344818 0.501772
vt 0.378054 0.519648
vt 0.377081 0.501295
vt 0.324464 0.502603
vt 0.324714 0.520542
vt 0.322774 0.478356
vt 0.378120 0.476568
vt 0.222063 0.640983
vt 0.232602 0.641656
vt 0.229869 0.626101
vt 0.224076 0.625716
vt 0.242917 0.638984
vt 0.237795 0.625314
vt 0.211398 0.638579
vt 0.216061 0.625036
vt 0.231040 0.609000
vt 0.223056 0.609127
vt 0.215592 0.609352
vt 0.238469 0.609318
vt 0.241387 0.594449
vt 0.242833 0.589244
vt 0.324357 0.638458
vt 0.323444 0.627585
vt 0.312039 0.627996
vt 0.311729 0.634709
vt 0.321996 0.615624
vt 0.311409 0.619644
vt 0.303156 0.626893
vt 0.301772 0.638365
vt 0.303036 0.619791
vt 0.302390 0.645062
vt 0.310686 0.643271
vt 0.321144 0.647155
vt 0.380656 0.590156
vt 0.378793 0.606734
vt 0.012612 0.615551
vt 0.032947 0.613055
vt 0.032996 0.596849
vt 0.016472 0.597515
vt 0.304228 0.684120
vt 0.324279 0.687030
vt 0.320886 0.671506
vt 0.304361 0.670512
vt 0.324497 0.651731
vt 0.304580 0.655376
vt 0.033075 0.578771
vt 0.013316 0.574716
vt 0.748480 0.702196
vt 0.659803 0.698968
vt 0.747992 0.664740
vt 0.660352 0.668247
vt 0.580222 0.666178
vt 0.578935 0.701757
vt 0.378793 0.606735
vt 0.380656 0.590154
vt 0.012613 0.615550
vt 0.016473 0.597515
vt 0.032945 0.613053
vt 0.304227 0.684121
vt 0.304360 0.670511
vt 0.324279 0.687032
vt 0.304578 0.655375
vt 0.324496 0.651730
vt 0.013317 0.574717
vt 0.033075 0.578772
vt 0.397326 0.525455
vt 0.377378 0.549829
vt 0.382728 0.483359
vt 0.404267 0.484518
vt 0.391658 0.460595
vt 0.412854 0.460201
vt 0.375531 0.411402
vt 0.379646 0.431434
vt 0.464447 0.403667
vt 0.464447 0.422788
vt 0.464447 0.453096
vt 0.464447 0.481306
vt 0.464447 0.522919
vt 0.464447 0.569581
vt 0.010190 0.305514
vt 0.460008 0.693674
vt 0.460009 0.657172
vt 0.442813 0.657173
vt 0.442813 0.693674
vt 0.460009 0.632714
vt 0.442813 0.632714
vt 0.460009 0.612313
vt 0.442813 0.612313
vt 0.651918 0.581730
vt 0.651909 0.597528
vt 0.460008 0.751131
vt 0.442812 0.751130
vt 0.812776 0.683445
vt 0.813882 0.685355
vt 0.818483 0.683168
vt 0.816824 0.680039
vt 0.814511 0.687440
vt 0.819374 0.686466
vt 0.814662 0.689588
vt 0.819492 0.689809
vt 0.814439 0.691373
vt 0.818891 0.692930
vt 0.813712 0.693053
vt 0.817568 0.695812
vt 0.812567 0.694474
vt 0.815588 0.698344
vt 0.811143 0.695494
vt 0.813017 0.700465
vt 0.809581 0.695998
vt 0.809852 0.702204
vt 0.808041 0.695903
vt 0.805861 0.703835
vt 0.805637 0.680477
vt 0.807485 0.680282
vt 0.807391 0.672942
vt 0.802386 0.671108
vt 0.809413 0.680776
vt 0.811276 0.674891
vt 0.811241 0.681879
vt 0.814402 0.677265
vt 0.823809 0.680791
vt 0.821558 0.676344
vt 0.824941 0.685510
vt 0.824999 0.690208
vt 0.824005 0.694745
vt 0.822035 0.698904
vt 0.819161 0.702605
vt 0.815456 0.705788
vt 0.810935 0.708504
vt 0.805497 0.710831
vt 0.808411 0.665482
vt 0.801715 0.662733
vt 0.813854 0.668651
vt 0.818242 0.672245
vt 0.830202 0.678209
vt 0.827367 0.672210
vt 0.831594 0.684488
vt 0.831524 0.690843
vt 0.830086 0.696914
vt 0.827377 0.702496
vt 0.823544 0.707391
vt 0.818698 0.711590
vt 0.812929 0.715186
vt 0.806296 0.718397
vt 0.810670 0.657642
vt 0.802657 0.653692
vt 0.817509 0.661920
vt 0.823095 0.666781
vt 0.838055 0.675248
vt 0.834566 0.667575
vt 0.839666 0.683448
vt 0.839417 0.691721
vt 0.837409 0.699631
vt 0.833841 0.706759
vt 0.828920 0.712903
vt 0.822842 0.718003
vt 0.815778 0.722248
vt 0.808002 0.726193
vt 0.814102 0.649457
vt 0.804901 0.644510
vt 0.822376 0.654653
vt 0.829290 0.660653
vt 0.847724 0.671826
vt 0.843520 0.662151
vt 0.849553 0.682315
vt 0.849007 0.692983
vt 0.846253 0.703090
vt 0.841608 0.712018
vt 0.835426 0.719424
vt 0.827944 0.725250
vt 0.819320 0.729601
vt 0.809824 0.732673
vt 0.818443 0.641044
vt 0.807332 0.637017
vt 0.828578 0.646584
vt 0.837071 0.653672
vt 0.494638 0.672668
vt 0.484639 0.672262
vt 0.500869 0.672188
vt 0.478404 0.671920
vt 0.882516 0.759686
vt 0.897602 0.759686
vt 0.894575 0.739550
vt 0.880596 0.739550
vt 0.912157 0.759686
vt 0.908064 0.739550
vt 0.926600 0.759686
vt 0.921447 0.739550
vt 0.939670 0.759686
vt 0.933559 0.739550
vt 0.772985 0.759686
vt 0.786521 0.759686
vt 0.791639 0.739550
vt 0.779096 0.739550
vt 0.800131 0.759686
vt 0.804252 0.739550
vt 0.812358 0.759686
vt 0.815583 0.739550
vt 0.825814 0.759686
vt 0.828051 0.739550
vt 0.839090 0.759686
vt 0.840355 0.739550
vt 0.853467 0.759686
vt 0.853677 0.739550
vt 0.868155 0.759686
vt 0.867288 0.739550
vt 0.492522 0.405842
vt 0.488491 0.410470
vt 0.490537 0.415106
vt 0.495655 0.414867
vt 0.483134 0.401702
vt 0.483671 0.408808
vt 0.473015 0.405270
vt 0.478481 0.409747
vt 0.469851 0.414277
vt 0.476164 0.414487
vt 0.472516 0.422852
vt 0.477526 0.419689
vt 0.479280 0.427938
vt 0.481529 0.422787
vt 0.487217 0.427894
vt 0.486123 0.422698
vt 0.493431 0.422925
vt 0.489479 0.419817
vt 0.485389 0.413277
vt 0.486353 0.415094
vt 0.483464 0.412509
vt 0.482561 0.418274
vt 0.484524 0.418317
vt 0.485997 0.417071
vt 0.588463 0.518375
vt 0.582757 0.491275
vt 0.570695 0.495881
vt 0.575900 0.516719
vt 0.566828 0.468381
vt 0.559197 0.477783
vt 0.535401 0.454759
vt 0.532256 0.465815
vt 0.516879 0.456777
vt 0.518735 0.470859
vt 0.499636 0.466084
vt 0.505757 0.472895
vt 0.473138 0.492132
vt 0.487052 0.495200
vt 0.470232 0.524442
vt 0.483049 0.521494
vt 0.481714 0.551020
vt 0.492030 0.541298
vt 0.495590 0.565471
vt 0.502472 0.553718
vt 0.521148 0.577834
vt 0.523453 0.564415
vt 0.558234 0.570570
vt 0.554978 0.558762
vt 0.580638 0.549861
vt 0.570313 0.541447
vt 0.564829 0.497612
vt 0.569874 0.516277
vt 0.555378 0.482994
vt 0.532035 0.473987
vt 0.522213 0.478517
vt 0.508946 0.479077
vt 0.495046 0.497752
vt 0.489829 0.519888
vt 0.496198 0.535370
vt 0.506121 0.548829
vt 0.524733 0.556142
vt 0.550366 0.551457
vt 0.565224 0.537461
vt 0.367978 0.622362
vt 0.370326 0.670884
vt 0.354199 0.672557
vt 0.349318 0.623464
vt 0.375342 0.711606
vt 0.360147 0.711872
vt 0.358820 0.757868
vt 0.345021 0.748431
vt 0.342426 0.802453
vt 0.325386 0.791696
vt 0.765206 0.813032
vt 0.741407 0.764660
vt 0.727179 0.778369
vt 0.746954 0.819947
vt 0.641326 0.908115
vt 0.641490 0.939059
vt 0.420575 0.670676
vt 0.420456 0.622477
vt 0.666350 0.911004
vt 0.666413 0.938950
vt 0.420661 0.711339
vt 0.687944 0.900943
vt 0.687880 0.938966
vt 0.420681 0.757066
vt 0.714393 0.889311
vt 0.714168 0.939083
vt 0.420616 0.803564
vt 0.726912 0.840712
vt 0.693998 0.819251
vt 0.843397 0.766143
vt 0.842668 0.814157
vt 0.420952 0.813491
vt 0.420519 0.919310
vt 0.342421 0.919310
vt 0.342421 0.813491
vt 0.325579 0.919310
vt 0.325562 0.813491
vt 0.321004 0.848879
vt 0.320796 0.903364
vt 0.278067 0.903008
vt 0.278421 0.848669
vt 0.367977 0.622359
vt 0.360147 0.711871
vt 0.375344 0.711606
vt 0.342426 0.802456
vt 0.741407 0.764661
vt 0.325574 0.813491
vt 0.325591 0.919310
vt 0.928846 0.238454
vt 0.955163 0.238449
vt 0.958342 0.201882
vt 0.925667 0.201882
vt 0.928846 0.238452
vt 0.955163 0.238456
vt 0.955119 0.169575
vt 0.928798 0.169575
vt 0.293485 0.577328
vt 0.255393 0.577328
vt 0.250861 0.624083
vt 0.298149 0.624083
vt 0.255462 0.677010
vt 0.293548 0.677003
vt 0.595373 0.720752
vt 0.595373 0.727266
vt 0.599532 0.727266
vt 0.599532 0.720752
vt 0.599532 0.713925
vt 0.595373 0.713925
vt 0.856994 0.676371
vt 0.856994 0.692316
vt 0.865952 0.692316
vt 0.865952 0.676370
vt 0.856993 0.669547
vt 0.865952 0.669547
vt 0.561124 0.713515
vt 0.561124 0.720739
vt 0.566061 0.720739
vt 0.566062 0.713515
vt 0.561124 0.707194
vt 0.566061 0.707194
vt 0.603626 0.727267
vt 0.603626 0.720752
vt 0.603626 0.713925
vt 0.874771 0.692316
vt 0.874771 0.676370
vt 0.874771 0.669547
vt 0.570922 0.720739
vt 0.570922 0.713515
vt 0.570922 0.707194
vt 0.607882 0.727266
vt 0.607882 0.720752
vt 0.607882 0.713925
vt 0.883941 0.692316
vt 0.883941 0.676370
vt 0.883941 0.669547
vt 0.575975 0.720739
vt 0.575975 0.713515
vt 0.575975 0.707194
vt 0.612524 0.713925
vt 0.612524 0.720752
vt 0.612524 0.727266
vt 0.893936 0.692316
vt 0.893938 0.676370
vt 0.893936 0.669547
vt 0.581485 0.720739
vt 0.581485 0.713515
vt 0.581485 0.707194
vt 0.616770 0.713925
vt 0.903084 0.692316
vt 0.903084 0.676370
vt 0.903084 0.669547
vt 0.586525 0.720739
vt 0.586525 0.713515
vt 0.586526 0.707194
vt 0.621440 0.713925
vt 0.913145 0.676371
vt 0.913145 0.692316
vt 0.913145 0.669547
vt 0.592071 0.713515
vt 0.592071 0.720739
vt 0.592071 0.707194
vt 0.561124 0.726221
vt 0.566062 0.726221
vt 0.586526 0.726221
vt 0.592071 0.726221
vt 0.581485 0.726221
vt 0.575975 0.726221
vt 0.570922 0.726221
vt 0.592071 0.705581
vt 0.586525 0.705581
vt 0.566061 0.705580
vt 0.561124 0.705581
vt 0.570922 0.705581
vt 0.575975 0.705580
vt 0.581485 0.705581
vt 0.561124 0.727869
vt 0.566062 0.727869
vt 0.586525 0.727869
vt 0.592071 0.727869
vt 0.581485 0.727869
vt 0.575975 0.727869
vt 0.570922 0.727869
vt 0.747637 0.758623
vt 0.756599 0.758623
vt 0.756599 0.747687
vt 0.747637 0.747687
vt 0.634474 0.758623
vt 0.645304 0.758623
vt 0.645304 0.747687
vt 0.634474 0.747687
vt 0.654934 0.758623
vt 0.654934 0.747687
vt 0.665270 0.758623
vt 0.665270 0.747687
vt 0.675491 0.758623
vt 0.675491 0.747687
vt 0.685636 0.758623
vt 0.685636 0.747687
vt 0.695509 0.758623
vt 0.695509 0.747687
vt 0.705178 0.758623
vt 0.705178 0.747687
vt 0.716021 0.758623
vt 0.716021 0.747687
vt 0.726917 0.758623
vt 0.726917 0.747687
vt 0.737640 0.758623
vt 0.737640 0.747687
vt 0.699611 0.737629
vt 0.709390 0.737629
vt 0.709390 0.728639
vt 0.699611 0.728639
vt 0.690890 0.737629
vt 0.690890 0.728639
vt 0.681985 0.737629
vt 0.681985 0.728639
vt 0.672836 0.737629
vt 0.672836 0.728639
vt 0.663617 0.737629
vt 0.663617 0.728639
vt 0.654295 0.737629
vt 0.654295 0.728639
vt 0.645609 0.737629
vt 0.645609 0.728639
vt 0.635841 0.737629
vt 0.635841 0.728639
vt 0.737905 0.737629
vt 0.745988 0.737629
vt 0.745988 0.728639
vt 0.737905 0.728639
vt 0.728889 0.737629
vt 0.728889 0.728639
vt 0.719217 0.737629
vt 0.719217 0.728639
vt 0.586105 0.759121
vt 0.595477 0.759121
vt 0.595477 0.731390
vt 0.586105 0.731390
vt 0.577747 0.759121
vt 0.577747 0.731390
vt 0.569212 0.759121
vt 0.569212 0.731390
vt 0.560443 0.759121
vt 0.560443 0.731390
vt 0.551607 0.759121
vt 0.551607 0.731390
vt 0.542673 0.759121
vt 0.542673 0.731390
vt 0.534348 0.759121
vt 0.534348 0.731390
vt 0.524987 0.759121
vt 0.524987 0.731390
vt 0.622807 0.759121
vt 0.630554 0.759121
vt 0.630554 0.731390
vt 0.622807 0.731390
vt 0.614165 0.759121
vt 0.614165 0.731390
vt 0.604896 0.759121
vt 0.604896 0.731390
vt 0.756599 0.743685
vt 0.747637 0.743685
vt 0.645304 0.743685
vt 0.634474 0.743685
vt 0.654934 0.743685
vt 0.665270 0.743685
vt 0.675491 0.743685
vt 0.685636 0.743685
vt 0.695509 0.743685
vt 0.705178 0.743685
vt 0.716021 0.743685
vt 0.726917 0.743685
vt 0.737640 0.743685
vt 0.699611 0.740018
vt 0.709390 0.740018
vt 0.690890 0.740018
vt 0.681985 0.740018
vt 0.672836 0.740018
vt 0.663617 0.740018
vt 0.654295 0.740018
vt 0.645609 0.740018
vt 0.635841 0.740018
vt 0.737905 0.740018
vt 0.745988 0.740018
vt 0.728889 0.740018
vt 0.719217 0.740018
vt 0.745988 0.723912
vt 0.737905 0.723912
vt 0.645609 0.723912
vt 0.635841 0.723912
vt 0.654295 0.723912
vt 0.663617 0.723912
vt 0.672836 0.723912
vt 0.681985 0.723912
vt 0.690890 0.723912
vt 0.699611 0.723912
vt 0.709390 0.723912
vt 0.719217 0.723912
vt 0.728889 0.723912
vt 0.972643 0.711952
vt 0.585126 0.660273
vt 0.968933 0.602040
vt 0.990302 0.602040
vt 0.832599 0.220025
vt 0.832599 0.242946
vt 0.743574 0.004685
vt 0.874107 0.088298
vt 0.874107 0.147522
vt 0.887681 0.834634
vt 0.872827 0.839011
vt 0.877263 0.993981
vt 0.889869 0.995168
vt 0.862885 0.858991
vt 0.868188 0.873530
vt 0.914042 0.872083
vt 0.920439 0.856190
vt 0.914115 0.980316
vt 0.911058 0.972195
vt 0.868396 0.971865
vt 0.865750 0.979998
vt 0.905493 0.835033
vt 0.902012 0.994943
vt 0.875440 0.921242
vt 0.903952 0.919621
vt 0.913021 0.919889
vt 0.866390 0.921260
vt 0.699648 0.948281
vt 0.703024 0.963093
vt 0.862856 0.959286
vt 0.861806 0.945918
vt 0.730020 0.993369
vt 0.738191 0.987277
vt 0.738020 0.932516
vt 0.729094 0.925627
vt 0.862882 0.974810
vt 0.705509 0.977442
vt 0.778391 0.975353
vt 0.779001 0.945164
vt 0.779225 0.932086
vt 0.778187 0.988191
vt 0.840872 0.929298
vt 0.827900 0.934040
vt 0.829627 0.988919
vt 0.842546 0.993311
vt 0.964984 0.833800
vt 0.951820 0.836633
vt 0.990713 0.968848
vt 0.984178 0.962364
vt 0.932031 0.956549
vt 0.925678 0.966767
vt 0.928983 0.858811
vt 0.933210 0.865106
vt 0.981805 0.859541
vt 0.985608 0.851314
vt 0.938975 0.992992
vt 0.940448 0.839911
vt 0.932698 0.907687
vt 0.944597 0.907822
vt 0.983276 0.912869
vt 0.971340 0.913129
vt 0.263387 0.820968
vt 0.260536 0.830772
vt 0.256313 0.814849
vt 0.246400 0.818415
vt 0.243450 0.828163
vt 0.250511 0.834400
vt 0.263341 0.817739
vt 0.260016 0.829144
vt 0.255109 0.810639
vt 0.243571 0.814783
vt 0.240112 0.826113
vt 0.248325 0.833374
vt 0.260162 0.815582
vt 0.257240 0.825524
vt 0.252981 0.809384
vt 0.242889 0.813007
vt 0.239864 0.822891
vt 0.247031 0.829211
vt 0.273779 0.846308
vt 0.268600 0.851651
vt 0.275811 0.837484
vt 0.272655 0.834114
vt 0.267535 0.839468
vt 0.265509 0.848181
vt 0.270482 0.845127
vt 0.264499 0.851328
vt 0.272847 0.834896
vt 0.269220 0.831016
vt 0.263314 0.837231
vt 0.260958 0.847313
vt 0.266182 0.842857
vt 0.261006 0.848258
vt 0.268246 0.833980
vt 0.265129 0.830614
vt 0.260012 0.836023
vt 0.257954 0.844789
vt 0.610201 0.993026
vt 0.622646 0.997530
vt 0.635725 0.994072
vt 0.644223 0.983536
vt 0.638750 0.981532
vt 0.644854 0.970053
vt 0.637480 0.958808
vt 0.624946 0.954015
vt 0.611984 0.957453
vt 0.603448 0.967843
vt 0.602536 0.981548
vt 0.223917 0.932574
vt 0.232999 0.932574
vt 0.233000 0.920753
vt 0.223917 0.920753
vt 0.242220 0.932574
vt 0.242221 0.920753
vt 0.251160 0.932574
vt 0.251160 0.920753
vt 0.260035 0.932574
vt 0.260035 0.920753
vt 0.268544 0.932574
vt 0.268544 0.920753
vt 0.277163 0.932574
vt 0.277163 0.920753
vt 0.207906 0.932574
vt 0.215683 0.932574
vt 0.215684 0.920753
vt 0.207906 0.920753
vt 0.515161 0.920274
vt 0.508480 0.920274
vt 0.513159 0.935389
vt 0.482685 0.920274
vt 0.482685 0.935389
vt 0.843661 0.831557
vt 0.819500 0.827674
vt 0.819713 0.842626
vt 0.821588 0.854563
vt 0.820635 0.869631
vt 0.838933 0.868515
vt 0.783801 0.855202
vt 0.763696 0.873734
vt 0.786416 0.871830
vt 0.782820 0.842597
vt 0.783786 0.825691
vt 0.759320 0.826753
vt 0.802566 0.854047
vt 0.803938 0.869997
vt 0.801575 0.826974
vt 0.800737 0.842863
vt 0.542787 0.946218
vt 0.536571 0.965426
vt 0.542788 0.984598
vt 0.559123 0.996488
vt 0.579316 0.996466
vt 0.595626 0.984618
vt 0.601901 0.965425
vt 0.595647 0.946198
vt 0.579308 0.934361
vt 0.559139 0.934348
vt 0.782819 0.842597
vt 0.224206 0.989148
vt 0.238950 0.989148
vt 0.238950 0.961720
vt 0.224206 0.961720
vt 0.255949 0.989148
vt 0.255949 0.961720
vt 0.272788 0.989148
vt 0.272788 0.961720
vt 0.288974 0.989148
vt 0.288974 0.961720
vt 0.306463 0.989148
vt 0.306463 0.961720
vt 0.323231 0.989148
vt 0.323231 0.961720
vt 0.339239 0.989148
vt 0.339239 0.961720
vt 0.355049 0.989148
vt 0.355049 0.961720
vt 0.368223 0.989148
vt 0.368223 0.961720
vt 0.207121 0.989148
vt 0.207121 0.961720
vt 0.207395 0.958377
vt 0.221277 0.958377
vt 0.221277 0.940272
vt 0.207395 0.940272
vt 0.236980 0.958377
vt 0.236980 0.940272
vt 0.252534 0.958377
vt 0.252534 0.940272
vt 0.267492 0.958377
vt 0.267492 0.940272
vt 0.282960 0.958377
vt 0.282960 0.940272
vt 0.297506 0.958377
vt 0.297506 0.940272
vt 0.312107 0.958377
vt 0.312107 0.940272
vt 0.326609 0.958377
vt 0.326609 0.940272
vt 0.340477 0.958377
vt 0.340477 0.940272
vt 0.353511 0.958377
vt 0.353511 0.940272
vt 0.244109 0.761706
vt 0.254564 0.761442
vt 0.254755 0.752994
vt 0.243283 0.752660
vt 0.265432 0.762039
vt 0.265848 0.753583
vt 0.276282 0.763408
vt 0.277002 0.753908
vt 0.286803 0.765604
vt 0.288526 0.754549
vt 0.296804 0.768765
vt 0.300125 0.756467
vt 0.246936 0.782374
vt 0.254690 0.781015
vt 0.262737 0.781821
vt 0.270448 0.784814
vt 0.277369 0.789342
vt 0.283527 0.794494
vt 0.248280 0.806800
vt 0.253085 0.805996
vt 0.257812 0.806614
vt 0.262222 0.808685
vt 0.266210 0.811780
vt 0.269832 0.815302
vt 0.792508 0.888345
vt 0.799010 0.924296
vt 0.783049 0.885021
vt 0.755406 0.909143
vt 0.780759 0.882646
vt 0.747574 0.894536
vt 0.433241 0.397430
vt 0.456386 0.397430
vt 0.325524 0.397430
vt 0.351838 0.397430
vt 0.371053 0.397430
vt 0.390364 0.397430
vt 0.412002 0.397430
vt 0.433587 0.254843
vt 0.445877 0.254833
vt 0.445709 0.192432
vt 0.434165 0.192550
vt 0.422955 0.254845
vt 0.424181 0.192806
vt 0.410655 0.254588
vt 0.412743 0.193408
vt 0.390056 0.254089
vt 0.391217 0.194966
vt 0.458216 0.255010
vt 0.468927 0.254922
vt 0.467250 0.192560
vt 0.457255 0.192394
vt 0.444716 0.005849
vt 0.427037 0.006031
vt 0.411726 0.006585
vt 0.394088 0.008055
vt 0.371787 0.010630
vt 0.478706 0.193054
vt 0.500278 0.194393
vt 0.517699 0.009834
vt 0.495369 0.007501
vt 0.477713 0.006223
vt 0.462396 0.005837
vt 0.390363 0.397430
vt 0.505253 0.397430
vt 0.505253 0.347763
vt 0.478889 0.397430
vt 0.458216 0.255011
vt 0.467249 0.192560
vt 0.481304 0.254550
vt 0.502013 0.253817
vt 0.500278 0.194392
vt 0.325523 0.334431
vt 0.325523 0.347763
vt 0.505253 0.334431
vt 0.517699 0.009835
vt 0.573963 0.010867
vt 0.546586 0.196227
vt 0.546586 0.196228
vt 0.546788 0.255153
vt 0.559262 0.334313
vt 0.505244 0.334437
vt 0.433234 0.397436
vt 0.456379 0.397436
vt 0.456379 0.347769
vt 0.478881 0.397436
vt 0.478881 0.347769
vt 0.325517 0.397436
vt 0.351830 0.397436
vt 0.371046 0.397436
vt 0.390356 0.397436
vt 0.411994 0.397436
vt 0.433579 0.254849
vt 0.445870 0.254839
vt 0.445702 0.192438
vt 0.434159 0.192556
vt 0.422947 0.254850
vt 0.424174 0.192811
vt 0.410648 0.254593
vt 0.412736 0.193413
vt 0.390049 0.254094
vt 0.391210 0.194972
vt 0.481297 0.254555
vt 0.502006 0.253823
vt 0.500270 0.194399
vt 0.478698 0.193060
vt 0.468920 0.254927
vt 0.467242 0.192566
vt 0.458209 0.255016
vt 0.457247 0.192400
vt 0.478881 0.334437
vt 0.444709 0.005856
vt 0.427029 0.006038
vt 0.411720 0.006592
vt 0.394081 0.008062
vt 0.371780 0.010637
vt 0.517692 0.009840
vt 0.495361 0.007508
vt 0.477706 0.006230
vt 0.462389 0.005844
vt 0.573080 0.111794
vt 0.617867 0.111794
vt 0.617853 0.089806
vt 0.573071 0.089806
vt 0.623897 0.111794
vt 0.647030 0.111794
vt 0.647029 0.089806
vt 0.623887 0.089806
vt 0.670910 0.111794
vt 0.670920 0.089806
vt 0.616463 0.083451
vt 0.573144 0.083451
vt 0.624826 0.083451
vt 0.647085 0.083451
vt 0.669990 0.083451
vt 0.573159 0.118205
vt 0.616489 0.118205
vt 0.647086 0.118205
vt 0.669977 0.118205
vt 0.624841 0.118205
vt 0.721801 0.089806
vt 0.678175 0.089806
vt 0.678162 0.111794
vt 0.721792 0.111794
vt 0.721708 0.083451
vt 0.679462 0.083451
vt 0.679434 0.118205
vt 0.721693 0.118205
vt 0.715725 0.056066
vt 0.715723 0.032352
vt 0.682043 0.032352
vt 0.682041 0.056066
vt 0.715726 0.078252
vt 0.682040 0.078251
vt 0.710043 0.029956
vt 0.687722 0.029957
vt 0.687718 0.080599
vt 0.710048 0.080599
vt 0.715724 0.056066
vt 0.682043 0.032353
vt 0.715722 0.032353
vt 0.715725 0.078251
vt 0.710043 0.029957
vt 0.687723 0.029957
vt 0.202559 0.197150
vt 0.202544 0.207042
vt 0.180225 0.157496
vt 0.168351 0.158737
vt 0.169209 0.175931
vt 0.179621 0.174454
vt 0.181754 0.189784
vt 0.187389 0.183595
vt 0.203120 0.194920
vt 0.202461 0.187693
vt 0.180231 0.157515
vt 0.179629 0.174456
vt 0.169227 0.175931
vt 0.168368 0.158755
vt 0.187388 0.183587
vt 0.181758 0.189769
vt 0.202444 0.187681
vt 0.203102 0.194901
vt 0.144716 0.126890
vt 0.143601 0.143303
vt 0.153187 0.143957
vt 0.155341 0.127980
vt 0.166833 0.147117
vt 0.167453 0.130088
vt 0.156468 0.130088
vt 0.157086 0.147117
vt 0.143677 0.162180
vt 0.151780 0.162337
vt 0.166138 0.159930
vt 0.157899 0.159930
vt 0.145001 0.185061
vt 0.150461 0.185078
vt 0.164736 0.176598
vt 0.157603 0.176598
vt 0.166909 0.908600
vt 0.166909 0.944868
vt 0.201591 0.944868
vt 0.201591 0.908600
vt 0.166909 0.981830
vt 0.201591 0.981830
vt 0.168368 0.158754
vt 0.151778 0.162337
vt 0.157900 0.159930
vt 0.890755 0.733858
vt 0.898922 0.733858
vt 0.898869 0.702745
vt 0.891741 0.702745
vt 0.907283 0.733858
vt 0.906193 0.702745
vt 0.915853 0.733858
vt 0.913663 0.702745
vt 0.924218 0.733858
vt 0.920871 0.702745
vt 0.932056 0.733858
vt 0.927442 0.702745
vt 0.849772 0.733858
vt 0.857324 0.733858
vt 0.862545 0.702745
vt 0.856201 0.702745
vt 0.865355 0.733858
vt 0.869515 0.702745
vt 0.873860 0.733858
vt 0.876967 0.702745
vt 0.882431 0.733858
vt 0.884482 0.702745
vt 0.877212 0.695801
vt 0.869967 0.695801
vt 0.863093 0.695801
vt 0.855827 0.695801
vt 0.927610 0.695801
vt 0.919918 0.695801
vt 0.912946 0.695801
vt 0.906382 0.695801
vt 0.899676 0.695801
vt 0.892485 0.695801
vt 0.884848 0.695801
vt 0.890755 0.733859
vt 0.898921 0.733859
vt 0.898869 0.702746
vt 0.891741 0.702746
vt 0.907283 0.733859
vt 0.906193 0.702746
vt 0.915852 0.733859
vt 0.913663 0.702746
vt 0.924219 0.733859
vt 0.920872 0.702746
vt 0.932056 0.733859
vt 0.927442 0.702746
vt 0.849772 0.733859
vt 0.857325 0.733859
vt 0.862545 0.702746
vt 0.856201 0.702746
vt 0.865356 0.733859
vt 0.869515 0.702746
vt 0.873860 0.733859
vt 0.876967 0.702746
vt 0.882430 0.733859
vt 0.884482 0.702746
vt 0.877212 0.695802
vt 0.869967 0.695802
vt 0.863093 0.695802
vt 0.855827 0.695802
vt 0.927610 0.695802
vt 0.919918 0.695802
vt 0.912946 0.695802
vt 0.906382 0.695802
vt 0.899675 0.695802
vt 0.892485 0.695802
vt 0.884849 0.695802
vt 0.532627 0.915094
vt 0.692740 0.609015
vt 0.717206 0.609015
vt 0.717206 0.593044
vt 0.692740 0.593044
vt 0.742813 0.609015
vt 0.742813 0.593044
vt 0.765585 0.609015
vt 0.765585 0.593044
vt 0.790694 0.609015
vt 0.790694 0.593044
vt 0.814694 0.609015
vt 0.814694 0.593044
vt 0.842015 0.609015
vt 0.842015 0.593044
vt 0.867997 0.609015
vt 0.867997 0.593044
vt 0.893928 0.609015
vt 0.893928 0.593044
vt 0.918320 0.609015
vt 0.918320 0.593044
vt 0.939929 0.609015
vt 0.939929 0.593044
vt 0.692740 0.557075
vt 0.717206 0.557075
vt 0.717206 0.549366
vt 0.692740 0.549445
vt 0.742813 0.557075
vt 0.742813 0.549430
vt 0.765585 0.557075
vt 0.765585 0.549427
vt 0.790694 0.557075
vt 0.790694 0.549449
vt 0.814694 0.557075
vt 0.814694 0.549420
vt 0.842015 0.557075
vt 0.842015 0.549403
vt 0.867997 0.557075
vt 0.867997 0.549417
vt 0.893928 0.557075
vt 0.893928 0.549408
vt 0.918320 0.557075
vt 0.918320 0.549438
vt 0.939929 0.557075
vt 0.939929 0.549388
vt 0.717206 0.539500
vt 0.692740 0.539500
vt 0.742813 0.539500
vt 0.765585 0.539500
vt 0.790694 0.539500
vt 0.814694 0.539500
vt 0.842015 0.539500
vt 0.867997 0.539500
vt 0.893928 0.539500
vt 0.918320 0.539500
vt 0.939929 0.539500
vt 0.867997 0.575341
vt 0.893928 0.575341
vt 0.842015 0.575341
vt 0.814694 0.575341
vt 0.790694 0.575341
vt 0.765585 0.575341
vt 0.742813 0.575341
vt 0.717206 0.575341
vt 0.692740 0.575341
vt 0.918320 0.575341
vt 0.939929 0.575341
vt 0.692520 0.407616
vt 0.692520 0.438477
vt 0.725542 0.438477
vt 0.725542 0.407616
vt 0.725542 0.502057
vt 0.725542 0.470710
vt 0.692520 0.470710
vt 0.692520 0.502057
vt 0.692520 0.453555
vt 0.725542 0.453555
vt 0.692520 0.518117
vt 0.692520 0.533770
vt 0.725542 0.533770
vt 0.725542 0.518117
vt 0.729861 0.438477
vt 0.729861 0.407616
vt 0.729861 0.453555
vt 0.729861 0.502057
vt 0.729861 0.470710
vt 0.729861 0.533770
vt 0.729861 0.518117
vt 0.734306 0.534676
vt 0.783426 0.534676
vt 0.783469 0.485554
vt 0.734878 0.485438
vt 0.832497 0.535082
vt 0.832123 0.485559
vt 0.783453 0.436543
vt 0.734464 0.436118
vt 0.832472 0.436098
vt 0.872792 0.613786
vt 0.853734 0.612237
vt 0.853944 0.628134
vt 0.870679 0.629661
vt 0.835799 0.613290
vt 0.838282 0.628773
vt 0.967861 0.746371
vt 0.969147 0.727937
vt 0.954108 0.728889
vt 0.952982 0.745012
vt 0.967303 0.710321
vt 0.952588 0.713255
vt 0.962781 0.693028
vt 0.948703 0.697853
vt 0.955664 0.677432
vt 0.942633 0.684041
vt 0.946876 0.660263
vt 0.935073 0.669134
vt 0.935251 0.646255
vt 0.924899 0.657066
vt 0.921006 0.634921
vt 0.912418 0.647359
vt 0.904397 0.625334
vt 0.897971 0.639224
vt 0.889902 0.617976
vt 0.885409 0.633104
vt 0.901593 0.655573
vt 0.912975 0.663108
vt 0.922153 0.673181
vt 0.928680 0.686158
vt 0.933454 0.698178
vt 0.936531 0.711408
vt 0.937902 0.724912
vt 0.937623 0.739175
vt 0.835075 0.645702
vt 0.848902 0.644436
vt 0.863596 0.644341
vt 0.876775 0.645744
vt 0.888347 0.649729
vt 0.962965 0.664735
vt 0.886088 0.455685
vt 0.908393 0.456087
vt 0.905257 0.438109
vt 0.894941 0.438976
vt 0.887521 0.462014
vt 0.884886 0.480072
vt 0.907170 0.479053
vt 0.897857 0.462595
vt 0.847207 0.533353
vt 0.855382 0.534309
vt 0.855548 0.527683
vt 0.848043 0.526833
vt 0.862861 0.534750
vt 0.862763 0.528041
vt 0.870463 0.534212
vt 0.870024 0.527636
vt 0.878425 0.532921
vt 0.877410 0.526607
vt 0.886229 0.530982
vt 0.884225 0.525367
vt 0.838944 0.531680
vt 0.840988 0.525864
vt 0.852208 0.453817
vt 0.962381 0.379198
vt 0.953391 0.379190
vt 0.953390 0.413333
vt 0.962382 0.413326
vt 0.917809 0.379193
vt 0.908728 0.379195
vt 0.908738 0.413338
vt 0.917814 0.413327
vt 0.926085 0.379194
vt 0.926086 0.413331
vt 0.934492 0.379190
vt 0.934492 0.413330
vt 0.943951 0.379193
vt 0.943950 0.413327
vt 0.868850 0.504464
vt 0.875480 0.503975
vt 0.874188 0.479446
vt 0.868089 0.479673
vt 0.862513 0.504601
vt 0.862369 0.479702
vt 0.856262 0.504404
vt 0.856737 0.479596
vt 0.849604 0.504006
vt 0.850631 0.479418
vt 0.843080 0.503581
vt 0.844681 0.479216
vt 0.881858 0.503313
vt 0.880025 0.479065
vt 0.873834 0.461243
vt 0.867888 0.461225
vt 0.862304 0.461148
vt 0.856808 0.461156
vt 0.850857 0.461215
vt 0.845260 0.461190
vt 0.879332 0.461065
vt 0.869830 0.402958
vt 0.889269 0.401140
vt 0.887019 0.394049
vt 0.865905 0.392227
vt 0.838928 0.405387
vt 0.852082 0.404251
vt 0.842487 0.424429
vt 0.855934 0.421234
vt 0.874402 0.417067
vt 0.892210 0.410176
vt 0.879060 0.431597
vt 0.896100 0.422242
vt 0.874402 0.417068
vt 0.888298 0.385681
vt 0.868699 0.380390
vt 0.886975 0.440720
vt 0.900786 0.429337
vt 0.633364 0.720187
vt 0.638579 0.720186
vt 0.638579 0.712444
vt 0.633364 0.712444
vt 0.644023 0.720186
vt 0.644023 0.712444
vt 0.649218 0.720186
vt 0.649218 0.712444
vt 0.654439 0.720187
vt 0.654439 0.712444
vt 0.659886 0.720187
vt 0.659886 0.712444
vt 0.664767 0.720187
vt 0.664767 0.712444
vt 0.669811 0.720187
vt 0.669811 0.712444
vt 0.674133 0.720187
vt 0.674133 0.712444
vt 0.678858 0.720187
vt 0.678858 0.712444
vt 0.628491 0.720187
vt 0.628491 0.712444
vt 0.792183 0.720849
vt 0.787280 0.722822
vt 0.792578 0.733394
vt 0.798474 0.732060
vt 0.781962 0.724601
vt 0.783205 0.735394
vt 0.776964 0.725977
vt 0.777420 0.736479
vt 0.772509 0.726942
vt 0.772195 0.738293
vt 0.768639 0.727374
vt 0.767334 0.739780
vt 0.765173 0.727165
vt 0.762744 0.740196
vt 0.761857 0.726292
vt 0.758332 0.739158
vt 0.758568 0.724783
vt 0.754157 0.736648
vt 0.755269 0.722753
vt 0.750471 0.733127
vt 0.796793 0.718681
vt 0.804814 0.731182
vt 0.784474 0.708630
vt 0.781942 0.710985
vt 0.778738 0.712706
vt 0.775456 0.713462
vt 0.772572 0.713380
vt 0.770099 0.712831
vt 0.767818 0.712139
vt 0.765544 0.711481
vt 0.763215 0.710934
vt 0.760759 0.710454
vt 0.786309 0.706096
vt 0.778292 0.701635
vt 0.777305 0.703052
vt 0.775945 0.704020
vt 0.774335 0.704328
vt 0.772685 0.704039
vt 0.771079 0.703415
vt 0.769474 0.702737
vt 0.767834 0.702192
vt 0.766168 0.701851
vt 0.764476 0.701658
vt 0.779008 0.700064
vt 0.754541 0.691970
vt 0.765745 0.698617
vt 0.751732 0.687455
vt 0.751968 0.674424
vt 0.754373 0.689200
vt 0.764915 0.683031
s 1
f 1/1/1 2/2/1 3/3/1
f 4/4/1 5/5/1 1/1/1
f 1/1/1 5/5/1 2/2/1
f 44/6/2 45/7/2 46/8/2
f 50/9/2 51/10/2 52/11/2
f 53/12/2 54/13/2 55/14/2
f 56/15/1 57/16/1 58/17/1
f 59/15/1 60/17/1 61/16/1
f 98/18/3 99/19/3 100/20/4
f 101/21/3 102/22/4 103/23/4
f 224/24/2 225/25/2 226/26/2
f 227/24/2 228/25/2 229/26/2
f 230/27/2 231/28/2 232/29/2
f 233/30/2 234/31/2 235/32/2
f 236/33/2 235/32/2 237/34/2
f 238/35/5 239/36/5 240/37/5
f 241/38/5 238/35/5 242/39/5
f 243/30/2 244/31/2 245/32/2
f 246/33/2 245/32/2 247/34/2
f 248/35/5 249/36/5 250/37/5
f 251/38/5 248/35/5 252/39/5
f 253/30/2 254/32/2 255/31/2
f 256/33/2 257/34/2 254/32/2
f 258/35/5 259/37/5 260/36/5
f 261/38/5 262/39/5 258/35/5
f 263/40/6 264/41/6 265/42/6
f 266/43/7 267/44/7 268/45/7
f 269/40/6 270/41/6 271/42/6
f 272/43/7 273/44/7 274/45/7
f 275/40/6 276/41/6 277/42/6
f 278/40/7 279/42/7 280/41/7
f 281/40/6 282/41/6 283/42/6
f 284/40/7 285/42/7 286/41/7
f 287/46/8 288/47/9 289/48/8
f 290/49/8 291/50/10 292/51/8
f 293/52/11 294/47/12 295/53/11
f 296/49/13 297/50/13 298/51/11
f 313/54/14 314/55/14 315/56/14
f 328/57/15 329/58/16 330/59/16
f 334/57/17 335/58/18 336/59/19
f 337/57/20 338/59/21 339/58/22
f 344/60/23 4311/61/23 4310/62/23
f 344/60/23 4310/62/23 345/63/23
f 346/64/24 4476/60/24 4475/63/24
f 346/64/24 4475/63/24 347/65/24
f 4106/60/25 348/64/25 349/65/25
f 4106/60/25 349/65/25 4105/63/25
f 350/66/1 351/67/1 352/68/1
f 350/66/1 352/68/1 353/69/1
f 354/68/1 355/67/1 356/66/1
f 354/68/1 357/69/1 360/70/1
f 354/68/1 360/70/1 361/71/1
f 362/72/1 354/68/1 361/71/1
f 362/72/1 361/71/1 363/73/1
f 353/69/1 352/68/1 364/71/1
f 352/68/1 362/72/1 363/73/1
f 352/68/1 363/73/1 364/71/1
f 366/74/6 367/75/6 368/76/6
f 366/74/6 368/76/6 369/77/6
f 3602/78/6 398/79/6 399/80/6
f 3602/78/6 399/80/6 3599/81/6
f 3599/81/6 399/80/6 404/82/6
f 3599/81/6 404/82/6 3601/83/6
f 3601/83/6 404/82/6 409/84/6
f 3601/83/6 409/84/6 3603/85/6
f 3603/85/6 414/86/6 3600/87/6
f 4193/88/26 4191/89/26 423/90/26
f 4193/88/26 423/90/26 424/91/26
f 4240/92/27 4218/93/27 4217/94/27
f 4240/92/27 4217/94/27 4239/95/27
f 429/96/28 431/97/29 432/98/28
f 429/96/28 432/98/28 433/99/28
f 429/96/28 433/99/28 434/100/28
f 4200/101/30 4234/102/30 447/103/30
f 4199/101/31 458/103/31 4232/102/31
f 462/104/32 463/105/32 4138/106/32
f 462/104/32 4138/106/32 4174/107/32
f 4137/105/33 465/108/33 4127/109/33
f 4137/105/33 4127/109/33 4139/106/33
f 466/110/34 467/111/34 468/112/34
f 470/113/35 4456/110/35 4473/114/35
f 472/115/36 4448/113/36 4472/116/36
f 472/115/36 4472/116/36 473/117/36
f 474/118/37 4459/115/37 4474/117/37
f 474/118/37 4474/117/37 475/119/37
f 476/120/38 4465/118/39 4478/119/38
f 476/120/38 4478/119/38 477/121/40
f 4462/111/41 478/122/41 479/123/41
f 4462/111/41 479/123/41 4477/112/41
f 480/124/42 481/125/42 482/126/42
f 480/124/42 482/126/42 483/127/42
f 484/128/42 482/126/42 481/125/42
f 484/128/42 481/125/42 485/129/42
f 4238/130/43 558/131/43 559/132/44
f 4238/130/43 559/132/44 4246/133/44
f 560/134/45 561/135/46 562/136/45
f 560/134/45 562/136/45 563/137/45
f 4238/130/43 564/138/43 558/131/43
f 563/137/45 562/136/45 565/139/45
f 563/137/45 565/139/45 566/140/45
f 4222/141/43 4213/142/43 567/143/43
f 4222/141/43 567/143/43 564/138/43
f 568/133/45 570/131/46 571/130/46
f 4214/144/43 4224/145/43 572/135/43
f 4214/144/43 572/135/43 573/146/47
f 571/130/46 570/131/46 574/138/45
f 571/130/46 574/138/45 575/147/45
f 4224/145/43 4236/137/43 576/136/43
f 575/147/45 574/138/45 577/143/48
f 575/147/45 577/143/48 578/142/48
f 4236/137/43 4247/140/44 579/139/44
f 4236/137/43 579/139/44 576/136/43
f 560/134/45 580/148/48 581/146/48
f 560/134/45 581/146/48 561/135/46
f 589/149/49 4460/115/49 4466/118/49
f 4430/150/50 591/151/50 4449/113/50
f 4430/150/50 4449/113/50 4461/115/50
f 4426/151/51 592/152/51 4457/110/51
f 4426/151/51 4457/110/51 4450/113/51
f 4429/152/52 593/153/52 4463/111/52
f 4429/152/52 4463/111/52 4458/110/52
f 4435/153/53 4469/122/53 4464/111/54
f 595/154/55 4436/149/56 4467/118/55
f 627/155/57 628/156/57 629/157/57
f 627/155/57 629/157/57 624/158/57
f 638/159/58 639/160/58 640/161/58
f 644/162/59 645/163/59 646/164/59
f 644/162/59 646/164/59 647/165/59
f 654/160/60 655/159/61 656/166/62
f 654/160/60 656/166/62 657/161/63
f 660/163/64 662/165/65 663/164/66
f 682/167/1 683/168/1 684/169/1
f 4248/170/67 4291/169/67 686/171/67
f 4248/170/67 686/171/67 687/172/67
f 688/173/68 689/174/68 4278/168/68
f 688/173/68 4278/168/68 4244/167/68
f 692/175/69 4245/167/69 4249/170/69
f 692/175/69 4249/170/69 693/176/69
f 694/177/1 695/178/1 696/179/1
f 694/177/1 696/179/1 697/180/1
f 4341/180/70 4377/179/70 698/181/70
f 4341/180/70 698/181/70 699/182/70
f 700/183/71 701/184/71 4379/178/71
f 700/183/71 4379/178/71 4339/177/71
f 4380/178/72 702/185/72 703/186/72
f 4380/178/72 703/186/72 4378/179/72
f 704/187/73 4342/180/73 705/188/73
f 722/189/74 723/190/74 724/191/74
f 722/189/74 724/191/74 725/192/74
f 726/193/75 727/194/75 4494/195/75
f 726/193/75 4494/195/75 4425/196/75
f 740/197/1 741/198/1 742/199/1
f 740/197/1 742/199/1 743/200/1
f 743/200/1 742/199/1 748/201/1
f 743/200/1 748/201/1 749/202/1
f 752/197/1 753/200/1 754/199/1
f 753/200/1 760/202/1 761/201/1
f 764/203/1 765/204/1 766/205/1
f 764/203/1 766/205/1 767/206/1
f 4110/206/76 4471/205/76 768/207/76
f 4110/206/76 768/207/76 769/208/76
f 770/209/77 771/210/77 4468/204/77
f 770/209/77 4468/204/77 4115/203/77
f 776/211/78 777/212/78 778/213/78
f 776/211/78 778/213/78 779/214/78
f 780/215/79 4123/216/79 4087/217/79
f 780/215/79 4087/217/79 781/218/79
f 46/8/2 45/7/2 48/219/2
f 46/8/2 48/219/2 47/220/2
f 822/221/6 823/222/6 4670/12/6
f 822/221/6 4670/12/6 4672/14/6
f 824/223/6 822/221/6 4672/14/6
f 824/223/6 4672/14/6 4673/10/6
f 825/224/6 824/223/6 4673/10/6
f 825/224/6 4673/10/6 4674/9/6
f 826/225/7 827/226/7 3575/220/7
f 826/225/7 3575/220/7 3573/227/7
f 827/226/7 828/228/7 3576/8/7
f 827/226/7 3576/8/7 3575/220/7
f 828/228/7 3577/6/7 3576/8/7
f 44/6/2 50/9/2 52/11/2
f 49/227/2 48/219/2 54/13/2
f 49/227/2 54/13/2 53/12/2
f 830/229/80 3574/227/80 4671/12/80
f 830/229/80 4671/12/80 831/230/80
f 3578/6/1 832/231/1 833/232/1
f 3578/6/1 833/232/1 4675/9/1
f 54/13/2 52/11/2 51/10/2
f 54/13/2 51/10/2 55/14/2
f 834/233/81 835/234/81 836/235/81
f 834/233/81 836/235/81 837/236/81
f 4525/234/1 838/237/1 839/238/1
f 4525/234/1 839/238/1 840/239/1
f 841/240/82 4523/239/82 4500/238/82
f 841/240/82 4500/238/82 842/241/82
f 843/242/83 4515/237/83 4526/234/83
f 843/242/83 4526/234/83 4524/233/83
f 844/233/84 845/236/84 846/243/84
f 844/233/84 846/243/84 847/234/84
f 4063/234/1 848/244/1 849/238/1
f 4063/234/1 849/238/1 850/237/1
f 851/240/85 852/241/85 4083/238/85
f 851/240/85 4083/238/85 4067/244/85
f 853/242/86 4062/233/86 4064/234/86
f 853/242/86 4064/234/86 4071/237/86
f 854/245/1 855/246/1 856/247/1
f 854/245/1 856/247/1 857/248/1
f 56/15/1 58/17/1 855/246/1
f 56/15/1 858/249/1 859/250/1
f 56/15/1 859/250/1 57/16/1
f 57/16/1 860/251/1 861/252/1
f 862/245/1 863/248/1 864/247/1
f 862/245/1 864/247/1 865/246/1
f 59/15/1 862/245/1 865/246/1
f 59/15/1 865/246/1 60/17/1
f 59/15/1 61/16/1 866/250/1
f 61/16/1 60/17/1 868/252/1
f 61/16/1 868/252/1 869/251/1
f 857/248/1 856/247/1 870/253/1
f 864/247/1 863/248/1 871/254/1
f 864/247/1 871/254/1 870/253/1
f 872/255/87 873/256/87 874/257/87
f 872/255/87 874/257/87 875/258/87
f 880/259/88 4479/255/88 4480/258/88
f 880/259/88 4480/258/88 881/260/88
f 886/261/89 887/262/89 888/263/89
f 886/261/89 888/263/89 889/264/90
f 4492/265/91 894/266/91 895/267/91
f 4492/265/91 895/267/91 4493/268/91
f 4427/266/92 4481/259/92 4482/260/92
f 4427/266/92 4482/260/92 4428/267/92
f 4408/256/93 896/269/93 897/270/93
f 4408/256/93 897/270/93 4409/257/93
f 904/256/94 905/255/94 906/258/94
f 904/256/94 906/258/94 907/257/94
f 4068/262/95 916/261/95 917/264/95
f 4068/262/95 917/264/95 4069/263/95
f 4102/259/96 920/266/96 921/267/96
f 4102/259/96 921/267/96 4103/260/96
f 4135/266/97 922/265/97 923/268/97
f 4135/266/97 923/268/97 4136/267/97
f 924/271/98 925/272/98 926/273/98
f 924/271/98 926/273/98 927/274/98
f 925/272/98 929/275/98 926/273/98
f 930/276/99 931/277/99 4299/272/99
f 930/276/99 4299/272/99 4273/271/99
f 4298/277/100 932/278/100 4323/279/100
f 4298/277/100 4323/279/100 4300/272/100
f 4324/279/101 933/280/101 934/281/101
f 4324/279/101 934/281/101 4329/275/101
f 935/282/102 4274/271/102 4266/274/102
f 935/282/102 4266/274/102 936/283/102
f 1051/284/4 1053/285/4 1054/286/4
f 1054/286/4 1055/287/4 1056/288/4
f 1054/286/4 1056/288/4 1051/284/4
f 1052/289/3 102/22/4 101/21/3
f 1052/289/3 101/21/3 1053/285/4
f 1055/287/4 100/20/4 99/19/3
f 1055/287/4 99/19/3 1056/288/4
f 1134/290/5 1135/291/5 1136/292/5
f 1134/290/5 1136/292/5 1137/293/5
f 1179/290/5 1180/293/5 1181/292/5
f 1179/290/5 1181/292/5 1182/291/5
f 1230/294/2 1231/295/2 1232/296/2
f 1230/294/2 1232/296/2 1233/297/2
f 1230/294/2 1233/297/2 1234/298/2
f 1230/294/2 1234/298/2 1235/299/2
f 1270/300/2 1271/301/2 1272/302/2
f 1270/300/2 1272/302/2 1273/303/2
f 1270/300/2 1273/303/2 1274/304/2
f 1270/300/2 1274/304/2 1275/305/2
f 1342/306/103 4026/307/104 4009/308/105
f 1342/306/103 4009/308/105 1343/309/105
f 1489/310/106 1490/311/106 1491/312/107
f 1489/310/106 1491/312/107 1492/313/107
f 1490/311/106 1493/314/107 1494/315/106
f 1490/311/106 1494/315/106 1491/312/107
f 1492/313/107 1495/316/106 1496/317/106
f 1497/318/106 1496/317/106 1495/316/106
f 1494/315/106 1493/314/107 1499/319/107
f 1494/315/106 1499/319/107 1500/320/107
f 1501/321/108 1502/322/108 1503/323/108
f 4280/322/109 1505/324/109 1506/325/109
f 4280/322/109 1506/325/109 4253/323/109
f 4265/324/110 1507/326/110 1508/327/110
f 4265/324/110 1508/327/110 4227/325/110
f 4294/328/111 1511/329/111 1512/330/111
f 4294/328/111 1512/330/111 4259/331/111
f 4309/329/112 1513/332/112 1514/333/112
f 4309/329/112 1514/333/112 4284/330/112
f 1515/334/113 1516/335/113 1517/336/113
f 1515/334/113 1517/336/113 1518/337/113
f 1515/334/113 1518/337/113 1519/338/113
f 1515/334/113 1519/338/113 1520/339/113
f 1521/340/114 1522/341/114 1523/342/114
f 1521/340/114 1523/342/114 1524/343/114
f 4595/343/115 1525/344/115 1526/345/115
f 4602/345/116 4636/344/116 1527/346/116
f 4602/345/116 1527/346/116 1528/347/116
f 1529/348/117 1530/349/117 4637/344/117
f 1529/348/117 4637/344/117 4630/342/117
f 1531/350/118 1532/351/118 4596/343/118
f 1531/350/118 4596/343/118 4603/345/118
f 1533/352/118 1534/353/118 1535/354/118
f 1533/352/118 1535/354/118 1536/355/118
f 1537/356/119 1538/357/119 1539/358/119
f 1537/356/119 1539/358/119 1540/359/119
f 4648/359/116 4582/352/116 4583/355/116
f 4648/359/116 4583/355/116 4649/356/116
f 1543/360/120 1544/361/120 1545/362/120
f 1543/360/120 1545/362/120 1546/363/120
f 4662/363/119 4656/362/119 1547/364/119
f 4662/363/119 1547/364/119 1548/365/119
f 1549/366/121 1550/367/121 1551/368/121
f 1549/366/121 1551/368/121 1552/369/121
f 1553/370/114 1554/371/114 4657/362/114
f 1553/370/114 4657/362/114 4628/361/114
f 1557/372/118 1558/373/118 1559/374/118
f 1557/372/118 1559/374/118 1560/375/118
f 1561/376/119 1562/377/119 1563/378/119
f 1561/376/119 1563/378/119 1564/379/119
f 1565/380/122 4654/378/122 4651/377/123
f 1565/380/122 4651/377/123 1566/381/123
f 4660/379/124 1567/382/124 1568/383/124
f 4660/379/124 1568/383/124 4661/376/124
f 1569/384/125 1570/385/125 1571/386/125
f 1569/384/125 1571/386/125 1572/387/125
f 4576/387/2 4550/386/2 1573/388/2
f 4576/387/2 1573/388/2 1574/389/2
f 4658/389/126 4632/388/126 1575/390/126
f 1577/391/114 1578/392/114 4633/388/114
f 1577/391/114 4633/388/114 4551/386/114
f 1579/393/116 1580/394/116 4577/387/116
f 1579/393/116 4577/387/116 4659/389/116
f 1581/395/118 1582/396/118 1583/397/118
f 4580/398/2 4553/397/2 1585/399/2
f 4580/398/2 1585/399/2 1586/400/2
f 4652/400/119 4626/399/119 1587/401/119
f 4652/400/119 1587/401/119 1588/402/119
f 1589/403/127 1590/404/127 1591/405/127
f 1589/403/127 1591/405/127 1592/406/127
f 1595/407/116 1596/408/116 4581/398/116
f 1595/407/116 4581/398/116 4653/400/116
f 1633/409/128 1634/410/128 3607/411/128
f 1633/409/128 3607/411/128 3596/412/128
f 3742/413/129 3846/414/129 3858/415/129
f 3858/415/129 3759/416/129 3742/413/129
f 3788/417/129 3759/416/129 3848/418/129
f 3758/419/129 3785/420/129 3816/421/129
f 3758/419/129 3816/421/129 3846/414/129
f 1725/422/2 1726/423/2 1727/424/2
f 1725/422/2 1727/424/2 1728/425/2
f 1726/423/2 1729/426/2 1730/427/2
f 1726/423/2 1730/427/2 1727/424/2
f 1729/426/2 1731/428/2 1732/429/2
f 1729/426/2 1732/429/2 1730/427/2
f 1731/428/2 1733/430/2 1734/431/2
f 1731/428/2 1734/431/2 1732/429/2
f 1733/430/2 1735/432/2 1736/433/2
f 1733/430/2 1736/433/2 1734/431/2
f 1735/432/2 1737/434/2 1738/435/2
f 1735/432/2 1738/435/2 1736/433/2
f 1739/436/2 1740/437/2 1741/438/2
f 1739/436/2 1741/438/2 1742/439/2
f 1740/437/2 1725/422/2 1728/425/2
f 1740/437/2 1728/425/2 1741/438/2
f 1760/440/130 1761/441/130 3834/442/130
f 1760/440/130 3834/442/130 3890/443/130
f 1772/444/131 1773/445/132 1774/446/132
f 1772/444/131 1774/446/132 1775/447/131
f 1776/448/133 1777/449/133 1778/450/133
f 1776/448/133 1778/450/133 1779/451/133
f 3900/450/134 1780/452/134 1781/453/134
f 3900/450/134 1781/453/134 3868/451/134
f 3887/448/135 3853/445/135 3870/444/135
f 3887/448/135 3870/444/135 3920/449/135
f 1782/454/136 1783/455/136 1784/456/136
f 1782/454/136 1784/456/136 1785/457/136
f 1786/458/137 1787/459/137 1788/460/137
f 1786/458/137 1788/460/137 1789/461/137
f 3885/460/138 3912/459/138 3879/456/138
f 3885/460/138 3879/456/138 3855/455/138
f 3897/458/139 3872/461/139 1790/462/139
f 3897/458/139 1790/462/139 1791/463/139
f 1792/464/140 1793/465/141 1794/446/140
f 1792/464/140 1794/446/140 1795/466/140
f 1796/467/142 1797/468/142 1798/469/142
f 1796/467/142 1798/469/142 1799/470/142
f 3695/469/143 1800/471/143 1801/453/143
f 3695/469/143 1801/453/143 3669/470/143
f 3685/467/144 3644/465/144 3671/464/144
f 3685/467/144 3671/464/144 3712/468/144
f 1802/454/145 1803/472/145 1804/473/145
f 1802/454/145 1804/473/145 1805/474/145
f 1806/458/146 1807/459/146 1808/460/146
f 1806/458/146 1808/460/146 1809/461/146
f 3682/460/147 3706/459/147 3679/473/147
f 3682/460/147 3679/473/147 3652/472/147
f 3692/458/148 3670/461/148 1810/475/148
f 3692/458/148 1810/475/148 1811/476/148
f 3810/477/2 3825/478/2 3995/479/2
f 3810/477/2 3995/479/2 4011/480/2
f 4011/480/2 3996/481/2 3827/482/2
f 4011/480/2 3827/482/2 3810/477/2
f 3867/483/2 3827/482/2 3996/481/2
f 3867/483/2 3996/481/2 3946/484/2
f 3825/478/2 3861/485/2 3939/486/2
f 3825/478/2 3939/486/2 3995/479/2
f 1832/487/149 1833/488/149 1834/489/149
f 1832/487/149 1834/489/149 1835/490/149
f 3979/488/150 1836/491/150 1837/492/150
f 3979/488/150 1837/492/150 3959/489/150
f 1838/493/151 1839/494/151 1840/495/151
f 1838/493/151 1840/495/151 1841/496/151
f 3998/494/152 3981/490/152 3972/495/153
f 1842/497/154 1843/498/154 1844/499/155
f 1842/497/154 1844/499/155 1845/500/155
f 3843/498/156 1846/501/156 1847/502/156
f 1848/503/157 1849/504/157 1850/505/157
f 1848/503/157 1850/505/157 1851/506/157
f 3903/504/158 3860/497/158 3869/500/158
f 3903/504/158 3869/500/158 3896/505/158
f 1852/497/159 1853/498/160 1854/499/159
f 1852/497/159 1854/499/159 1855/500/159
f 3963/498/161 1856/507/161 1857/502/161
f 1858/508/162 1859/504/162 1860/505/162
f 1858/508/162 1860/505/162 1861/506/162
f 3891/504/163 3940/497/163 3926/500/163
f 3891/504/163 3926/500/163 3899/505/163
f 1862/487/164 1863/488/164 1864/489/165
f 1862/487/164 1864/489/165 1865/490/165
f 3831/488/166 1866/491/166 1867/492/166
f 3831/488/166 1867/492/166 3847/489/166
f 1868/493/167 1870/495/167 1871/496/167
f 3821/494/168 3801/487/168 3830/490/168
f 3821/494/168 3830/490/168 3837/495/168
f 1872/487/160 1873/488/160 1874/489/160
f 1872/487/160 1874/489/160 1875/490/160
f 3722/488/169 1876/491/169 1877/492/169
f 3722/488/169 1877/492/169 3711/489/169
f 1878/493/162 1879/494/162 1880/495/162
f 1878/493/162 1880/495/162 1881/496/170
f 3680/494/171 3707/487/171 3697/490/163
f 3621/477/2 3632/478/2 3728/479/2
f 3621/477/2 3728/479/2 3734/480/2
f 3734/480/2 3729/481/2 3633/482/2
f 3734/480/2 3633/482/2 3621/477/2
f 3663/483/2 3633/482/2 3729/481/2
f 3663/483/2 3729/481/2 3710/484/2
f 3632/478/2 3658/485/2 3705/486/2
f 3632/478/2 3705/486/2 3728/479/2
f 1902/487/155 1903/488/155 1904/489/172
f 1902/487/155 1904/489/172 1905/490/172
f 3643/488/156 1906/491/156 1907/492/156
f 3643/488/156 1907/492/156 3656/489/156
f 1908/493/157 1910/495/157 1911/496/157
f 3688/494/158 3657/487/158 3664/490/158
f 3688/494/158 3664/490/158 3683/495/173
f 1912/487/149 1913/488/174 1914/489/175
f 1912/487/149 1914/489/175 1915/490/175
f 3725/488/176 1917/492/176 3715/489/176
f 1918/493/151 1919/494/151 1920/495/151
f 1918/493/151 1920/495/151 1921/496/151
f 3730/494/153 3735/487/153 3726/490/153
f 3730/494/153 3726/490/153 3723/495/153
f 1922/487/165 1923/488/165 1924/489/177
f 1922/487/165 1924/489/177 1925/490/178
f 3641/488/166 1926/491/166 1927/492/166
f 3641/488/166 1927/492/166 3649/489/166
f 1928/493/167 1929/494/167 1930/495/167
f 1928/493/167 1930/495/167 1931/496/167
f 3629/494/179 3620/487/179 3640/490/180
f 3629/494/179 3640/490/180 3642/495/181
f 1940/509/182 1941/510/182 1942/511/182
f 1940/509/182 1942/511/182 1943/512/182
f 1944/513/183 1945/441/183 3638/442/183
f 1944/513/183 3638/442/183 3704/443/183
f 1978/514/2 1979/515/2 1980/516/2
f 1978/514/2 1980/516/2 1981/517/2
f 1981/517/2 1982/518/2 1983/519/2
f 1984/520/2 1980/516/2 1979/515/2
f 1984/520/2 1979/515/2 1985/521/2
f 1982/518/2 1986/522/2 1987/523/2
f 1982/518/2 1987/523/2 1983/519/2
f 1988/524/5 1989/525/5 1990/526/5
f 1988/524/5 1990/526/5 1991/527/5
f 1992/528/5 1988/524/5 1991/527/5
f 1992/528/5 1991/527/5 1993/529/5
f 1994/530/5 1992/528/5 1993/529/5
f 1994/530/5 1993/529/5 1995/531/5
f 1989/525/5 1996/532/5 1997/533/5
f 1989/525/5 1997/533/5 1990/526/5
f 2060/534/184 2062/535/184 2063/536/184
f 4643/537/185 2068/538/185 2069/539/185
f 4643/537/185 2069/539/185 4650/540/185
f 2074/541/186 2075/542/187 2076/543/188
f 2074/541/186 2076/543/188 2077/544/189
f 2078/545/190 2079/546/190 2077/544/189
f 2078/545/190 2077/544/189 2076/543/188
f 2080/547/191 2081/548/192 2082/549/192
f 2080/547/191 2083/550/192 2084/551/191
f 2080/547/191 2084/551/191 2085/552/193
f 2108/514/2 2109/515/2 2110/516/2
f 2108/514/2 2110/516/2 2111/517/2
f 2111/517/2 2112/518/2 2113/519/2
f 2111/517/2 2113/519/2 2108/514/2
f 2114/520/2 2110/516/2 2109/515/2
f 2114/520/2 2109/515/2 2115/521/2
f 2112/518/2 2116/522/2 2117/523/2
f 2112/518/2 2117/523/2 2113/519/2
f 2118/524/5 2120/526/5 2121/527/5
f 2122/528/5 2118/524/5 2121/527/5
f 2122/528/5 2121/527/5 2123/529/5
f 2124/530/5 2122/528/5 2123/529/5
f 2119/525/5 2126/532/5 2127/533/5
f 2119/525/5 2127/533/5 2120/526/5
f 2190/534/194 2191/553/195 2192/535/194
f 2190/534/194 2192/535/194 2193/536/194
f 3691/537/196 2198/538/196 2199/539/196
f 3691/537/196 2199/539/196 3672/540/196
f 2204/541/197 2205/542/198 2206/543/197
f 2204/541/197 2206/543/197 2207/544/197
f 2208/545/199 2207/544/197 2206/543/197
f 2210/547/200 2213/550/200 2214/551/201
f 2244/554/2 2245/555/2 3665/556/2
f 2246/557/2 2247/558/2 3580/559/2
f 2246/557/2 3580/559/2 3583/560/2
f 2248/561/2 2246/557/2 3583/560/2
f 2248/561/2 3583/560/2 3624/562/2
f 2249/563/2 2248/561/2 3624/562/2
f 2249/563/2 3624/562/2 3666/564/2
f 2250/565/2 2249/563/2 3666/564/2
f 2250/565/2 3666/564/2 3677/566/2
f 2245/555/2 2250/565/2 3677/566/2
f 2245/555/2 3677/566/2 3665/556/2
f 2262/567/2 2263/568/2 2264/569/2
f 2262/567/2 2264/569/2 2265/570/2
f 2266/571/2 2264/569/2 2263/568/2
f 2266/571/2 2263/568/2 2267/572/2
f 225/25/2 2266/571/2 2267/572/2
f 225/25/2 2267/572/2 226/26/2
f 2300/561/2 4621/573/2 2301/574/2
f 2308/554/2 4625/575/2 4647/576/2
f 2308/554/2 4647/576/2 2306/577/2
f 2309/555/2 4622/556/2 4625/575/2
f 2309/555/2 4625/575/2 2308/554/2
f 2310/565/2 4618/566/2 4622/556/2
f 2310/565/2 4622/556/2 2309/555/2
f 2301/574/2 4621/573/2 4618/566/2
f 2301/574/2 4618/566/2 2310/565/2
f 4667/578/202 4669/579/202 2326/580/202
f 4667/578/202 2326/580/202 2327/581/202
f 2330/570/2 2331/567/2 2332/568/2
f 2330/570/2 2332/568/2 2333/569/2
f 2334/572/2 2335/571/2 2333/569/2
f 2334/572/2 2333/569/2 2332/568/2
f 229/26/2 228/25/2 2335/571/2
f 229/26/2 2335/571/2 2334/572/2
f 2372/582/2 2373/583/2 3667/584/2
f 2376/585/2 2377/586/2 3581/587/2
f 2376/585/2 3581/587/2 3584/588/2
f 2378/589/2 2376/585/2 3584/588/2
f 2379/590/2 2378/589/2 3626/591/2
f 2379/590/2 3626/591/2 3668/592/2
f 2380/593/2 2379/590/2 3668/592/2
f 2380/593/2 3668/592/2 3678/594/2
f 2373/583/2 2380/593/2 3678/594/2
f 2373/583/2 3678/594/2 3667/584/2
f 2390/595/2 2391/596/2 2392/597/2
f 2390/595/2 2392/597/2 2393/598/2
f 2394/599/2 2392/597/2 2391/596/2
f 231/28/2 2394/599/2 2395/600/2
f 231/28/2 2395/600/2 232/29/2
f 2400/601/2 233/30/2 235/32/2
f 2400/601/2 235/32/2 2401/602/2
f 2402/603/5 238/35/5 241/38/5
f 2402/603/5 241/38/5 2403/604/5
f 2401/602/2 235/32/2 236/33/2
f 2401/602/2 236/33/2 2408/605/2
f 2409/606/5 239/36/5 238/35/5
f 2409/606/5 238/35/5 2402/603/5
f 2426/601/2 243/30/2 245/32/2
f 2426/601/2 245/32/2 2427/602/2
f 2432/603/5 248/35/5 251/38/5
f 2432/603/5 251/38/5 2433/604/5
f 2427/602/2 245/32/2 246/33/2
f 2427/602/2 246/33/2 2438/605/2
f 2439/606/5 249/36/5 248/35/5
f 2439/606/5 248/35/5 2432/603/5
f 2470/601/2 2471/602/2 254/32/2
f 2470/601/2 254/32/2 253/30/2
f 2472/603/5 2473/604/5 261/38/5
f 2472/603/5 261/38/5 258/35/5
f 2471/602/2 2478/605/2 256/33/2
f 2479/606/5 2472/603/5 258/35/5
f 2479/606/5 258/35/5 260/36/5
f 2502/607/6 2503/608/6 2504/609/6
f 2502/607/6 2504/609/6 2505/610/6
f 2504/609/6 2503/608/6 264/41/6
f 2504/609/6 264/41/6 263/40/6
f 265/42/6 264/41/6 2506/611/6
f 265/42/6 2506/611/6 2507/612/6
f 2508/613/7 2509/614/7 2510/615/7
f 2508/613/7 2510/615/7 2511/616/7
f 2510/615/7 266/43/7 268/45/7
f 2510/615/7 268/45/7 2511/616/7
f 267/44/7 2512/617/7 2513/618/7
f 267/44/7 2513/618/7 268/45/7
f 2518/619/203 3749/620/203 3778/621/203
f 2518/619/203 3778/621/203 2519/622/203
f 3750/623/204 2522/624/204 2523/625/204
f 3750/623/204 2523/625/204 3779/626/204
f 3748/624/5 2524/627/5 2525/628/5
f 3748/624/5 2525/628/5 3777/625/5
f 2558/629/1 2559/630/1 2560/631/1
f 2558/629/1 2560/631/1 2561/632/1
f 3718/633/80 3877/634/80 2564/635/80
f 3718/633/80 2564/635/80 2565/636/80
f 2570/637/6 2571/638/6 2572/639/6
f 2570/637/6 2572/639/6 2573/640/6
f 2574/641/7 2575/642/7 3721/632/7
f 2574/641/7 3721/632/7 3719/633/7
f 2564/635/80 3877/634/80 4076/639/80
f 2564/635/80 4076/639/80 2576/643/80
f 2560/631/1 2559/630/1 2579/644/1
f 2560/631/1 2579/644/1 4078/640/1
f 2580/607/6 2581/608/6 2582/609/6
f 2580/607/6 2582/609/6 2583/610/6
f 2582/609/6 2581/608/6 270/41/6
f 2582/609/6 270/41/6 269/40/6
f 271/42/6 270/41/6 2584/611/6
f 271/42/6 2584/611/6 2585/612/6
f 2586/613/7 2587/614/7 2588/615/7
f 2586/613/7 2588/615/7 2589/616/7
f 2588/615/7 272/43/7 274/45/7
f 2588/615/7 274/45/7 2589/616/7
f 273/44/7 2590/617/7 2591/618/7
f 273/44/7 2591/618/7 274/45/7
f 2596/619/203 4023/620/203 4060/621/203
f 2596/619/203 4060/621/203 2597/645/203
f 4024/623/204 2600/624/204 2601/625/204
f 4024/623/204 2601/625/204 4061/626/204
f 4022/624/5 2602/627/5 2603/628/5
f 4022/624/5 2603/628/5 4059/625/5
f 2636/607/6 2637/608/6 2638/609/6
f 2636/607/6 2638/609/6 2639/610/6
f 2638/609/6 2637/608/6 276/41/6
f 2638/609/6 276/41/6 275/40/6
f 277/42/6 276/41/6 2640/618/6
f 2642/607/7 2643/610/7 2644/609/7
f 2642/607/7 2644/609/7 2645/608/7
f 2644/609/7 278/40/7 280/41/7
f 2644/609/7 280/41/7 2645/608/7
f 279/42/7 2647/618/7 280/41/7
f 2652/646/205 4518/620/205 4534/621/205
f 2652/646/205 4534/621/205 2653/645/205
f 4519/623/206 2656/624/206 2657/625/206
f 4519/623/206 2657/625/206 4535/626/206
f 4517/624/5 2658/627/5 2659/628/5
f 4517/624/5 2659/628/5 4533/625/5
f 2692/629/1 2693/630/1 2694/631/1
f 2692/629/1 2694/631/1 2695/632/1
f 4505/633/80 4563/634/80 2698/635/80
f 4505/633/80 2698/635/80 2699/647/80
f 2704/637/6 2705/638/6 2706/639/6
f 2704/637/6 2706/639/6 2707/640/6
f 2708/641/7 2709/642/7 4508/632/7
f 2708/641/7 4508/632/7 4506/633/7
f 2698/635/80 4563/634/80 4611/639/80
f 2698/635/80 4611/639/80 2710/643/80
f 2694/631/1 2693/630/1 2713/644/1
f 2694/631/1 2713/644/1 4613/640/1
f 2714/607/6 2715/608/6 2716/609/6
f 2714/607/6 2716/609/6 2717/610/6
f 2716/609/6 2715/608/6 282/41/6
f 2716/609/6 282/41/6 281/40/6
f 283/42/6 282/41/6 2718/618/6
f 2720/607/7 2721/610/7 2722/609/7
f 2720/607/7 2722/609/7 2723/608/7
f 2722/609/7 284/40/7 286/41/7
f 2722/609/7 286/41/7 2723/608/7
f 285/42/7 2725/618/7 286/41/7
f 4590/623/206 2734/624/206 2735/625/206
f 4590/623/206 2735/625/206 4606/626/206
f 4588/624/5 2736/627/5 2737/628/5
f 4588/624/5 2737/628/5 4604/625/5
f 2803/648/8 2804/649/8 2805/650/8
f 2803/648/8 2805/650/8 2806/651/8
f 2804/649/8 287/46/8 289/48/8
f 2804/649/8 289/48/8 2805/650/8
f 292/51/8 2803/648/8 2806/651/8
f 292/51/8 2806/651/8 290/49/8
f 2840/648/11 2841/649/11 2842/652/11
f 2840/648/11 2842/652/11 2843/651/11
f 2841/649/11 293/52/11 295/53/11
f 2841/649/11 295/53/11 2842/652/11
f 298/51/11 2840/648/11 2843/651/11
f 298/51/11 2843/651/11 296/49/13
f 2844/653/1 2845/654/1 2846/655/1
f 2844/653/1 2846/655/1 2847/656/1
f 2848/657/207 4510/655/207 2849/658/207
f 2848/657/207 2849/658/207 2850/659/208
f 2852/660/209 2853/661/209 2854/662/209
f 2852/660/209 2854/662/209 2855/663/209
f 2856/664/1 2857/665/1 2858/655/1
f 2860/657/210 2861/659/211 2862/658/210
f 2860/657/210 2862/658/210 4073/655/210
f 4079/654/212 4074/655/212 4072/658/212
f 4079/654/212 4072/658/212 2863/666/212
f 2864/667/213 2865/668/213 2866/662/213
f 2864/667/213 2866/662/213 2867/669/213
f 2868/670/214 2869/671/214 2870/672/214
f 2868/670/214 2870/672/214 2871/673/214
f 4088/670/1 2872/674/1 2873/675/1
f 4088/670/1 2873/675/1 4495/671/1
f 2944/676/2 2945/677/2 2946/678/2
f 2944/676/2 2946/678/2 2947/679/2
f 2947/679/2 2946/678/2 2965/680/2
f 2947/679/2 2965/680/2 2966/681/2
f 2971/682/215 2972/683/215 4447/684/215
f 2973/685/216 4501/686/216 4502/687/216
f 2978/688/216 2973/685/216 4502/687/216
f 2978/688/216 4502/687/216 4503/689/216
f 2975/690/215 2979/691/215 2980/692/215
f 2975/690/215 2980/692/215 2976/693/215
f 2982/694/216 2978/688/216 4503/689/216
f 2982/694/216 4503/689/216 4504/695/216
f 2988/683/217 2991/690/217 2992/693/217
f 2988/683/217 2992/693/217 4252/684/217
f 2994/688/218 4254/687/218 4368/689/218
f 2991/690/217 2995/691/217 2996/692/217
f 2998/694/218 2994/688/218 4368/689/218
f 2998/694/218 4368/689/218 4445/695/218
f 3003/676/2 3004/677/2 3005/678/2
f 3003/676/2 3005/678/2 3006/679/2
f 3006/679/2 3005/678/2 3024/680/2
f 3006/679/2 3024/680/2 3025/681/2
f 3030/682/6 3031/683/6 4096/684/6
f 3030/682/6 4096/684/6 4095/696/6
f 3032/685/7 4057/686/7 4058/687/7
f 3031/683/6 3034/690/6 3035/693/6
f 3031/683/6 3035/693/6 4096/684/6
f 3037/688/7 3032/685/7 4058/687/7
f 3037/688/7 4058/687/7 4056/689/7
f 3046/676/2 3047/677/2 3048/678/2
f 3046/676/2 3048/678/2 3049/679/2
f 3049/679/2 3048/678/2 3067/680/2
f 3049/679/2 3067/680/2 3068/681/2
f 3073/682/219 3074/683/219 4318/684/219
f 3073/682/219 4318/684/219 4452/696/219
f 3075/685/220 3076/697/220 4446/686/220
f 3075/685/220 4446/686/220 4316/687/220
f 3074/683/219 3077/690/219 3078/693/219
f 3074/683/219 3078/693/219 4318/684/219
f 3080/688/220 4316/687/220 4186/689/220
f 3077/690/219 3081/691/219 3082/692/219
f 3077/690/219 3082/692/219 3078/693/219
f 3084/694/220 3080/688/220 4186/689/220
f 3084/694/220 4186/689/220 4091/695/220
f 3089/676/2 3090/677/2 3091/678/2
f 3089/676/2 3091/678/2 3092/679/2
f 3092/679/2 3091/678/2 3110/680/2
f 3092/679/2 3110/680/2 3111/681/2
f 3160/698/221 3161/699/221 3162/700/221
f 3160/698/221 3162/700/221 3163/701/221
f 3164/702/221 3160/698/221 3163/701/221
f 3164/702/221 3163/701/221 3165/703/221
f 3166/704/221 3164/702/221 3165/703/221
f 3166/704/221 3165/703/221 3167/705/221
f 3166/704/221 3167/705/221 3168/706/221
f 3166/704/221 3168/706/221 3169/707/221
f 3161/699/221 3171/708/221 3162/700/221
f 3172/709/222 3173/710/222 3174/711/222
f 3172/709/222 3174/711/222 3175/712/222
f 3774/710/223 3177/713/223 3932/711/223
f 3178/714/224 3179/715/224 3180/716/224
f 3178/714/224 3180/716/224 3181/717/224
f 3812/715/225 3799/709/226 3961/712/225
f 3812/715/225 3961/712/225 3980/716/225
f 3190/709/227 3191/710/227 3192/711/228
f 3906/710/229 3194/718/229 3195/713/229
f 3906/710/229 3195/713/229 3765/711/229
f 3196/714/230 3197/715/230 3198/716/230
f 3196/714/230 3198/716/230 3199/717/230
f 3953/715/231 3775/712/231 3795/716/231
f 3222/719/232 3223/720/232 3224/721/232
f 3226/722/233 3227/723/233 3224/721/232
f 3226/722/233 3224/721/232 3223/720/232
f 3228/724/234 3229/725/234 3230/726/234
f 3228/724/234 3231/727/234 3232/728/234
f 3228/724/234 3232/728/234 3233/729/234
f 3234/730/235 3235/731/235 3236/732/235
f 3234/730/235 3236/732/235 3237/733/235
f 3238/734/236 3767/730/237 3754/733/236
f 3238/734/236 3754/733/236 3239/735/236
f 3240/736/238 3764/734/239 3741/735/238
f 3240/736/238 3741/735/238 3241/737/240
f 3242/738/241 3752/736/241 3736/737/241
f 3242/738/241 3736/737/241 3243/739/242
f 3244/740/243 3753/738/243 3737/739/244
f 3244/740/243 3737/739/244 3245/741/245
f 3768/731/246 3246/742/246 3247/743/246
f 3768/731/246 3247/743/246 3755/732/247
f 3248/744/248 3250/745/248 3251/746/248
f 3252/747/249 3253/748/249 3254/749/249
f 3252/747/249 3254/749/249 3255/750/249
f 3256/751/250 3803/747/251 3760/750/250
f 3256/751/250 3760/750/250 3257/752/250
f 3258/753/252 3791/751/252 3744/752/252
f 3258/753/252 3744/752/252 3259/754/252
f 3260/755/253 3793/753/253 3746/754/254
f 3260/755/253 3746/754/254 3261/756/255
f 3819/757/256 3805/755/256 3762/756/256
f 3819/757/256 3762/756/256 3772/745/257
f 3347/758/258 3348/759/258 3349/760/258
f 3347/758/258 3349/760/258 3350/761/258
f 3351/762/258 3347/758/258 3350/761/258
f 3351/762/258 3350/761/258 3352/763/258
f 3353/764/258 3351/762/258 3352/763/258
f 3353/764/258 3352/763/258 3354/765/258
f 3348/759/258 3355/766/258 3356/767/259
f 3401/768/260 3402/769/261 3403/770/261
f 3401/768/260 3403/770/261 3404/771/261
f 4157/772/262 3411/773/263 3412/774/264
f 4157/772/262 3412/774/264 4140/775/263
f 3415/776/265 3416/777/266 3417/778/267
f 3415/776/265 3417/778/267 3418/779/268
f 3419/780/269 3420/781/270 3418/779/268
f 3419/780/269 3418/779/268 3417/778/267
f 3421/782/271 3423/783/272 3424/784/272
f 3421/782/271 3424/784/272 3425/785/273
f 3421/782/271 3425/785/273 3426/786/274
f 3449/758/275 3450/761/275 3451/760/275
f 3449/758/275 3451/760/275 3452/759/275
f 3453/762/275 3454/763/275 3450/761/275
f 3453/762/275 3450/761/275 3449/758/275
f 3455/764/275 3454/763/275 3453/762/275
f 3452/759/275 3451/760/275 3457/767/276
f 3452/759/275 3457/767/276 3458/766/275
f 3503/768/277 3504/771/278 3505/770/278
f 3503/768/277 3505/770/278 3506/769/279
f 4403/772/280 4416/775/281 3513/774/282
f 4403/772/280 3513/774/282 3514/773/280
f 3517/776/283 3518/779/283 3519/778/283
f 3517/776/283 3519/778/283 3520/777/284
f 3521/780/283 3519/778/283 3518/779/283
f 3521/780/283 3518/779/283 3522/781/284
f 3523/782/285 3525/783/285 3526/787/286
f 3523/782/285 3527/786/285 3528/785/287
f 3523/782/285 3528/785/287 3524/784/287
f 3529/788/288 3531/789/288 3532/790/289
f 3530/791/288 3533/792/289 3534/793/289
f 3530/791/288 3534/793/289 3531/789/288
f 3535/788/290 3536/790/290 3537/789/290
f 3535/788/290 3537/789/290 3538/791/290
f 3538/791/290 3537/789/290 3539/793/290
f 3538/791/290 3539/793/290 3540/792/290
f 3540/792/290 3539/793/290 320/794/291
f 3541/788/292 3542/791/292 3543/789/292
f 3542/791/292 3545/792/293 3546/793/293
f 3542/791/292 3546/793/293 3543/789/292
f 3547/788/294 3549/789/295 3550/791/294
f 3550/791/294 3551/793/296 3552/792/296
f 3552/792/296 3551/793/296 326/794/297
f 3553/795/16 3554/796/16 3555/797/16
f 3553/795/16 3555/797/16 3556/798/298
f 3554/796/16 328/57/15 330/59/16
f 3554/796/16 330/59/16 3555/797/16
f 3557/795/299 3558/798/299 3559/797/300
f 3557/795/299 3559/797/300 3560/796/300
f 3560/796/300 3559/797/300 332/59/300
f 3560/796/300 332/59/300 331/57/301
f 3561/795/302 3562/796/303 3563/797/302
f 3561/795/302 3563/797/302 3564/798/302
f 3562/796/303 334/57/17 336/59/19
f 3562/796/303 336/59/19 3563/797/302
f 3565/795/304 3566/798/21 3567/797/21
f 3565/795/304 3567/797/21 3568/796/21
f 3568/796/21 3567/797/21 338/59/21
f 3568/796/21 338/59/21 337/57/20
f 3569/799/2 3570/800/2 3571/801/2
f 3569/799/2 3571/801/2 3572/802/2
f 6/101/305 7/803/306 8/804/307
f 9/106/308 10/805/309 11/107/310
f 12/101/311 13/804/312 14/803/313
f 15/106/314 16/107/315 17/805/316
f 18/806/317 19/807/318 20/102/319
f 21/808/320 22/809/321 23/810/320
f 24/811/322 25/812/323 26/813/324
f 27/814/325 28/815/326 29/816/327
f 30/817/328 31/818/329 32/819/330
f 33/820/331 31/818/329 30/817/328
f 34/821/332 35/822/333 36/823/334
f 37/817/335 38/819/336 39/818/337
f 40/820/338 37/817/335 39/818/337
f 41/821/339 42/823/340 43/822/341
f 47/220/2 48/219/2 49/227/2
f 62/824/342 63/825/343 64/826/344
f 65/827/345 66/828/346 67/829/347
f 68/830/348 69/831/349 70/832/350
f 71/833/351 72/834/352 73/835/353
f 74/836/354 75/837/355 76/838/356
f 77/839/357 78/840/358 79/841/359
f 80/842/360 81/843/361 82/844/362
f 83/845/363 84/846/364 85/847/365
f 86/848/366 87/849/367 88/850/368
f 89/851/369 90/852/370 91/853/371
f 92/854/372 93/855/373 94/856/374
f 95/857/375 96/858/376 97/859/377
f 104/860/378 105/861/379 106/862/380
f 107/863/381 108/864/382 109/865/383
f 108/864/382 110/866/384 109/865/383
f 110/866/384 111/867/385 109/865/383
f 111/867/385 112/868/386 109/865/383
f 112/868/386 113/869/387 109/865/383
f 113/869/387 114/870/388 109/865/383
f 114/870/388 115/871/389 109/865/383
f 115/871/389 116/872/390 109/865/383
f 116/872/390 117/873/391 109/865/383
f 117/873/391 118/874/392 109/865/383
f 118/874/392 119/875/393 109/865/383
f 119/875/393 120/876/394 109/865/383
f 120/876/394 107/863/381 109/865/383
f 121/877/395 122/878/396 123/879/397
f 122/878/396 124/880/398 123/879/397
f 124/880/398 125/881/399 123/879/397
f 125/881/399 126/882/400 123/879/397
f 126/882/400 127/883/401 123/879/397
f 128/884/402 129/885/403 123/879/397
f 129/885/403 130/886/404 123/879/397
f 130/886/404 131/887/405 123/879/397
f 131/887/405 132/888/406 123/879/397
f 132/888/406 133/889/407 123/879/397
f 133/889/407 134/890/408 123/879/397
f 134/890/408 121/877/395 123/879/397
f 135/891/409 136/892/410 137/893/411
f 137/893/411 136/892/410 138/894/412
f 139/895/413 140/896/414 141/897/415
f 141/897/415 140/896/414 142/898/416
f 143/899/417 137/893/411 138/894/412
f 139/895/413 141/897/415 144/900/418
f 145/901/419 146/902/420 147/903/421
f 147/903/421 146/902/420 148/904/422
f 148/904/422 146/902/420 149/905/423
f 150/906/424 151/907/425 152/908/426
f 150/906/424 153/909/427 151/907/425
f 151/907/425 153/909/427 154/910/428
f 155/411/429 156/911/430 157/412/431
f 157/412/431 156/911/430 158/912/432
f 159/913/433 160/914/434 161/915/435
f 161/915/435 160/914/434 162/916/436
f 163/917/437 157/412/431 158/912/432
f 159/913/433 161/915/435 164/918/438
f 165/919/439 166/920/440 167/921/441
f 168/922/442 165/919/439 167/921/441
f 169/923/443 168/922/442 167/921/441
f 170/924/444 169/923/443 167/921/441
f 171/925/445 170/924/444 167/921/441
f 166/920/440 171/925/445 167/921/441
f 172/926/446 173/927/447 174/928/448
f 173/927/447 175/929/449 174/928/448
f 175/929/449 176/930/450 174/928/448
f 176/930/450 177/931/451 174/928/448
f 177/931/451 178/932/452 174/928/448
f 178/932/452 172/926/446 174/928/448
f 179/933/453 180/934/454 181/935/455
f 182/936/456 179/933/453 181/935/455
f 183/937/457 182/936/456 181/935/455
f 184/938/458 183/937/457 181/935/455
f 185/939/459 184/938/458 181/935/455
f 180/934/454 185/939/459 181/935/455
f 186/940/460 187/941/461 188/942/462
f 187/941/461 189/943/463 188/942/462
f 189/943/463 190/944/464 188/942/462
f 190/944/464 191/945/465 188/942/462
f 191/945/465 192/946/466 188/942/462
f 192/946/466 186/940/460 188/942/462
f 193/947/467 194/948/468 195/949/469
f 196/950/470 197/951/471 198/952/472
f 199/953/473 200/954/474 201/955/475
f 202/956/476 203/957/477 204/958/2
f 203/957/477 205/959/478 204/958/2
f 205/959/478 206/960/479 204/958/2
f 206/960/479 207/961/480 204/958/2
f 207/961/480 208/962/481 204/958/2
f 208/962/481 209/963/482 204/958/2
f 209/963/482 210/964/483 204/958/2
f 210/964/483 211/965/484 204/958/2
f 211/965/484 212/966/485 204/958/2
f 212/966/485 202/956/476 204/958/2
f 213/956/486 214/957/487 215/958/2
f 214/957/487 216/959/488 215/958/2
f 216/959/488 217/960/489 215/958/2
f 217/960/489 218/961/490 215/958/2
f 218/961/490 219/962/491 215/958/2
f 219/962/491 220/963/492 215/958/2
f 220/963/492 221/964/493 215/958/2
f 221/964/493 222/965/494 215/958/2
f 222/965/494 223/966/495 215/958/2
f 223/966/495 213/956/486 215/958/2
f 299/967/496 300/968/497 301/969/498
f 300/968/497 302/970/499 301/969/498
f 302/970/499 303/971/500 301/969/498
f 303/971/500 304/972/501 301/969/498
f 304/972/501 305/973/502 301/969/498
f 305/973/502 306/974/503 301/969/498
f 306/974/503 307/975/504 301/969/498
f 307/975/504 308/976/505 301/969/498
f 308/976/505 309/977/506 301/969/498
f 309/977/506 299/967/496 301/969/498
f 310/978/507 311/979/507 312/980/507
f 316/981/508 317/982/509 318/794/510
f 319/981/511 320/794/291 321/982/512
f 322/981/513 323/982/514 324/794/515
f 325/981/516 326/794/297 327/982/517
f 331/57/301 332/59/300 333/58/300
f 340/61/518 341/60/518 342/63/518
f 340/61/518 342/63/518 343/62/518
f 354/68/1 356/66/1 357/69/1
f 358/983/2 4453/2/2 4118/5/2
f 358/983/2 4118/5/2 359/984/2
f 353/69/1 364/71/1 365/70/1
f 370/985/519 371/986/520 372/987/521
f 370/985/519 372/987/521 373/988/522
f 3588/986/523 374/989/523 375/990/524
f 3588/986/523 375/990/524 3586/987/525
f 376/991/526 3587/985/526 3585/988/527
f 376/991/526 3585/988/527 377/992/528
f 3586/987/525 375/990/524 378/993/529
f 3586/987/525 378/993/529 379/994/530
f 3585/988/527 380/995/531 381/996/532
f 3585/988/527 381/996/532 377/992/528
f 372/987/521 3590/994/533 3589/995/534
f 372/987/521 3589/995/534 373/988/522
f 382/997/535 383/998/536 384/999/537
f 382/997/535 384/999/537 385/1000/538
f 386/1001/539 387/1002/540 388/1003/541
f 386/1001/539 388/1003/541 389/1004/542
f 3591/997/543 3594/1000/544 3593/1002/545
f 3591/997/543 3593/1002/545 3592/1001/546
f 379/994/530 378/993/529 383/998/536
f 379/994/530 383/998/536 382/997/535
f 380/995/531 386/1001/539 389/1004/542
f 380/995/531 389/1004/542 381/996/532
f 3590/994/533 3591/997/543 3592/1001/546
f 3590/994/533 3592/1001/546 3589/995/534
f 390/78/547 391/81/548 392/1005/549
f 390/78/547 392/1005/549 393/1006/547
f 394/1007/550 395/1008/550 396/1009/551
f 394/1007/550 396/1009/551 397/1010/552
f 391/81/548 400/83/553 401/1011/554
f 391/81/548 401/1011/554 392/1005/549
f 397/1010/552 396/1009/551 402/1012/555
f 397/1010/552 402/1012/555 403/1013/556
f 400/83/553 405/85/557 406/1014/558
f 400/83/553 406/1014/558 401/1011/554
f 403/1013/556 402/1012/555 407/1015/559
f 403/1013/556 407/1015/559 408/1016/560
f 405/85/557 410/87/561 411/1017/561
f 405/85/557 411/1017/561 406/1014/558
f 408/1016/560 407/1015/559 412/1018/562
f 408/1016/560 412/1018/562 413/1019/562
f 3603/85/6 409/84/6 414/86/6
f 415/95/563 416/94/564 417/1020/565
f 415/95/563 417/1020/565 418/1021/566
f 419/1022/567 420/1023/568 421/89/567
f 419/1022/567 421/89/567 422/88/569
f 4194/91/570 4192/90/571 425/1024/570
f 4194/91/570 425/1024/570 426/1025/572
f 4215/1025/573 4202/1024/574 427/93/573
f 4215/1025/573 427/93/573 428/92/575
f 429/96/28 430/1026/29 431/97/29
f 435/1027/576 436/1028/577 437/1029/578
f 435/1027/576 437/1029/578 438/1030/579
f 439/1031/580 440/1032/581 441/1033/582
f 439/1031/580 441/1033/582 442/1034/583
f 438/1030/579 437/1029/578 443/1035/584
f 438/1030/579 443/1035/584 444/1036/585
f 444/1036/585 443/1035/584 440/1032/581
f 444/1036/585 440/1032/581 439/1031/580
f 445/1037/586 8/804/307 7/803/306
f 445/1037/586 7/803/306 446/1038/587
f 10/805/309 445/1037/586 446/1038/587
f 10/805/309 446/1038/587 11/107/310
f 436/1028/577 435/1027/576 4242/806/588
f 436/1028/577 4242/806/588 4233/102/589
f 442/1034/583 441/1033/582 4116/810/590
f 442/1034/583 4116/810/590 4100/809/591
f 6/101/305 436/1028/577 4233/102/589
f 437/1029/578 436/1028/577 6/101/305
f 437/1029/578 6/101/305 8/804/307
f 443/1035/584 437/1029/578 8/804/307
f 443/1035/584 8/804/307 445/1037/586
f 440/1032/581 443/1035/584 445/1037/586
f 440/1032/581 445/1037/586 10/805/309
f 441/1033/582 440/1032/581 10/805/309
f 441/1033/582 10/805/309 9/106/308
f 4116/810/590 441/1033/582 9/106/308
f 4116/810/590 9/106/308 448/109/592
f 4196/1027/593 4177/1030/594 449/1029/595
f 4196/1027/593 449/1029/595 450/1028/596
f 4117/1031/597 4104/1034/598 451/1033/599
f 4117/1031/597 451/1033/599 452/1032/600
f 4177/1030/594 4134/1036/601 453/1035/602
f 4177/1030/594 453/1035/602 449/1029/595
f 4134/1036/601 4117/1031/597 452/1032/600
f 4134/1036/601 452/1032/600 453/1035/602
f 454/1037/603 455/1038/604 14/803/313
f 454/1037/603 14/803/313 13/804/312
f 17/805/316 16/107/315 455/1038/604
f 17/805/316 455/1038/604 454/1037/603
f 450/1028/596 456/102/605 4243/806/606
f 450/1028/596 4243/806/606 4196/1027/593
f 4104/1034/598 4101/809/607 457/810/608
f 4104/1034/598 457/810/608 451/1033/599
f 12/101/311 456/102/605 450/1028/596
f 449/1029/595 13/804/312 12/101/311
f 449/1029/595 12/101/311 450/1028/596
f 453/1035/602 454/1037/603 13/804/312
f 453/1035/602 13/804/312 449/1029/595
f 452/1032/600 17/805/316 454/1037/603
f 452/1032/600 454/1037/603 453/1035/602
f 451/1033/599 15/106/314 17/805/316
f 451/1033/599 17/805/316 452/1032/600
f 457/810/608 459/109/609 15/106/314
f 457/810/608 15/106/314 451/1033/599
f 460/1039/610 461/1040/611 4208/803/611
f 460/1039/610 4208/803/611 4201/101/612
f 19/807/318 464/1041/613 4216/103/614
f 19/807/318 4216/103/614 20/102/319
f 464/1041/613 460/1039/610 4201/101/612
f 464/1041/613 4201/101/612 4216/103/614
f 4126/108/320 21/808/320 23/810/320
f 4126/108/320 23/810/320 4128/109/320
f 466/110/34 468/112/34 469/114/34
f 470/113/35 4473/114/35 471/116/35
f 486/1042/615 487/1043/616 488/1044/617
f 486/1042/615 488/1044/617 489/1045/618
f 4148/1043/619 490/1046/620 491/1047/621
f 4148/1043/619 491/1047/621 4176/1044/622
f 4142/1046/623 492/1048/624 493/1049/625
f 4142/1046/623 493/1049/625 4173/1047/626
f 494/1050/627 495/1051/628 496/1052/629
f 494/1050/627 496/1052/629 497/1053/630
f 4141/1051/631 498/1054/632 499/1055/633
f 4141/1051/631 499/1055/633 4172/1052/634
f 4147/1054/635 4149/1042/636 4182/1045/637
f 4147/1054/635 4182/1045/637 4175/1055/638
f 500/1056/639 501/1057/640 502/130/641
f 500/1056/639 502/130/641 503/133/642
f 4198/1057/643 504/1058/644 505/141/645
f 4198/1057/643 505/141/645 4237/130/646
f 4189/1058/647 506/1059/648 507/142/649
f 4189/1058/647 507/142/649 4221/141/650
f 508/1056/651 509/1057/652 510/145/653
f 508/1056/651 510/145/653 511/144/654
f 4188/1057/655 512/1060/656 513/137/657
f 4188/1057/655 513/137/657 4223/145/658
f 4197/1060/659 514/1059/660 515/140/661
f 4197/1060/659 515/140/661 4235/137/662
f 516/1061/663 517/1062/664 518/1063/665
f 516/1061/663 518/1063/665 519/1064/666
f 4333/1062/667 520/1065/668 521/1066/669
f 4333/1062/667 521/1066/669 4352/1063/669
f 4331/1065/670 522/1067/671 523/1068/672
f 4331/1065/670 523/1068/672 4348/1066/672
f 524/1069/673 525/1070/674 526/1071/675
f 524/1069/673 526/1071/675 527/1072/675
f 4330/1070/676 528/1073/677 529/1074/678
f 4330/1070/676 529/1074/678 4347/1071/678
f 4332/1073/679 4334/1061/680 4357/1064/681
f 4332/1073/679 4357/1064/681 4351/1074/681
f 530/1075/682 531/1076/683 532/1077/684
f 530/1075/682 532/1077/684 533/1078/685
f 4386/1075/686 534/1079/687 535/1080/688
f 4386/1075/686 535/1080/688 4422/1076/689
f 536/1081/690 537/1082/691 538/1083/692
f 536/1081/690 538/1083/692 539/1084/692
f 4385/1082/693 540/1085/694 541/1086/695
f 4385/1082/693 541/1086/695 4420/1083/696
f 4388/1085/697 542/1087/698 543/1088/699
f 4388/1085/697 543/1088/699 4433/1086/699
f 4390/1087/700 4387/1078/701 4431/1077/702
f 4390/1087/700 4431/1077/702 4437/1088/702
f 544/1089/703 545/1090/704 546/1091/705
f 544/1089/703 546/1091/705 547/1092/706
f 4226/1090/707 548/1093/708 549/1094/709
f 4226/1090/707 549/1094/709 4258/1091/710
f 550/1095/711 551/1096/712 552/1097/713
f 550/1095/711 552/1097/713 553/1098/714
f 4225/1096/715 554/1099/716 555/1100/717
f 4225/1096/715 555/1100/717 4257/1097/718
f 4230/1099/719 556/1101/720 557/1102/721
f 4230/1099/719 557/1102/721 4261/1100/722
f 4231/1089/723 4262/1092/724 4264/1102/725
f 4231/1089/723 4264/1102/725 4241/1101/726
f 4238/130/43 4222/141/43 564/138/43
f 568/133/45 569/132/45 570/131/46
f 4224/145/43 576/136/43 572/135/43
f 4180/134/727 4169/137/728 504/1058/644
f 4180/134/727 504/1058/644 4198/1057/643
f 4170/137/729 4163/140/730 506/1059/648
f 4170/137/729 506/1059/648 4189/1058/647
f 4164/133/731 4167/130/732 509/1057/652
f 4164/133/731 509/1057/652 508/1056/651
f 4168/130/733 4178/147/734 512/1060/656
f 4168/130/733 512/1060/656 4188/1057/655
f 4179/147/735 4183/142/736 514/1059/660
f 4179/147/735 514/1059/660 4197/1060/659
f 4181/134/737 501/1057/640 500/1056/639
f 4181/134/737 500/1056/639 4184/148/738
f 582/1103/739 490/1046/620 4148/1043/619
f 582/1103/739 4148/1043/619 583/1104/740
f 584/1105/741 492/1048/624 4142/1046/623
f 584/1105/741 4142/1046/623 4120/1103/742
f 585/1106/743 495/1051/628 494/1050/627
f 585/1106/743 494/1050/627 586/1107/744
f 587/1108/745 498/1054/632 4141/1051/631
f 587/1108/745 4141/1051/631 4119/1106/746
f 4132/1108/747 588/1109/748 4149/1042/636
f 4132/1108/747 4149/1042/636 4147/1054/635
f 4133/1104/749 487/1043/616 486/1042/615
f 4133/1104/749 486/1042/615 4144/1109/750
f 589/149/49 590/150/49 4460/115/49
f 4435/153/53 594/1110/751 4469/122/53
f 595/154/55 4467/118/55 4470/120/752
f 596/1111/753 597/1112/754 598/1113/755
f 596/1111/753 598/1113/755 599/1114/756
f 4432/1077/757 4423/1076/758 600/1115/759
f 4432/1077/757 600/1115/759 601/1116/760
f 599/1114/756 598/1113/755 602/1117/761
f 599/1114/756 602/1117/761 603/1118/762
f 4423/1076/758 4418/1080/763 604/1119/764
f 4423/1076/758 604/1119/764 600/1115/759
f 605/1120/762 606/1121/765 607/1122/766
f 605/1120/762 607/1122/766 608/1123/767
f 4419/1084/763 4421/1083/768 609/1124/769
f 4419/1084/763 609/1124/769 610/1125/770
f 608/1123/767 607/1122/766 611/1126/771
f 608/1123/767 611/1126/771 612/1127/772
f 4421/1083/768 4434/1086/773 613/1128/774
f 4421/1083/768 613/1128/774 609/1124/769
f 612/1127/772 611/1126/771 614/1129/775
f 612/1127/772 614/1129/775 615/1130/776
f 4434/1086/773 4438/1088/777 616/1131/778
f 4434/1086/773 616/1131/778 613/1128/774
f 615/1130/776 614/1129/775 597/1112/754
f 615/1130/776 597/1112/754 596/1111/753
f 4438/1088/777 4432/1077/757 601/1116/760
f 4438/1088/777 601/1116/760 616/1131/778
f 617/1132/779 618/1133/780 520/1065/668
f 617/1132/779 520/1065/668 4333/1062/667
f 4297/1133/781 619/1134/782 522/1067/671
f 4297/1133/781 522/1067/671 4331/1065/670
f 620/1135/783 621/1136/784 525/1070/674
f 620/1135/783 525/1070/674 524/1069/673
f 4296/1136/785 622/1137/786 528/1073/677
f 4296/1136/785 528/1073/677 4330/1070/676
f 4301/1137/787 623/1138/788 4334/1061/680
f 4301/1137/787 4334/1061/680 4332/1073/679
f 4303/1138/789 4302/1132/790 517/1062/664
f 4303/1138/789 517/1062/664 516/1061/663
f 4360/1111/791 4355/1114/792 530/1075/682
f 4360/1111/791 530/1075/682 533/1078/685
f 4356/1114/793 4349/1118/794 534/1079/687
f 4356/1114/793 534/1079/687 4386/1075/686
f 4350/1120/795 4353/1123/796 537/1082/691
f 4350/1120/795 537/1082/691 536/1081/690
f 4354/1123/797 4358/1127/798 540/1085/694
f 4354/1123/797 540/1085/694 4385/1082/693
f 4359/1127/799 4362/1130/800 542/1087/698
f 4359/1127/799 542/1087/698 4388/1085/697
f 4363/1130/801 4361/1111/802 4387/1078/701
f 4363/1130/801 4387/1078/701 4390/1087/700
f 547/1092/706 546/1091/705 618/1133/780
f 547/1092/706 618/1133/780 617/1132/779
f 4258/1091/710 549/1094/709 619/1134/782
f 4258/1091/710 619/1134/782 4297/1133/781
f 553/1098/714 552/1097/713 621/1136/784
f 553/1098/714 621/1136/784 620/1135/783
f 4257/1097/718 555/1100/717 622/1137/786
f 4257/1097/718 622/1137/786 4296/1136/785
f 4261/1100/722 557/1102/721 623/1138/788
f 4261/1100/722 623/1138/788 4301/1137/787
f 4264/1102/725 4262/1092/724 4302/1132/790
f 4264/1102/725 4302/1132/790 4303/1138/789
f 624/158/57 625/1139/57 626/1140/57
f 624/158/57 626/1140/57 627/155/57
f 630/1141/803 28/815/326 27/814/325
f 630/1141/803 27/814/325 631/1142/804
f 4204/1142/805 4295/814/806 4287/811/807
f 4204/1142/805 4287/811/807 632/1143/808
f 4203/1143/809 24/811/322 26/813/324
f 4203/1143/809 26/813/324 633/1144/810
f 4287/811/807 4295/814/806 4337/816/811
f 4287/811/807 4337/816/811 4338/812/812
f 25/812/323 634/1145/80 635/1146/813
f 25/812/323 635/1146/813 26/813/324
f 29/816/327 28/815/326 636/1147/814
f 29/816/327 636/1147/814 637/1148/815
f 4338/812/812 4337/816/811 4383/1148/816
f 4338/812/812 4383/1148/816 4382/1145/817
f 638/159/58 640/161/58 641/166/58
f 4154/166/818 4209/161/819 642/1149/820
f 4154/166/818 642/1149/820 643/1150/821
f 648/1151/822 649/1152/823 4206/1149/824
f 648/1151/822 4206/1149/824 4210/161/822
f 650/1153/825 651/1154/826 4155/166/826
f 650/1153/825 4155/166/826 4162/1150/827
f 652/1155/828 650/1153/825 4162/1150/827
f 652/1155/828 4162/1150/827 4152/162/828
f 4206/1149/824 649/1152/823 653/1156/829
f 4206/1149/824 653/1156/829 4219/163/829
f 643/1150/821 642/1149/820 4220/163/830
f 643/1150/821 4220/163/830 4153/162/831
f 4373/161/832 4414/166/833 658/1150/834
f 4373/161/832 658/1150/834 659/1149/835
f 660/163/64 661/162/836 662/165/65
f 664/1154/837 665/1153/838 4406/1150/838
f 664/1154/837 4406/1150/838 4415/166/837
f 666/1152/839 667/1151/840 4374/161/840
f 666/1152/839 4374/161/840 4381/1149/841
f 659/1149/835 658/1150/834 4410/162/842
f 659/1149/835 4410/162/842 4375/163/843
f 668/1156/844 666/1152/839 4381/1149/841
f 668/1156/844 4381/1149/841 4376/163/844
f 4406/1150/838 665/1153/838 669/1155/845
f 4406/1150/838 669/1155/845 4411/162/845
f 670/1157/846 671/1158/847 672/1159/848
f 670/1157/846 672/1159/848 673/1160/849
f 4275/1158/850 674/1161/850 675/1162/851
f 4275/1158/850 675/1162/851 4263/1159/852
f 676/1163/853 4250/1157/853 4255/1160/854
f 676/1163/853 4255/1160/854 677/1164/855
f 673/1160/849 672/1159/848 678/1165/856
f 673/1160/849 678/1165/856 679/1166/856
f 677/1164/855 4255/1160/854 4251/1166/857
f 677/1164/855 4251/1166/857 680/1167/857
f 4263/1159/852 675/1162/851 681/1168/858
f 4263/1159/852 681/1168/858 4270/1165/858
f 682/167/1 684/169/1 685/170/1
f 4279/168/859 690/1169/859 691/1170/859
f 4279/168/859 691/1170/859 4292/169/859
f 704/187/73 4340/177/73 4342/180/73
f 706/1171/860 707/1172/861 708/1173/862
f 706/1171/860 708/1173/862 709/1174/863
f 4371/1172/864 710/1175/864 711/1176/865
f 4371/1172/864 711/1176/865 4369/1173/866
f 709/1174/863 708/1173/862 712/1177/867
f 709/1174/863 712/1177/867 713/1178/867
f 4369/1173/866 711/1176/865 714/1179/868
f 4369/1173/866 714/1179/868 4372/1177/868
f 4366/1174/869 4346/1178/870 715/1180/870
f 4366/1174/869 715/1180/870 716/1181/871
f 716/1181/871 717/1182/872 4345/1171/872
f 716/1181/871 4345/1171/872 4366/1174/869
f 718/196/873 719/195/874 720/1183/875
f 718/196/873 720/1183/875 721/1184/876
f 728/1185/877 729/1186/878 730/1187/879
f 728/1185/877 730/1187/879 731/1188/880
f 732/1189/881 733/1190/882 734/1191/883
f 732/1189/881 734/1191/883 735/1192/884
f 721/1184/876 720/1183/875 4496/190/885
f 721/1184/876 4496/190/885 4412/189/886
f 735/1192/884 734/1191/883 736/1193/887
f 735/1192/884 736/1193/887 737/1194/888
f 731/1188/880 730/1187/879 738/1195/889
f 731/1188/880 738/1195/889 739/1196/890
f 4124/198/891 744/1197/891 745/1198/892
f 4124/198/891 745/1198/892 4121/199/893
f 746/1199/894 4097/197/894 4099/200/895
f 746/1199/894 4099/200/895 747/1200/896
f 747/1200/896 4099/200/895 4098/202/897
f 747/1200/896 4098/202/897 750/1201/897
f 4121/199/893 745/1198/892 751/1202/898
f 4121/199/893 751/1202/898 4125/201/898
f 752/197/1 754/199/1 755/198/1
f 4424/198/899 4440/199/900 756/1198/901
f 4424/198/899 756/1198/901 757/1197/899
f 758/1199/902 759/1200/903 4483/200/904
f 758/1199/902 4483/200/904 4486/197/902
f 753/200/1 761/201/1 754/199/1
f 759/1200/903 762/1201/905 4491/202/905
f 759/1200/903 4491/202/905 4483/200/904
f 4440/199/900 4439/201/906 763/1202/906
f 4440/199/900 763/1202/906 756/1198/901
f 772/216/907 773/1203/908 774/1204/909
f 772/216/907 774/1204/909 775/217/910
f 782/1205/911 783/1206/912 784/1187/913
f 782/1205/911 784/1187/913 785/1207/914
f 786/1208/915 787/1209/916 788/1191/917
f 786/1208/915 788/1191/917 789/1210/918
f 773/1203/908 4143/211/919 4084/214/920
f 773/1203/908 4084/214/920 774/1204/909
f 787/1209/916 790/1211/921 791/1212/922
f 787/1209/916 791/1212/922 788/1191/917
f 783/1206/912 792/1213/923 793/1214/924
f 783/1206/912 793/1214/924 784/1187/913
f 794/1215/925 31/818/329 33/820/331
f 794/1215/925 33/820/331 795/1216/926
f 796/1217/927 797/1218/928 31/818/329
f 796/1217/927 31/818/329 794/1215/925
f 798/1219/929 799/1220/930 797/1218/928
f 798/1219/929 797/1218/928 796/1217/927
f 800/1221/931 34/821/332 36/823/334
f 800/1221/931 36/823/334 801/1222/932
f 35/822/333 802/1223/933 803/1224/934
f 35/822/333 803/1224/934 36/823/334
f 797/1218/928 799/1220/930 804/1225/935
f 797/1218/928 804/1225/935 805/1226/936
f 31/818/329 797/1218/928 805/1226/936
f 31/818/329 805/1226/936 806/1227/937
f 32/819/330 31/818/329 806/1227/937
f 32/819/330 806/1227/937 807/1228/938
f 801/1222/932 36/823/334 799/1220/930
f 801/1222/932 799/1220/930 798/1219/929
f 804/1225/935 799/1220/930 36/823/334
f 804/1225/935 36/823/334 803/1224/934
f 808/1215/939 809/1216/926 4538/820/940
f 808/1215/939 4538/820/940 39/818/337
f 810/1217/941 808/1215/939 39/818/337
f 810/1217/941 39/818/337 811/1218/942
f 812/1219/943 810/1217/941 811/1218/942
f 812/1219/943 811/1218/942 813/1220/944
f 814/1221/945 815/1222/946 42/823/340
f 814/1221/945 42/823/340 41/821/339
f 43/822/341 42/823/340 816/1224/947
f 43/822/341 816/1224/947 817/1223/933
f 811/1218/942 818/1226/936 819/1225/935
f 811/1218/942 819/1225/935 813/1220/944
f 39/818/337 820/1227/937 818/1226/936
f 39/818/337 818/1226/936 811/1218/942
f 38/819/336 821/1228/938 820/1227/937
f 38/819/336 820/1227/937 39/818/337
f 815/1222/946 812/1219/943 813/1220/944
f 815/1222/946 813/1220/944 42/823/340
f 819/1225/935 816/1224/947 42/823/340
f 819/1225/935 42/823/340 813/1220/944
f 828/228/7 829/1229/7 3577/6/7
f 44/6/2 52/11/2 45/7/2
f 56/15/1 855/246/1 854/245/1
f 57/16/1 861/252/1 58/17/1
f 59/15/1 866/250/1 867/249/1
f 857/248/1 870/253/1 871/254/1
f 876/1230/948 877/1231/949 878/1232/949
f 876/1230/948 878/1232/949 879/1233/950
f 4497/1231/951 882/1234/952 883/1235/953
f 4497/1231/951 883/1235/953 4498/1232/951
f 882/1234/952 884/1236/954 885/1237/954
f 882/1234/952 885/1237/954 883/1235/953
f 4520/262/955 890/1238/956 891/1239/957
f 4520/262/955 891/1239/957 4521/263/955
f 890/1238/956 892/265/958 893/268/958
f 890/1238/956 893/268/958 891/1239/957
f 898/1240/959 876/1230/948 879/1233/950
f 898/1240/959 879/1233/950 899/1241/959
f 900/1231/960 901/1230/961 902/1233/962
f 900/1231/960 902/1233/962 903/1232/960
f 908/1234/963 4085/1231/964 4086/1232/964
f 908/1234/963 4086/1232/964 909/1235/965
f 4107/255/966 910/259/966 911/260/966
f 4107/255/966 911/260/966 4108/258/966
f 912/1238/967 913/262/968 914/263/968
f 912/1238/967 914/263/968 915/1239/969
f 918/1236/970 908/1234/963 909/1235/965
f 918/1236/970 909/1235/965 919/1237/970
f 4111/265/971 912/1238/967 915/1239/969
f 4111/265/971 915/1239/969 4112/268/971
f 901/1230/961 4304/1240/972 4305/1241/972
f 901/1230/961 4305/1241/972 902/1233/962
f 4307/269/973 4158/256/973 4159/257/973
f 4307/269/973 4159/257/973 4308/270/973
f 925/272/98 928/279/98 929/275/98
f 937/1242/974 938/1243/975 939/1244/976
f 937/1242/974 939/1244/976 940/1245/977
f 938/1243/975 941/1246/978 942/1247/979
f 938/1243/975 942/1247/979 939/1244/976
f 941/1246/978 943/1248/980 944/1249/981
f 941/1246/978 944/1249/981 942/1247/979
f 943/1248/980 945/1250/982 946/1251/983
f 943/1248/980 946/1251/983 944/1249/981
f 945/1250/982 947/1252/984 948/1253/985
f 945/1250/982 948/1253/985 946/1251/983
f 947/1252/984 949/1254/986 950/1255/987
f 947/1252/984 950/1255/987 948/1253/985
f 949/1254/986 951/1256/988 952/1257/989
f 949/1254/986 952/1257/989 950/1255/987
f 951/1256/988 953/1258/990 954/1259/991
f 951/1256/988 954/1259/991 952/1257/989
f 953/1258/990 955/1260/992 956/1261/993
f 953/1258/990 956/1261/993 954/1259/991
f 957/1262/994 958/1263/995 959/1264/996
f 957/1262/994 959/1264/996 960/1265/997
f 958/1263/995 961/1266/998 962/1267/999
f 958/1263/995 962/1267/999 959/1264/996
f 961/1266/998 963/1268/1000 964/1269/1001
f 961/1266/998 964/1269/1001 962/1267/999
f 963/1268/1000 937/1242/974 940/1245/977
f 963/1268/1000 940/1245/977 964/1269/1001
f 940/1245/977 939/1244/976 965/1270/1002
f 940/1245/977 965/1270/1002 966/1271/1003
f 939/1244/976 942/1247/979 967/1272/1004
f 939/1244/976 967/1272/1004 965/1270/1002
f 942/1247/979 944/1249/981 968/1273/1005
f 942/1247/979 968/1273/1005 967/1272/1004
f 944/1249/981 946/1251/983 969/1274/1006
f 944/1249/981 969/1274/1006 968/1273/1005
f 946/1251/983 948/1253/985 970/1275/1007
f 946/1251/983 970/1275/1007 969/1274/1006
f 948/1253/985 950/1255/987 971/1276/1008
f 948/1253/985 971/1276/1008 970/1275/1007
f 950/1255/987 952/1257/989 972/1277/1009
f 950/1255/987 972/1277/1009 971/1276/1008
f 952/1257/989 954/1259/991 973/1278/1010
f 952/1257/989 973/1278/1010 972/1277/1009
f 954/1259/991 956/1261/993 974/1279/1011
f 954/1259/991 974/1279/1011 973/1278/1010
f 960/1265/997 959/1264/996 975/1280/1012
f 960/1265/997 975/1280/1012 976/1281/1013
f 959/1264/996 962/1267/999 977/1282/1014
f 959/1264/996 977/1282/1014 975/1280/1012
f 962/1267/999 964/1269/1001 978/1283/1015
f 962/1267/999 978/1283/1015 977/1282/1014
f 964/1269/1001 940/1245/977 966/1271/1003
f 964/1269/1001 966/1271/1003 978/1283/1015
f 966/1271/1003 965/1270/1002 979/1284/1016
f 966/1271/1003 979/1284/1016 980/1285/1017
f 965/1270/1002 967/1272/1004 981/1286/1018
f 965/1270/1002 981/1286/1018 979/1284/1016
f 967/1272/1004 968/1273/1005 982/1287/1019
f 967/1272/1004 982/1287/1019 981/1286/1018
f 968/1273/1005 969/1274/1006 983/1288/1020
f 968/1273/1005 983/1288/1020 982/1287/1019
f 969/1274/1006 970/1275/1007 984/1289/1021
f 969/1274/1006 984/1289/1021 983/1288/1020
f 970/1275/1007 971/1276/1008 985/1290/1022
f 970/1275/1007 985/1290/1022 984/1289/1021
f 971/1276/1008 972/1277/1009 986/1291/1023
f 971/1276/1008 986/1291/1023 985/1290/1022
f 972/1277/1009 973/1278/1010 987/1292/1024
f 972/1277/1009 987/1292/1024 986/1291/1023
f 973/1278/1010 974/1279/1011 988/1293/1025
f 973/1278/1010 988/1293/1025 987/1292/1024
f 976/1281/1013 975/1280/1012 989/1294/1026
f 976/1281/1013 989/1294/1026 990/1295/1025
f 975/1280/1012 977/1282/1014 991/1296/1027
f 975/1280/1012 991/1296/1027 989/1294/1026
f 977/1282/1014 978/1283/1015 992/1297/1028
f 977/1282/1014 992/1297/1028 991/1296/1027
f 978/1283/1015 966/1271/1003 980/1285/1017
f 978/1283/1015 980/1285/1017 992/1297/1028
f 980/1285/1017 979/1284/1016 993/1298/1029
f 980/1285/1017 993/1298/1029 994/1299/1030
f 979/1284/1016 981/1286/1018 995/1300/1031
f 979/1284/1016 995/1300/1031 993/1298/1029
f 981/1286/1018 982/1287/1019 996/1301/1032
f 981/1286/1018 996/1301/1032 995/1300/1031
f 982/1287/1019 983/1288/1020 997/1302/1033
f 982/1287/1019 997/1302/1033 996/1301/1032
f 983/1288/1020 984/1289/1021 998/1303/1034
f 983/1288/1020 998/1303/1034 997/1302/1033
f 984/1289/1021 985/1290/1022 999/1304/1035
f 984/1289/1021 999/1304/1035 998/1303/1034
f 985/1290/1022 986/1291/1023 1000/1305/1036
f 985/1290/1022 1000/1305/1036 999/1304/1035
f 986/1291/1023 987/1292/1024 1001/1306/1037
f 986/1291/1023 1001/1306/1037 1000/1305/1036
f 987/1292/1024 988/1293/1025 1002/1307/1038
f 987/1292/1024 1002/1307/1038 1001/1306/1037
f 990/1295/1025 989/1294/1026 1003/1308/1039
f 990/1295/1025 1003/1308/1039 1004/1309/1040
f 989/1294/1026 991/1296/1027 1005/1310/1041
f 989/1294/1026 1005/1310/1041 1003/1308/1039
f 991/1296/1027 992/1297/1028 1006/1311/1042
f 991/1296/1027 1006/1311/1042 1005/1310/1041
f 992/1297/1028 980/1285/1017 994/1299/1030
f 992/1297/1028 994/1299/1030 1006/1311/1042
f 994/1299/1030 993/1298/1029 1007/1312/1043
f 994/1299/1030 1007/1312/1043 1008/1313/1044
f 993/1298/1029 995/1300/1031 1009/1314/1045
f 993/1298/1029 1009/1314/1045 1007/1312/1043
f 995/1300/1031 996/1301/1032 1010/1315/1046
f 995/1300/1031 1010/1315/1046 1009/1314/1045
f 996/1301/1032 997/1302/1033 1011/1316/1047
f 996/1301/1032 1011/1316/1047 1010/1315/1046
f 997/1302/1033 998/1303/1034 1012/1317/1048
f 997/1302/1033 1012/1317/1048 1011/1316/1047
f 998/1303/1034 999/1304/1035 1013/1318/1049
f 998/1303/1034 1013/1318/1049 1012/1317/1048
f 999/1304/1035 1000/1305/1036 1014/1319/1050
f 999/1304/1035 1014/1319/1050 1013/1318/1049
f 1000/1305/1036 1001/1306/1037 1015/1320/1051
f 1000/1305/1036 1015/1320/1051 1014/1319/1050
f 1001/1306/1037 1002/1307/1038 1016/1321/1052
f 1001/1306/1037 1016/1321/1052 1015/1320/1051
f 1004/1309/1040 1003/1308/1039 1017/1322/1053
f 1004/1309/1040 1017/1322/1053 1018/1323/1052
f 1003/1308/1039 1005/1310/1041 1019/1324/1054
f 1003/1308/1039 1019/1324/1054 1017/1322/1053
f 1005/1310/1041 1006/1311/1042 1020/1325/1055
f 1005/1310/1041 1020/1325/1055 1019/1324/1054
f 1006/1311/1042 994/1299/1030 1008/1313/1044
f 1006/1311/1042 1008/1313/1044 1020/1325/1055
f 4271/826/1056 4268/825/1057 4327/829/1057
f 4271/826/1056 4327/829/1057 4325/828/1058
f 4271/826/1056 4325/828/1058 4321/832/1059
f 4271/826/1056 4321/832/1059 4276/834/1060
f 4276/834/1060 4321/832/1059 4319/831/1061
f 4276/834/1060 4319/831/1061 4281/835/1062
f 4281/835/1062 4319/831/1061 4315/838/1063
f 4281/835/1062 4315/838/1063 4285/840/1064
f 4285/840/1064 4315/838/1063 4313/837/1065
f 4285/840/1064 4313/837/1065 4288/841/1066
f 4288/841/1066 4313/837/1065 1021/1326/1067
f 4288/841/1066 1021/1326/1067 1022/1327/1068
f 1022/1327/1068 1021/1326/1067 4314/844/1069
f 1022/1327/1068 4314/844/1069 4289/846/1070
f 4289/846/1070 4314/844/1069 4317/843/1071
f 4289/846/1070 4317/843/1071 4286/847/1072
f 4286/847/1072 4317/843/1071 4320/850/1073
f 4286/847/1072 4320/850/1073 4282/852/1074
f 4282/852/1074 4320/850/1073 4322/849/1075
f 4282/852/1074 4322/849/1075 4277/853/1076
f 4277/853/1076 4322/849/1075 4326/856/1077
f 4277/853/1076 4326/856/1077 4272/858/1078
f 4272/858/1078 4326/856/1077 4328/855/1079
f 4272/858/1078 4328/855/1079 4269/859/1079
f 65/827/345 68/830/348 70/832/350
f 65/827/345 70/832/350 66/828/346
f 71/833/351 62/824/342 64/826/344
f 71/833/351 64/826/344 72/834/352
f 68/830/348 74/836/354 76/838/356
f 68/830/348 76/838/356 69/831/349
f 77/839/357 71/833/351 73/835/353
f 77/839/357 73/835/353 78/840/358
f 74/836/354 1023/1328/1080 4312/1326/1081
f 74/836/354 4312/1326/1081 75/837/355
f 1024/1329/1082 77/839/357 79/841/359
f 1024/1329/1082 79/841/359 4290/1327/1083
f 1023/1328/1080 80/842/360 82/844/362
f 1023/1328/1080 82/844/362 4312/1326/1081
f 83/845/363 1024/1329/1082 4290/1327/1083
f 83/845/363 4290/1327/1083 84/846/364
f 80/842/360 86/848/366 88/850/368
f 80/842/360 88/850/368 81/843/361
f 89/851/369 83/845/363 85/847/365
f 89/851/369 85/847/365 90/852/370
f 86/848/366 92/854/372 94/856/374
f 86/848/366 94/856/374 87/849/367
f 95/857/375 89/851/369 91/853/371
f 95/857/375 91/853/371 96/858/376
f 1025/1330/1084 1026/1331/1085 1027/1332/1086
f 1025/1330/1084 1027/1332/1086 1028/1333/1087
f 1026/1331/1085 1029/1334/1088 1030/1335/1089
f 1026/1331/1085 1030/1335/1089 1027/1332/1086
f 1029/1334/1088 1031/1336/1090 1032/1337/1091
f 1029/1334/1088 1032/1337/1091 1030/1335/1089
f 1031/1336/1090 1033/1338/1092 1034/1339/1093
f 1031/1336/1090 1034/1339/1093 1032/1337/1091
f 1035/1340/1094 1036/1341/1095 1037/1342/1096
f 1035/1340/1094 1037/1342/1096 1038/1343/1093
f 1036/1341/1095 1039/1344/1097 1040/1345/1098
f 1036/1341/1095 1040/1345/1098 1037/1342/1096
f 1039/1344/1097 1041/1346/1099 1042/1347/1100
f 1039/1344/1097 1042/1347/1100 1040/1345/1098
f 1041/1346/1099 1043/1348/1101 1044/1349/1102
f 1041/1346/1099 1044/1349/1102 1042/1347/1100
f 1043/1348/1101 1045/1350/1103 1046/1351/1104
f 1043/1348/1101 1046/1351/1104 1044/1349/1102
f 1045/1350/1103 1047/1352/1105 1048/1353/1106
f 1045/1350/1103 1048/1353/1106 1046/1351/1104
f 1047/1352/1105 1049/1354/1107 1050/1355/1108
f 1047/1352/1105 1050/1355/1108 1048/1353/1106
f 1049/1354/1107 1025/1330/1084 1028/1333/1087
f 1049/1354/1107 1028/1333/1087 1050/1355/1108
f 1051/284/4 1052/289/3 1053/285/4
f 1057/1356/1109 1058/1357/1110 1059/1358/1111
f 1057/1356/1109 1059/1358/1111 1060/1359/1112
f 1061/1360/1113 1062/1361/1114 1058/1357/1110
f 1061/1360/1113 1058/1357/1110 1057/1356/1109
f 1063/1362/1115 1064/1363/1116 1062/1361/1114
f 1063/1362/1115 1062/1361/1114 1061/1360/1113
f 1065/1364/1117 1066/1365/1118 1064/1363/1116
f 1065/1364/1117 1064/1363/1116 1063/1362/1115
f 1067/1366/1119 1068/1367/1120 1066/1365/1118
f 1067/1366/1119 1066/1365/1118 1065/1364/1117
f 1069/1368/1121 1070/1369/1122 1068/1367/1120
f 1069/1368/1121 1068/1367/1120 1067/1366/1119
f 1071/1370/1123 1072/1371/1124 1070/1369/1122
f 1071/1370/1123 1070/1369/1122 1069/1368/1121
f 1073/1372/1125 1074/1373/1126 1072/1371/1124
f 1073/1372/1125 1072/1371/1124 1071/1370/1123
f 1060/1359/1112 1059/1358/1111 1074/1373/1126
f 1060/1359/1112 1074/1373/1126 1073/1372/1125
f 4575/1358/1127 1058/1357/1110 1075/1374/1128
f 4575/1358/1127 1075/1374/1128 1076/1375/1129
f 1058/1357/1110 1062/1361/1114 1077/1376/1130
f 1058/1357/1110 1077/1376/1130 1075/1374/1128
f 1062/1361/1114 1064/1363/1116 104/860/378
f 1062/1361/1114 104/860/378 1077/1376/1130
f 1064/1363/1116 1066/1365/1118 105/861/379
f 1064/1363/1116 105/861/379 104/860/378
f 1066/1365/1118 1068/1367/1120 106/862/380
f 1066/1365/1118 106/862/380 105/861/379
f 1068/1367/1120 1070/1369/1122 1078/1377/1131
f 1068/1367/1120 1078/1377/1131 106/862/380
f 1070/1369/1122 1072/1371/1124 1079/1378/1132
f 1070/1369/1122 1079/1378/1132 1078/1377/1131
f 1072/1371/1124 4572/1373/1133 1080/1379/1134
f 1072/1371/1124 1080/1379/1134 1079/1378/1132
f 4572/1373/1133 4575/1358/1127 1076/1375/1129
f 4572/1373/1133 1076/1375/1129 1080/1379/1134
f 1078/1377/1131 1079/1378/1132 1075/1374/1128
f 1078/1377/1131 1075/1374/1128 1077/1376/1130
f 1079/1378/1132 1080/1379/1134 1076/1375/1129
f 1079/1378/1132 1076/1375/1129 1075/1374/1128
f 1077/1376/1130 104/860/378 106/862/380
f 1077/1376/1130 106/862/380 1078/1377/1131
f 1081/1380/1135 1082/1381/1136 1083/1382/1137
f 1081/1380/1135 1083/1382/1137 1084/1383/1138
f 1082/1381/1136 1085/1384/1139 1086/1385/1140
f 1082/1381/1136 1086/1385/1140 1083/1382/1137
f 1085/1384/1139 1087/1386/1141 1088/1387/1142
f 1085/1384/1139 1088/1387/1142 1086/1385/1140
f 4571/1386/1143 1089/1388/1144 1090/1389/1145
f 4571/1386/1143 1090/1389/1145 4567/1387/1146
f 1089/1388/1144 1091/1390/1147 1092/1391/1148
f 1089/1388/1144 1092/1391/1148 1090/1389/1145
f 4541/1390/1149 1093/1392/1150 1094/1393/1151
f 4541/1390/1149 1094/1393/1151 4542/1391/1152
f 1093/1392/1150 1095/1394/1153 1096/1395/1154
f 1093/1392/1150 1096/1395/1154 1094/1393/1151
f 1095/1394/1153 1097/1396/1155 1098/1397/1156
f 1095/1394/1153 1098/1397/1156 1096/1395/1154
f 1097/1396/1155 1099/1398/1157 1100/1399/1158
f 1097/1396/1155 1100/1399/1158 1098/1397/1156
f 1099/1398/1157 1101/1400/1159 1102/1401/1160
f 1099/1398/1157 1102/1401/1160 1100/1399/1158
f 1101/1400/1159 1103/1402/1161 1104/1403/1162
f 1101/1400/1159 1104/1403/1162 1102/1401/1160
f 1103/1402/1161 1105/1404/1163 1106/1405/1164
f 1103/1402/1161 1106/1405/1164 1104/1403/1162
f 1105/1404/1163 1081/1380/1135 1084/1383/1138
f 1105/1404/1163 1084/1383/1138 1106/1405/1164
f 4607/1383/1165 4601/1382/1166 1107/1406/1167
f 4607/1383/1165 1107/1406/1167 1108/1407/1168
f 4601/1382/1166 4587/1385/1169 1109/1408/1170
f 4601/1382/1166 1109/1408/1170 1107/1406/1167
f 4587/1385/1169 4568/1387/1171 1110/1409/1172
f 4587/1385/1169 1110/1409/1172 1109/1408/1170
f 4568/1387/1171 4552/1389/1173 1111/1410/1174
f 4568/1387/1171 1111/1410/1174 1110/1409/1172
f 4552/1389/1173 4543/1391/1175 1112/1411/1176
f 4552/1389/1173 1112/1411/1176 1111/1410/1174
f 4543/1391/1175 4527/1393/1177 1113/1412/1178
f 4543/1391/1175 1113/1412/1178 1112/1411/1176
f 4527/1393/1177 4516/1395/1179 1114/1413/1180
f 4527/1393/1177 1114/1413/1180 1113/1412/1178
f 4516/1395/1179 4531/1397/1181 1115/1414/1182
f 4516/1395/1179 1115/1414/1182 1114/1413/1180
f 4531/1397/1181 4539/1399/1183 1116/1415/1184
f 4531/1397/1181 1116/1415/1184 1115/1414/1182
f 4539/1399/1183 4555/1401/1185 1117/1416/1186
f 4539/1399/1183 1117/1416/1186 1116/1415/1184
f 4555/1401/1185 4584/1403/1187 1118/1417/1188
f 4555/1401/1185 1118/1417/1188 1117/1416/1186
f 4584/1403/1187 4599/1405/1189 1119/1418/1190
f 4584/1403/1187 1119/1418/1190 1118/1417/1188
f 4599/1405/1189 4607/1383/1165 1108/1407/1168
f 4599/1405/1189 1108/1407/1168 1119/1418/1190
f 4600/1407/1191 4594/1406/1192 4593/864/1193
f 4600/1407/1191 4593/864/1193 4598/863/1194
f 4594/1406/1192 4586/1408/1195 4585/866/1196
f 4594/1406/1192 4585/866/1196 4593/864/1193
f 4586/1408/1195 4565/1409/1197 4569/867/1198
f 4586/1408/1195 4569/867/1198 4585/866/1196
f 4566/1409/1199 4558/1410/1200 4556/868/1201
f 4566/1409/1199 4556/868/1201 4570/867/1202
f 4558/1410/1200 4548/1411/1203 4546/869/1203
f 4558/1410/1200 4546/869/1203 4556/868/1201
f 4549/1411/1204 4532/1412/1205 4530/870/1206
f 4549/1411/1204 4530/870/1206 4547/869/1207
f 4532/1412/1205 4529/1413/1208 4528/871/1209
f 4532/1412/1205 4528/871/1209 4530/870/1206
f 4529/1413/1208 4537/1414/1210 4536/872/1211
f 4529/1413/1208 4536/872/1211 4528/871/1209
f 4537/1414/1210 4545/1415/1212 4544/873/1213
f 4537/1414/1210 4544/873/1213 4536/872/1211
f 4545/1415/1212 4559/1416/1214 4557/874/1215
f 4545/1415/1212 4557/874/1215 4544/873/1213
f 4559/1416/1214 4579/1417/1216 4578/875/1217
f 4559/1416/1214 4578/875/1217 4557/874/1215
f 4579/1417/1216 4592/1418/1218 4591/876/1219
f 4579/1417/1216 4591/876/1219 4578/875/1217
f 4592/1418/1218 4600/1407/1191 4598/863/1194
f 4592/1418/1218 4598/863/1194 4591/876/1219
f 1120/1419/1220 1121/1420/1221 1122/1421/1222
f 1120/1419/1220 1122/1421/1222 1123/1422/1220
f 1121/1420/1221 1124/1423/1223 1125/1424/1224
f 1121/1420/1221 1125/1424/1224 1122/1421/1222
f 1124/1423/1223 1126/1425/1225 1127/1426/1226
f 1124/1423/1223 1127/1426/1226 1125/1424/1224
f 1126/1425/1225 1128/1427/1227 1129/1428/1228
f 1126/1425/1225 1129/1428/1228 1127/1426/1226
f 1130/1429/1229 1131/1430/1230 1132/1431/1231
f 1130/1429/1229 1132/1431/1231 1133/1432/1228
f 4619/293/1232 4620/292/1232 1138/1433/1233
f 4619/293/1232 1138/1433/1233 1139/1434/1234
f 1140/1435/1235 4635/1420/1236 4634/1419/6
f 1140/1435/1235 4634/1419/6 1141/1436/6
f 1139/1434/1234 1138/1433/1233 1142/1437/1237
f 1139/1434/1234 1142/1437/1237 1143/1438/1238
f 1144/1439/1239 4631/1423/1240 4635/1420/1236
f 1144/1439/1239 4635/1420/1236 1140/1435/1235
f 1143/1438/1238 1142/1437/1237 1145/1440/1241
f 1143/1438/1238 1145/1440/1241 1146/1441/1242
f 1147/1442/1243 4623/1425/1244 4631/1423/1240
f 1147/1442/1243 4631/1423/1240 1144/1439/1239
f 1146/1441/1242 1145/1440/1241 1148/1443/1245
f 1146/1441/1242 1148/1443/1245 1149/1444/1246
f 1150/1445/1247 4608/1427/1248 4623/1425/1244
f 1150/1445/1247 4623/1425/1244 1147/1442/1243
f 1151/1446/1249 4597/1432/1245 4562/1431/1250
f 1151/1446/1249 4562/1431/1250 1152/1447/1251
f 1153/1448/1252 4573/1430/1253 4609/1429/1254
f 1153/1448/1252 4609/1429/1254 1154/1449/1255
f 1155/1450/1252 1156/1451/1256 1157/1452/1257
f 1155/1450/1252 1157/1452/1257 4574/1453/1258
f 1158/1453/1230 4306/1452/1 1159/1454/1
f 1158/1453/1230 1159/1454/1 1160/1455/1259
f 1161/1456/1260 1162/1457/1261 1163/1458/1262
f 1161/1456/1260 1163/1458/1262 1164/1459/1263
f 1165/1460/1220 1166/1422/1220 1167/1421/1264
f 1165/1460/1220 1167/1421/1264 1168/1420/1265
f 1168/1420/1265 1167/1421/1264 1169/1461/1266
f 1168/1420/1265 1169/1461/1266 1170/1462/1267
f 1170/1462/1267 1169/1461/1266 1171/1426/1268
f 1170/1462/1267 1171/1426/1268 1172/1425/1269
f 1172/1425/1269 1171/1426/1268 1173/1428/1270
f 1172/1425/1269 1173/1428/1270 1174/1463/1271
f 1175/1429/1271 1176/1432/1270 1177/1431/1272
f 1175/1429/1271 1177/1431/1272 1178/1464/1273
f 3673/293/1274 1183/1434/1275 1184/1433/1276
f 3673/293/1274 1184/1433/1276 3674/292/1274
f 1185/1435/1277 1186/1436/7 3612/1460/7
f 1185/1435/1277 3612/1460/7 3613/1420/1278
f 1183/1434/1275 1187/1438/1279 1188/1437/1280
f 1183/1434/1275 1188/1437/1280 1184/1433/1276
f 1189/1439/1281 1185/1435/1277 3613/1420/1278
f 1189/1439/1281 3613/1420/1278 3618/1462/1282
f 1187/1438/1279 1190/1441/1283 1191/1440/1284
f 1187/1438/1279 1191/1440/1284 1188/1437/1280
f 1192/1442/1285 1189/1439/1281 3618/1462/1282
f 1192/1442/1285 3618/1462/1282 3651/1425/1286
f 1190/1441/1283 1193/1444/1287 1194/1443/1288
f 1190/1441/1283 1194/1443/1288 1191/1440/1284
f 1195/1445/1289 1192/1442/1285 3651/1425/1286
f 1195/1445/1289 3651/1425/1286 3739/1463/1290
f 1196/1446/1291 1197/1447/1292 3888/1431/1293
f 1196/1446/1291 3888/1431/1293 3784/1432/1294
f 1198/1448/1295 1199/1449/1296 3740/1429/1290
f 1198/1448/1295 3740/1429/1290 3862/1464/1297
f 1200/1450/1295 3863/1453/1297 1157/1452/1257
f 1200/1450/1295 1157/1452/1257 1156/1451/1256
f 1201/1453/1298 1202/1465/1272 1203/1466/1
f 1201/1453/1298 1203/1466/1 4306/1452/1
f 1204/1456/1293 1205/1459/1299 1163/1458/1262
f 1204/1456/1293 1163/1458/1262 1162/1457/1261
f 1206/1467/1300 1207/1468/1300 1208/1469/1301
f 1206/1467/1300 1208/1469/1301 1209/1470/1302
f 1210/1471/1303 1211/1472/1303 1212/1469/1304
f 1210/1471/1303 1212/1469/1304 1213/1470/1305
f 1214/1471/1306 1215/1472/1307 1216/1469/1308
f 1214/1471/1306 1216/1469/1308 1217/1470/1309
f 1218/1471/1310 1219/1472/1310 1220/1469/1311
f 1218/1471/1310 1220/1469/1311 1221/1470/1312
f 1222/1471/1313 1223/1472/1313 1224/1469/1314
f 1222/1471/1313 1224/1469/1314 1225/1470/1315
f 1226/1471/1316 1227/1472/1316 1228/1469/1317
f 1226/1471/1316 1228/1469/1317 1229/1470/1318
f 1221/1470/1312 1220/1469/1311 1236/1473/1319
f 1221/1470/1312 1236/1473/1319 1237/1474/1319
f 1217/1470/1309 1216/1469/1308 1238/1473/1320
f 1217/1470/1309 1238/1473/1320 1239/1474/1320
f 1213/1470/1305 1212/1469/1304 1240/1473/1321
f 1213/1470/1305 1240/1473/1321 1241/1474/1321
f 1209/1470/1302 1208/1469/1301 1242/1473/1322
f 1209/1470/1302 1242/1473/1322 1243/1474/1322
f 1229/1470/1318 1228/1469/1317 1244/1473/1323
f 1229/1470/1318 1244/1473/1323 1245/1474/1323
f 1225/1470/1315 1224/1469/1314 1246/1473/1324
f 1225/1470/1315 1246/1473/1324 1247/1474/1324
f 1248/1475/1325 1249/1476/1325 1250/1477/1326
f 1248/1475/1325 1250/1477/1326 1251/1478/1327
f 1252/1479/1328 1253/1480/1328 1254/1478/1329
f 1252/1479/1328 1254/1478/1329 4522/1477/1330
f 1255/1479/1331 1256/1480/1331 1257/1478/1332
f 1255/1479/1331 1257/1478/1332 1258/1477/1333
f 1259/1479/1334 1260/1480/1334 1261/1478/1335
f 1259/1479/1334 1261/1478/1335 1262/1477/1336
f 1263/1479/1337 1264/1480/1337 1265/1478/1338
f 1263/1479/1337 1265/1478/1338 1266/1477/1339
f 1267/1479/1340 1268/1480/1340 4540/1478/1341
f 1267/1479/1340 4540/1478/1341 1269/1477/1342
f 1262/1477/1336 1261/1478/1335 1276/1475/1343
f 1262/1477/1336 1276/1475/1343 1277/1476/1343
f 1258/1477/1333 1257/1478/1332 1278/1475/1344
f 1258/1477/1333 1278/1475/1344 1279/1476/1344
f 4522/1477/1330 1254/1478/1329 1280/1475/1345
f 4522/1477/1330 1280/1475/1345 1281/1476/1345
f 1251/1478/1327 1250/1477/1326 1282/1479/1346
f 1251/1478/1327 1282/1479/1346 1283/1480/1346
f 1269/1477/1342 4540/1478/1341 1284/1475/1347
f 1269/1477/1342 1284/1475/1347 1285/1476/1347
f 1266/1477/1339 1265/1478/1338 1286/1475/1348
f 1266/1477/1339 1286/1475/1348 1287/1476/1348
f 1288/1481/1349 1289/1482/1350 1290/1483/1351
f 1288/1481/1349 1290/1483/1351 1291/1484/1352
f 1292/1485/1353 1293/1486/1354 1288/1481/1349
f 1292/1485/1353 1288/1481/1349 1291/1484/1352
f 1294/1487/1355 1295/1488/1356 1296/1489/1357
f 1294/1487/1355 1296/1489/1357 1297/1490/1358
f 1298/1491/1359 1294/1487/1355 1297/1490/1358
f 1298/1491/1359 1297/1490/1358 1299/1492/1360
f 1300/1493/1361 1301/1494/1362 1302/1495/1363
f 1300/1493/1361 1302/1495/1363 1303/1496/1364
f 1304/1497/1365 1300/1493/1361 1303/1496/1364
f 1304/1497/1365 1303/1496/1364 1305/1498/1366
f 4044/1484/1367 4025/1483/1368 1306/1499/1369
f 4044/1484/1367 1306/1499/1369 1307/1500/1370
f 1308/1501/1371 4039/1485/1372 4044/1484/1367
f 1308/1501/1371 4044/1484/1367 1307/1500/1370
f 3915/1490/1373 3883/1489/1374 1309/1502/1375
f 3915/1490/1373 1309/1502/1375 1310/1503/1376
f 1311/1504/1377 3937/1492/1378 3915/1490/1373
f 1311/1504/1377 3915/1490/1373 1310/1503/1376
f 4000/1496/1379 3968/1495/1380 1312/1505/1381
f 4000/1496/1379 1312/1505/1381 1313/1506/1382
f 4028/1498/1383 4000/1496/1379 1313/1506/1382
f 4028/1498/1383 1313/1506/1382 1314/1507/1384
f 4050/1500/1385 4035/1499/1386 1315/1508/1387
f 4050/1500/1385 1315/1508/1387 1316/1509/1388
f 4046/1501/1389 4050/1500/1385 1316/1509/1388
f 4046/1501/1389 1316/1509/1388 1317/1510/1390
f 3908/1503/1391 3864/1502/1392 1318/1511/1393
f 3908/1503/1391 1318/1511/1393 1319/1512/1394
f 3928/1504/1395 3908/1503/1391 1319/1512/1394
f 3928/1504/1395 1319/1512/1394 1320/1513/1396
f 1313/1506/1382 3970/1505/1397 1321/1514/1398
f 1313/1506/1382 1321/1514/1398 1322/1515/1399
f 1314/1507/1384 1313/1506/1382 1322/1515/1399
f 1314/1507/1384 1322/1515/1399 1323/1516/1400
f 1324/1517/1401 4047/1510/1402 4048/1509/1403
f 1324/1517/1401 4048/1509/1403 1325/1518/1404
f 4048/1509/1403 4034/1508/1405 1326/1519/1406
f 4048/1509/1403 1326/1519/1406 1325/1518/1404
f 1319/1512/1394 1318/1511/1393 1327/1520/1407
f 1319/1512/1394 1327/1520/1407 1328/1521/1408
f 1329/1522/1409 3923/1513/1410 1319/1512/1394
f 1329/1522/1409 1319/1512/1394 1328/1521/1408
f 3999/1515/1411 3964/1514/1412 1330/1523/1413
f 3999/1515/1411 1330/1523/1413 1331/1524/1414
f 4037/1516/1415 3999/1515/1411 1331/1524/1414
f 4037/1516/1415 1331/1524/1414 1332/1525/1416
f 4036/1518/1417 4017/1519/1418 1333/308/1419
f 4036/1518/1417 1333/308/1419 1334/307/1420
f 1335/1526/1421 4030/1517/1422 4036/1518/1417
f 1335/1526/1421 4036/1518/1417 1334/307/1420
f 3907/1521/1423 3873/1520/1424 1336/1527/1425
f 3907/1521/1423 1336/1527/1425 1337/1528/1426
f 1338/1529/1427 3927/1522/1428 3907/1521/1423
f 1338/1529/1427 3907/1521/1423 1337/1528/1426
f 3993/1524/1429 3958/1523/1430 1339/1530/1431
f 3993/1524/1429 1339/1530/1431 1340/1531/1432
f 4012/1525/1433 3993/1524/1429 1340/1531/1432
f 4012/1525/1433 1340/1531/1432 1341/1532/1434
f 1344/1533/1435 4018/1526/1436 4027/307/1435
f 1344/1533/1435 4027/307/1435 4033/306/1435
f 1345/1534/1437 3910/1528/1438 3892/1527/1439
f 1345/1534/1437 3892/1527/1439 1346/1535/1439
f 1347/1536/1440 3934/1529/1440 3910/1528/1438
f 1347/1536/1440 3910/1528/1438 1345/1534/1437
f 1348/1537/1441 3985/1531/1442 3960/1530/1443
f 1348/1537/1441 3960/1530/1443 1349/1538/1444
f 1350/1539/1445 4001/1532/1446 3985/1531/1442
f 1350/1539/1445 3985/1531/1442 1348/1537/1441
f 1301/1494/1362 1351/1540/1447 1352/1541/1448
f 1301/1494/1362 1352/1541/1448 1302/1495/1363
f 1349/1538/1444 3960/1530/1443 1353/1542/1449
f 1349/1538/1444 1353/1542/1449 1354/1543/1450
f 3958/1523/1430 1355/1544/1451 3935/1542/1452
f 3958/1523/1430 3935/1542/1452 1339/1530/1431
f 3964/1514/1412 1356/1545/1453 3924/1544/1454
f 3964/1514/1412 3924/1544/1454 1330/1523/1413
f 3970/1505/1397 1357/1546/1455 3921/1545/1456
f 3970/1505/1397 3921/1545/1456 1321/1514/1398
f 3968/1495/1380 3942/1541/1457 3930/1546/1458
f 3968/1495/1380 3930/1546/1458 1312/1505/1381
f 4007/1539/1459 1358/1547/1460 1359/1548/1461
f 4007/1539/1459 1359/1548/1461 4002/1532/1462
f 4006/1497/1463 4029/1498/1464 1360/1549/1465
f 4006/1497/1463 1360/1549/1465 1361/1550/1460
f 4029/1498/1464 4043/1507/1466 1362/1551/1467
f 4029/1498/1464 1362/1551/1467 1360/1549/1465
f 1363/1552/1468 1362/1551/1467 4043/1507/1466
f 1363/1552/1468 4043/1507/1466 4038/1516/1469
f 4038/1516/1469 4013/1525/1470 1364/1553/1471
f 4038/1516/1469 1364/1553/1471 1363/1552/1468
f 4013/1525/1470 4002/1532/1462 1359/1548/1461
f 4013/1525/1470 1359/1548/1461 1364/1553/1471
f 3944/1540/1472 1365/1554/1473 1366/1555/1474
f 3944/1540/1472 1366/1555/1474 3943/1541/1475
f 3945/1543/1476 3936/1542/1477 1367/1556/1478
f 3945/1543/1476 1367/1556/1478 1368/1557/1473
f 3936/1542/1477 3925/1544/1479 1369/1558/1480
f 3936/1542/1477 1369/1558/1480 1367/1556/1478
f 3925/1544/1479 3922/1545/1481 1370/1559/1482
f 3925/1544/1479 1370/1559/1482 1369/1558/1480
f 1371/1560/1483 1370/1559/1482 3922/1545/1481
f 1371/1560/1483 3922/1545/1481 3931/1546/1484
f 3931/1546/1484 3943/1541/1475 1366/1555/1474
f 3931/1546/1484 1366/1555/1474 1371/1560/1483
f 1372/1561/1485 1373/1562/1486 1374/1563/1487
f 1372/1561/1485 1374/1563/1487 1375/1564/1488
f 1376/1565/1486 1377/1566/1489 1378/1567/1490
f 1376/1565/1486 1378/1567/1490 1379/1568/1491
f 1377/1566/1489 1380/1569/1492 1381/1570/1493
f 1377/1566/1489 1381/1570/1493 1378/1567/1490
f 1380/1569/1492 1382/1571/1494 1383/1572/1495
f 1380/1569/1492 1383/1572/1495 1381/1570/1493
f 1382/1571/1494 1384/1573/1496 1385/1574/1497
f 1382/1571/1494 1385/1574/1497 1383/1572/1495
f 1384/1573/1496 1386/1575/1498 1387/1576/1499
f 1384/1573/1496 1387/1576/1499 1385/1574/1497
f 1386/1575/1498 1388/1577/1500 1389/1578/1501
f 1386/1575/1498 1389/1578/1501 1387/1576/1499
f 1388/1577/1500 1390/1579/1502 1391/1580/1503
f 1388/1577/1500 1391/1580/1503 1389/1578/1501
f 1390/1579/1502 1392/1581/1504 1393/1582/1505
f 1390/1579/1502 1393/1582/1505 1391/1580/1503
f 1392/1581/1504 1394/1583/1506 1395/1584/1507
f 1392/1581/1504 1395/1584/1507 1393/1582/1505
f 1394/1583/1506 1396/1585/1508 1397/1586/1509
f 1394/1583/1506 1397/1586/1509 1395/1584/1507
f 1396/1585/1508 1372/1561/1485 1375/1564/1488
f 1396/1585/1508 1375/1564/1488 1397/1586/1509
f 1398/1587/1510 1399/1588/1511 1400/1589/1512
f 1398/1587/1510 1400/1589/1512 1401/1590/1513
f 1402/1591/1514 1398/1587/1510 1401/1590/1513
f 1402/1591/1514 1401/1590/1513 1403/1592/1515
f 1404/1593/1516 1402/1591/1514 1403/1592/1515
f 1404/1593/1516 1403/1592/1515 1405/1594/1517
f 1406/1595/1518 1404/1593/1516 1405/1594/1517
f 1406/1595/1518 1405/1594/1517 1407/1596/1519
f 1408/1597/1520 1406/1595/1518 1407/1596/1519
f 1408/1597/1520 1407/1596/1519 1409/1598/1521
f 1410/1599/1522 1408/1597/1520 1409/1598/1521
f 1410/1599/1522 1409/1598/1521 1411/1600/1523
f 1412/1601/1524 1410/1599/1522 1411/1600/1523
f 1412/1601/1524 1411/1600/1523 1413/1602/1525
f 1414/1603/1526 1412/1601/1524 1413/1602/1525
f 1414/1603/1526 1413/1602/1525 1415/1604/1527
f 1416/1605/1528 1417/1606/1526 1418/1607/1527
f 1416/1605/1528 1418/1607/1527 1419/1608/1529
f 1420/1609/1530 1416/1605/1528 1419/1608/1529
f 1420/1609/1530 1419/1608/1529 1421/1610/1531
f 1422/1611/1532 1420/1609/1530 1421/1610/1531
f 1422/1611/1532 1421/1610/1531 1423/1612/1533
f 1399/1588/1511 1422/1611/1532 1423/1612/1533
f 1399/1588/1511 1423/1612/1533 1400/1589/1512
f 1424/1613/1534 1425/1614/1535 1426/1615/1536
f 1424/1613/1534 1426/1615/1536 1427/1616/1537
f 1428/1617/1538 1424/1613/1534 1427/1616/1537
f 1428/1617/1538 1427/1616/1537 1429/1618/1539
f 1430/1619/1540 1428/1617/1538 1429/1618/1539
f 1430/1619/1540 1429/1618/1539 1431/1620/1541
f 1432/1621/1542 1430/1619/1540 1431/1620/1541
f 1432/1621/1542 1431/1620/1541 1433/1622/1543
f 1434/1623/1544 1432/1621/1542 1433/1622/1543
f 1434/1623/1544 1433/1622/1543 1435/1624/1545
f 1436/1625/1546 1434/1623/1544 1435/1624/1545
f 1436/1625/1546 1435/1624/1545 1437/1626/1547
f 1438/1627/1548 1436/1625/1546 1437/1626/1547
f 1438/1627/1548 1437/1626/1547 1439/1628/1549
f 1440/1629/1550 1438/1627/1548 1439/1628/1549
f 1440/1629/1550 1439/1628/1549 1441/1630/1551
f 1442/1631/1552 1443/1632/1553 1444/1633/1551
f 1442/1631/1552 1444/1633/1551 1445/1634/1554
f 1446/1635/1555 1442/1631/1552 1445/1634/1554
f 1446/1635/1555 1445/1634/1554 1447/1636/1556
f 1448/1637/1557 1446/1635/1555 1447/1636/1556
f 1448/1637/1557 1447/1636/1556 1449/1638/1558
f 1425/1614/1535 1448/1637/1557 1449/1638/1558
f 1425/1614/1535 1449/1638/1558 1426/1615/1536
f 1450/1639/1559 1451/1640/1560 3886/1564/1561
f 1450/1639/1559 3886/1564/1561 3865/1563/1562
f 1452/1641/1563 1453/1642/1564 3866/1568/1562
f 1452/1641/1563 3866/1568/1562 3851/1567/1565
f 1454/1643/1566 1452/1641/1563 3851/1567/1565
f 1454/1643/1566 3851/1567/1565 3841/1570/1567
f 1455/1644/1568 1454/1643/1566 3841/1570/1567
f 1455/1644/1568 3841/1570/1567 3836/1572/1569
f 1456/1645/1570 1455/1644/1568 3836/1572/1569
f 1456/1645/1570 3836/1572/1569 3844/1574/1571
f 1457/1646/1572 1456/1645/1570 3844/1574/1571
f 1457/1646/1572 3844/1574/1571 3856/1576/1573
f 1458/1647/1574 1457/1646/1572 3856/1576/1573
f 1458/1647/1574 3856/1576/1573 3876/1578/1575
f 1459/1648/1576 1458/1647/1574 3876/1578/1575
f 1459/1648/1576 3876/1578/1575 3893/1580/1577
f 1460/1649/1578 1459/1648/1576 3893/1580/1577
f 1460/1649/1578 3893/1580/1577 3909/1582/1579
f 1461/1650/1580 1460/1649/1578 3909/1582/1579
f 1461/1650/1580 3909/1582/1579 3911/1584/1581
f 1462/1651/1582 1461/1650/1580 3911/1584/1581
f 1462/1651/1582 3911/1584/1581 3902/1586/1583
f 1451/1640/1560 1462/1651/1582 3902/1586/1583
f 1451/1640/1560 3902/1586/1583 3886/1564/1561
f 1463/1652/1584 1464/1653/1585 4019/1588/1586
f 1463/1652/1584 4019/1588/1586 4010/1587/1587
f 1465/1654/1588 1463/1652/1584 4010/1587/1587
f 1465/1654/1588 4010/1587/1587 3997/1591/1589
f 1466/1655/1590 1465/1654/1588 3997/1591/1589
f 1466/1655/1590 3997/1591/1589 3982/1593/1591
f 1467/1656/1592 1466/1655/1590 3982/1593/1591
f 1467/1656/1592 3982/1593/1591 3971/1595/1593
f 1468/1657/1594 1467/1656/1592 3971/1595/1593
f 1468/1657/1594 3971/1595/1593 3962/1597/1595
f 1469/1658/1596 1468/1657/1594 3962/1597/1595
f 1469/1658/1596 3962/1597/1595 3967/1599/1597
f 1470/1659/1598 1469/1658/1596 3967/1599/1597
f 1470/1659/1598 3967/1599/1597 3978/1601/1599
f 1471/1660/1600 1470/1659/1598 3978/1601/1599
f 1471/1660/1600 3978/1601/1599 3990/1603/1601
f 1472/1661/1602 1473/1662/1600 3991/1606/1601
f 1472/1661/1602 3991/1606/1601 4003/1605/1603
f 1474/1663/1604 1472/1661/1602 4003/1605/1603
f 1474/1663/1604 4003/1605/1603 4015/1609/1605
f 1475/1664/1606 1474/1663/1604 4015/1609/1605
f 1475/1664/1606 4015/1609/1605 4021/1611/1607
f 1464/1653/1585 1475/1664/1606 4021/1611/1607
f 1464/1653/1585 4021/1611/1607 4019/1588/1586
f 4045/1608/1608 4032/1607/1609 1476/1665/1610
f 4045/1608/1608 1476/1665/1610 1477/1666/1611
f 4031/1604/1609 4014/1602/1612 1478/1667/1613
f 4031/1604/1609 1478/1667/1613 1479/1668/1610
f 4014/1602/1612 4005/1600/1614 1480/1669/1615
f 4014/1602/1612 1480/1669/1615 1478/1667/1613
f 4005/1600/1614 4004/1598/1616 1481/1670/1617
f 4005/1600/1614 1481/1670/1617 1480/1669/1615
f 4004/1598/1616 4008/1596/1618 1482/1671/1619
f 4004/1598/1616 1482/1671/1619 1481/1670/1617
f 4008/1596/1618 4020/1594/1620 1483/1672/1621
f 4008/1596/1618 1483/1672/1621 1482/1671/1619
f 4020/1594/1620 4040/1592/1622 1484/1673/1623
f 4020/1594/1620 1484/1673/1623 1483/1672/1621
f 4040/1592/1622 4051/1590/1624 1485/1674/1625
f 4040/1592/1622 1485/1674/1625 1484/1673/1623
f 4051/1590/1624 4053/1589/1626 1486/1675/1627
f 4051/1590/1624 1486/1675/1627 1485/1674/1625
f 4053/1589/1626 4054/1612/1628 1487/1676/1629
f 4053/1589/1626 1487/1676/1629 1486/1675/1627
f 4054/1612/1628 4052/1610/1630 1488/1677/1631
f 4054/1612/1628 1488/1677/1631 1487/1676/1629
f 4052/1610/1630 4045/1608/1608 1477/1666/1611
f 4052/1610/1630 1477/1666/1611 1488/1677/1631
f 1492/313/107 1496/317/106 1489/310/106
f 1497/318/106 1498/1678/107 1496/317/106
f 1501/321/108 1503/323/108 1504/1679/108
f 4267/326/1632 1509/328/1632 1510/331/1632
f 4267/326/1632 1510/331/1632 4229/327/1632
f 4595/343/115 4629/342/115 1525/344/115
f 4560/353/114 1541/1680/114 1542/1681/114
f 4560/353/114 1542/1681/114 4561/354/114
f 1555/1682/116 1556/1683/116 4641/360/116
f 1555/1682/116 4641/360/116 4663/363/116
f 4658/389/126 1575/390/126 1576/1684/126
f 1581/395/118 1583/397/118 1584/398/118
f 1593/1685/114 1594/1686/114 4627/399/114
f 1593/1685/114 4627/399/114 4554/397/114
f 1597/1687/1633 1598/1688/1634 3614/891/1634
f 1597/1687/1633 3614/891/1634 3598/893/1635
f 3987/897/1636 3983/898/1637 1599/1689/1637
f 3987/897/1636 1599/1689/1637 1600/1690/1638
f 1601/1691/1639 1602/1692/1640 3650/892/1641
f 1601/1691/1639 3650/892/1641 3615/891/1639
f 1603/1693/1642 1604/1694/1643 3604/899/1643
f 1603/1693/1642 3604/899/1643 3635/894/1644
f 1605/1695/1645 1606/1696/1646 3938/895/1647
f 1605/1695/1645 3938/895/1647 3974/900/1645
f 3950/896/1648 1607/1697/1649 1608/1698/1650
f 3950/896/1648 1608/1698/1650 3984/898/1650
f 1609/1699/1651 1597/1687/1633 3598/893/1635
f 1609/1699/1651 3598/893/1635 3605/899/1651
f 3975/900/1652 3987/897/1636 1600/1690/1638
f 3975/900/1652 1600/1690/1638 1610/1700/1652
f 138/894/412 136/892/410 1611/1701/1653
f 138/894/412 1611/1701/1653 1612/1702/2
f 1613/1703/1654 1603/1693/1642 3635/894/1644
f 1613/1703/1654 3635/894/1644 3766/1702/1643
f 3650/892/1641 1602/1692/1640 1614/1704/1655
f 3650/892/1641 1614/1704/1655 3776/1701/1656
f 139/895/413 1612/1702/2 1611/1701/1653
f 139/895/413 1611/1701/1653 140/896/414
f 3776/1701/1656 1614/1704/1655 1607/1697/1649
f 3776/1701/1656 1607/1697/1649 3950/896/1648
f 3938/895/1647 1606/1696/1646 1613/1703/1654
f 3938/895/1647 1613/1703/1654 3766/1702/1643
f 1615/1705/1657 1616/1706/1658 3606/902/1659
f 1615/1705/1657 3606/902/1659 3610/901/1657
f 3965/908/1660 3986/907/1661 1617/1707/1662
f 3965/908/1660 1617/1707/1662 1618/1708/1660
f 1619/1709/1663 1620/1710/1664 3639/904/1665
f 1619/1709/1663 3639/904/1665 3616/905/1663
f 1621/1711/1666 1622/1712/1643 3611/901/1643
f 1621/1711/1666 3611/901/1643 3630/903/1667
f 3986/907/1661 3988/910/1668 1623/1713/1668
f 3986/907/1661 1623/1713/1668 1617/1707/1662
f 3606/902/1659 1616/1706/1658 1624/1714/1669
f 3606/902/1659 1624/1714/1669 3617/905/1669
f 1625/1715/1670 1626/1716/1671 147/903/421
f 1625/1715/1670 147/903/421 148/904/422
f 1627/1717/1672 1621/1711/1666 3630/903/1667
f 1627/1717/1672 3630/903/1667 3743/1716/1673
f 3639/904/1665 1620/1710/1664 1628/1718/1674
f 3639/904/1665 1628/1718/1674 3756/1715/1675
f 1629/1719/1676 1630/1720/1677 3901/906/1678
f 1629/1719/1676 3901/906/1678 3966/908/1676
f 3933/909/1679 1631/1721/1680 1632/1722/1681
f 3933/909/1679 1632/1722/1681 3989/910/1681
f 1630/1720/1677 1627/1717/1672 3743/1716/1673
f 1630/1720/1677 3743/1716/1673 3901/906/1678
f 3756/1715/1675 1628/1718/1674 1631/1721/1680
f 3756/1715/1675 1631/1721/1680 3933/909/1679
f 153/909/427 150/906/424 1626/1716/1671
f 153/909/427 1626/1716/1671 1625/1715/1670
f 3948/915/1682 3955/916/1683 1635/1723/1683
f 3948/915/1682 1635/1723/1683 1636/1724/1684
f 1637/1725/1685 1638/1726/1686 3619/911/1687
f 1637/1725/1685 3619/911/1687 3608/411/1685
f 1639/1727/1688 1640/1728/1689 3609/917/1690
f 1639/1727/1688 3609/917/1690 3622/912/1691
f 1641/1729/1692 1642/1730/1693 3884/913/1694
f 1641/1729/1692 3884/913/1694 3917/918/1692
f 3919/914/1695 1643/1731/1696 1644/1732/1697
f 3919/914/1695 1644/1732/1697 3956/916/1697
f 1645/1733/1698 3595/409/1699 3597/412/1699
f 1645/1733/1698 3597/412/1699 3609/917/1700
f 3918/918/1701 3948/915/1682 1636/1724/1684
f 3918/918/1701 1636/1724/1684 1646/1734/1701
f 1647/1735/1702 1639/1727/1688 3622/912/1691
f 1647/1735/1702 3622/912/1691 1648/1736/1703
f 3619/911/1687 1638/1726/1686 1649/1737/1704
f 3619/911/1687 1649/1737/1704 1650/1738/1705
f 158/912/432 156/911/430 3751/1738/1706
f 158/912/432 3751/1738/1706 3757/1736/2
f 159/913/433 3757/1736/2 3751/1738/1706
f 159/913/433 3751/1738/1706 160/914/434
f 1650/1738/1705 1649/1737/1704 1643/1731/1696
f 1650/1738/1705 1643/1731/1696 3919/914/1695
f 3884/913/1694 1642/1730/1693 1647/1735/1702
f 3884/913/1694 1647/1735/1702 1648/1736/1703
f 166/920/440 165/919/439 1651/1739/1707
f 166/920/440 1651/1739/1707 1652/1740/1708
f 165/919/439 168/922/442 1653/1741/1709
f 165/919/439 1653/1741/1709 1651/1739/1707
f 168/922/442 169/923/443 1654/1742/1710
f 168/922/442 1654/1742/1710 1653/1741/1709
f 169/923/443 170/924/444 1655/1743/1711
f 169/923/443 1655/1743/1711 1654/1742/1710
f 170/924/444 171/925/445 1656/1744/1712
f 170/924/444 1656/1744/1712 1655/1743/1711
f 171/925/445 166/920/440 1652/1740/1708
f 171/925/445 1652/1740/1708 3828/1744/1713
f 1652/1740/1708 1651/1739/1707 1657/1745/1714
f 1652/1740/1708 1657/1745/1714 1658/1746/1715
f 1651/1739/1707 1653/1741/1709 1659/1747/1716
f 1651/1739/1707 1659/1747/1716 3835/1745/1717
f 1653/1741/1709 1654/1742/1710 1660/1748/1718
f 1653/1741/1709 1660/1748/1718 3822/1747/1719
f 1654/1742/1710 1655/1743/1711 1661/1749/1720
f 1654/1742/1710 1661/1749/1720 3809/1748/1721
f 1655/1743/1711 1656/1744/1712 1662/1750/1722
f 1655/1743/1711 1662/1750/1722 3811/1749/1723
f 3828/1744/1713 1652/1740/1708 3838/1746/1724
f 3828/1744/1713 3838/1746/1724 3829/1750/1725
f 1658/1746/1715 1657/1745/1714 1663/1751/1726
f 1658/1746/1715 1663/1751/1726 1664/1752/1727
f 3835/1745/1717 1659/1747/1716 1665/1753/1728
f 3835/1745/1717 1665/1753/1728 1663/1751/1726
f 3822/1747/1719 1660/1748/1718 1666/1754/1729
f 3822/1747/1719 1666/1754/1729 3823/1753/1730
f 3809/1748/1721 1661/1749/1720 1667/1755/1731
f 3809/1748/1721 1667/1755/1731 1666/1754/1729
f 3811/1749/1723 1662/1750/1722 1668/1756/1732
f 3811/1749/1723 1668/1756/1732 1667/1755/1731
f 3829/1750/1725 3838/1746/1724 1664/1752/1727
f 3829/1750/1725 1664/1752/1727 1668/1756/1732
f 1664/1752/1727 1663/1751/1726 173/927/447
f 1664/1752/1727 173/927/447 172/926/446
f 1663/1751/1726 1665/1753/1728 175/929/449
f 1663/1751/1726 175/929/449 173/927/447
f 3823/1753/1730 1666/1754/1729 176/930/450
f 3823/1753/1730 176/930/450 175/929/449
f 1666/1754/1729 1667/1755/1731 177/931/451
f 1666/1754/1729 177/931/451 176/930/450
f 1667/1755/1731 1668/1756/1732 178/932/452
f 1667/1755/1731 178/932/452 177/931/451
f 1668/1756/1732 1664/1752/1727 172/926/446
f 1668/1756/1732 172/926/446 178/932/452
f 180/934/454 179/933/453 1669/1757/1733
f 180/934/454 1669/1757/1733 1670/1758/1734
f 179/933/453 182/936/456 1671/1759/1735
f 179/933/453 1671/1759/1735 1669/1757/1733
f 182/936/456 183/937/457 1672/1760/1736
f 182/936/456 1672/1760/1736 1671/1759/1735
f 183/937/457 184/938/458 1673/1761/1737
f 183/937/457 1673/1761/1737 1672/1760/1736
f 184/938/458 185/939/459 1674/1762/1738
f 184/938/458 1674/1762/1738 1673/1761/1737
f 185/939/459 180/934/454 1670/1758/1734
f 185/939/459 1670/1758/1734 3790/1762/1739
f 1670/1758/1734 1669/1757/1733 1675/1763/1740
f 1670/1758/1734 1675/1763/1740 1676/1764/1741
f 1669/1757/1733 1671/1759/1735 1677/1765/1742
f 1669/1757/1733 1677/1765/1742 3802/1763/1743
f 1671/1759/1735 1672/1760/1736 1678/1766/1744
f 1671/1759/1735 1678/1766/1744 3800/1765/1745
f 1672/1760/1736 1673/1761/1737 1679/1767/1746
f 1672/1760/1736 1679/1767/1746 3789/1766/1747
f 1673/1761/1737 1674/1762/1738 1680/1768/1748
f 1673/1761/1737 1680/1768/1748 3780/1767/1749
f 3790/1762/1739 1670/1758/1734 3797/1764/1750
f 3790/1762/1739 3797/1764/1750 3786/1768/1751
f 1676/1764/1741 1675/1763/1740 1681/1769/1752
f 1676/1764/1741 1681/1769/1752 1682/1770/1753
f 3802/1763/1743 1677/1765/1742 1683/1771/1754
f 3802/1763/1743 1683/1771/1754 1681/1769/1752
f 3800/1765/1745 1678/1766/1744 1684/1772/1755
f 3800/1765/1745 1684/1772/1755 3796/1771/1756
f 3789/1766/1747 1679/1767/1746 1685/1773/1757
f 3789/1766/1747 1685/1773/1757 1684/1772/1755
f 3780/1767/1749 1680/1768/1748 1686/1774/1758
f 3780/1767/1749 1686/1774/1758 1685/1773/1757
f 3786/1768/1751 3797/1764/1750 1682/1770/1753
f 3786/1768/1751 1682/1770/1753 1686/1774/1758
f 1682/1770/1753 1681/1769/1752 187/941/461
f 1682/1770/1753 187/941/461 186/940/460
f 1681/1769/1752 1683/1771/1754 189/943/463
f 1681/1769/1752 189/943/463 187/941/461
f 3796/1771/1756 1684/1772/1755 190/944/464
f 3796/1771/1756 190/944/464 189/943/463
f 1684/1772/1755 1685/1773/1757 191/945/465
f 1684/1772/1755 191/945/465 190/944/464
f 1685/1773/1757 1686/1774/1758 192/946/466
f 1685/1773/1757 192/946/466 191/945/465
f 1686/1774/1758 1682/1770/1753 186/940/460
f 1686/1774/1758 186/940/460 192/946/466
f 1687/1775/1759 1688/1776/1760 1689/415/1761
f 1687/1775/1759 1689/415/1761 1690/414/1762
f 1688/1776/1760 1691/1777/1763 1692/418/1764
f 1688/1776/1760 1692/418/1764 1689/415/1761
f 1691/1777/1763 1693/1778/1765 1694/1779/1766
f 1691/1777/1763 1694/1779/1766 1692/418/1764
f 1693/1778/1765 1695/1780/1767 1696/417/1768
f 1693/1778/1765 1696/417/1768 1694/1779/1766
f 1695/1780/1767 1697/1781/1769 1698/416/1770
f 1695/1780/1767 1698/416/1770 1696/417/1768
f 1697/1781/1769 1699/1782/1771 1700/413/1772
f 1697/1781/1769 1700/413/1772 1698/416/1770
f 1699/1782/1771 1701/1783/1773 1702/419/1774
f 1699/1782/1771 1702/419/1774 1700/413/1772
f 1701/1783/1773 1703/1784/1775 1704/420/1776
f 1701/1783/1773 1704/420/1776 1702/419/1774
f 1703/1784/1775 1705/1785/1777 1706/421/1778
f 1703/1784/1775 1706/421/1778 1704/420/1776
f 1705/1785/1777 1687/1775/1759 1690/414/1762
f 1705/1785/1777 1690/414/1762 1706/421/1778
f 3742/413/129 3758/419/129 3846/414/129
f 3858/415/129 3848/418/129 3759/416/129
f 3788/417/129 3848/418/129 3824/1779/129
f 1707/1786/1779 1708/1787/1780 1709/1788/1781
f 1707/1786/1779 1709/1788/1781 1710/1789/1782
f 1708/1787/1780 1711/1790/1783 1712/1791/1784
f 1708/1787/1780 1712/1791/1784 1709/1788/1781
f 1711/1790/1783 1713/1792/1785 1714/1793/1786
f 1711/1790/1783 1714/1793/1786 1712/1791/1784
f 1713/1792/1785 1715/1794/1787 1716/1795/1788
f 1713/1792/1785 1716/1795/1788 1714/1793/1786
f 1715/1794/1787 1717/1796/1789 1718/1797/1790
f 1715/1794/1787 1718/1797/1790 1716/1795/1788
f 1717/1796/1789 1719/1798/1791 1720/1799/1792
f 1717/1796/1789 1720/1799/1792 1718/1797/1790
f 1721/1800/1793 1722/1801/1794 1723/1802/1795
f 1721/1800/1793 1723/1802/1795 1724/1803/1792
f 1722/1801/1794 1707/1786/1779 1710/1789/1782
f 1722/1801/1794 1710/1789/1782 1723/1802/1795
f 1743/1804/1796 1744/1805/1797 1745/1806/1798
f 1744/1805/1797 193/947/467 195/949/469
f 1744/1805/1797 195/949/469 1745/1806/1798
f 194/948/468 196/950/470 198/952/472
f 194/948/468 198/952/472 195/949/469
f 197/951/471 1746/1807/1799 1747/1808/1800
f 197/951/471 1747/1808/1800 198/952/472
f 200/954/474 1743/1804/1796 1745/1806/1798
f 200/954/474 1745/1806/1798 201/955/475
f 1718/1797/1790 1720/1799/1792 3700/434/1801
f 1718/1797/1790 3700/434/1801 3687/432/1802
f 1716/1795/1788 1718/1797/1790 3687/432/1802
f 1716/1795/1788 3687/432/1802 3689/430/1803
f 1714/1793/1786 1716/1795/1788 3689/430/1803
f 1714/1793/1786 3689/430/1803 3709/428/1804
f 1712/1791/1784 1714/1793/1786 3709/428/1804
f 1712/1791/1784 3709/428/1804 3727/426/1805
f 1709/1788/1781 1712/1791/1784 3727/426/1805
f 1709/1788/1781 3727/426/1805 3732/423/1806
f 1710/1789/1782 1709/1788/1781 3732/423/1806
f 1710/1789/1782 3732/423/1806 3731/422/1807
f 1723/1802/1795 1710/1789/1782 3731/422/1807
f 1723/1802/1795 3731/422/1807 3724/437/1808
f 1724/1803/1792 1723/1802/1795 3724/437/1808
f 1724/1803/1792 3724/437/1808 3701/436/1809
f 1748/1809/1810 1749/1810/1811 1750/1811/1812
f 1748/1809/1810 1750/1811/1812 1751/442/1810
f 3833/442/1813 3840/1811/1814 1752/1812/1815
f 3833/442/1813 1752/1812/1815 1753/443/1816
f 3889/443/1817 3882/1812/1818 1754/1813/1819
f 3889/443/1817 1754/1813/1819 1755/1814/1817
f 1756/509/1820 1757/510/1820 1758/511/1820
f 1756/509/1820 1758/511/1820 1759/512/1820
f 1762/1815/1821 3951/511/1822 1763/1816/1822
f 1762/1815/1821 1763/1816/1822 1764/1817/1823
f 1765/1818/1824 1766/1819/1825 1767/1820/1826
f 1765/1818/1824 1767/1820/1826 3874/512/1826
f 3914/1815/1827 3857/1818/1828 3875/512/1829
f 3914/1815/1827 3875/512/1829 3952/511/1830
f 3882/1812/1818 1768/1821/1831 1769/1822/1832
f 3882/1812/1818 1769/1822/1832 1754/1813/1819
f 1750/1811/1812 1749/1810/1811 1770/1823/1833
f 1750/1811/1812 1770/1823/1833 1771/1824/1834
f 1752/1812/1815 3840/1811/1814 3849/1824/1835
f 1752/1812/1815 3849/1824/1835 3895/1821/1836
f 1768/1821/1831 1762/1815/1821 1764/1817/1823
f 1768/1821/1831 1764/1817/1823 1769/1822/1832
f 1771/1824/1834 1770/1823/1833 1766/1819/1825
f 1771/1824/1834 1766/1819/1825 1765/1818/1824
f 3895/1821/1836 3849/1824/1835 3857/1818/1828
f 3895/1821/1836 3857/1818/1828 3914/1815/1827
f 1812/1825/1837 1813/1826/1838 1814/480/1839
f 1812/1825/1837 1814/480/1839 1815/479/1840
f 1813/1826/1838 1816/1827/1841 1817/481/1842
f 1813/1826/1838 1817/481/1842 1814/480/1839
f 1816/1827/1841 1818/1828/1843 1819/484/1844
f 1816/1827/1841 1819/484/1844 1817/481/1842
f 1818/1828/1843 1820/1829/1845 1821/483/1846
f 1818/1828/1843 1821/483/1846 1819/484/1844
f 1820/1829/1845 1822/1830/1847 1823/482/1848
f 1820/1829/1845 1823/482/1848 1821/483/1846
f 1822/1830/1847 1824/1831/1849 1825/477/1850
f 1822/1830/1847 1825/477/1850 1823/482/1848
f 1824/1831/1849 1826/1832/1851 1827/478/1852
f 1824/1831/1849 1827/478/1852 1825/477/1850
f 1826/1832/1851 1828/1833/1853 1829/485/1854
f 1826/1832/1851 1829/485/1854 1827/478/1852
f 1828/1833/1853 1830/1834/1855 1831/486/1856
f 1828/1833/1853 1831/486/1856 1829/485/1854
f 1830/1834/1855 1812/1825/1837 1815/479/1840
f 1830/1834/1855 1815/479/1840 1831/486/1856
f 3998/494/152 4016/487/152 3981/490/152
f 3843/498/156 1847/502/156 3859/499/156
f 3963/498/161 1857/502/161 3947/499/161
f 1868/493/167 1869/494/167 1870/495/167
f 3680/494/171 3697/490/163 3686/495/163
f 1882/1825/1837 1883/1826/1838 1884/480/1839
f 1882/1825/1837 1884/480/1839 1885/479/1857
f 1883/1826/1838 1886/1827/1841 1887/481/1842
f 1883/1826/1838 1887/481/1842 1884/480/1839
f 1886/1827/1841 1888/1828/1843 1889/484/1844
f 1886/1827/1841 1889/484/1844 1887/481/1842
f 1888/1828/1843 1890/1829/1858 1891/483/1846
f 1888/1828/1843 1891/483/1846 1889/484/1844
f 1890/1829/1858 1892/1830/1847 1893/482/1848
f 1890/1829/1858 1893/482/1848 1891/483/1846
f 1892/1830/1847 1894/1831/1849 1895/477/1850
f 1892/1830/1847 1895/477/1850 1893/482/1848
f 1894/1831/1849 1896/1832/1851 1897/478/1852
f 1894/1831/1849 1897/478/1852 1895/477/1850
f 1896/1832/1851 1898/1833/1853 1899/485/1854
f 1896/1832/1851 1899/485/1854 1897/478/1852
f 1898/1833/1853 1900/1834/1855 1901/486/1856
f 1898/1833/1853 1901/486/1856 1899/485/1854
f 1900/1834/1855 1882/1825/1837 1885/479/1857
f 1900/1834/1855 1885/479/1857 1901/486/1856
f 1908/493/157 1909/494/157 1910/495/157
f 3725/488/176 1916/491/150 1917/492/176
f 1932/1809/1859 1933/1810/1860 1934/1811/1861
f 1932/1809/1859 1934/1811/1861 1935/442/1859
f 3637/442/1862 3631/1811/1863 1936/1812/1864
f 3637/442/1862 1936/1812/1864 1937/443/1865
f 3703/443/1866 3676/1812/1867 1938/1813/1868
f 3703/443/1866 1938/1813/1868 1939/1814/1866
f 1946/1815/1869 3716/511/1821 1947/1816/1821
f 1946/1815/1869 1947/1816/1821 1948/1817/1870
f 1949/1835/1871 1950/1819/1872 1951/1820/1873
f 1949/1835/1871 1951/1820/1873 3653/512/1873
f 3690/1815/1874 3636/1835/1875 3654/512/1876
f 3690/1815/1874 3654/512/1876 3717/511/1877
f 3676/1812/1867 1952/1821/1878 1953/1822/1879
f 3676/1812/1867 1953/1822/1879 1938/1813/1868
f 1934/1811/1861 1933/1810/1860 1954/1823/1880
f 1934/1811/1861 1954/1823/1880 1955/1824/1881
f 1936/1812/1864 3631/1811/1863 3628/1824/1882
f 1936/1812/1864 3628/1824/1882 3675/1821/1883
f 1952/1821/1878 1946/1815/1869 1948/1817/1870
f 1952/1821/1878 1948/1817/1870 1953/1822/1879
f 1955/1824/1881 1954/1823/1880 1950/1819/1872
f 1955/1824/1881 1950/1819/1872 1949/1835/1871
f 3675/1821/1883 3628/1824/1882 3636/1835/1875
f 3675/1821/1883 3636/1835/1875 3690/1815/1874
f 1956/1836/1884 1957/1837/1885 1958/1838/1886
f 1956/1836/1884 1958/1838/1886 1959/1839/1887
f 1957/1837/1885 1960/1840/1888 1961/1841/1889
f 1957/1837/1885 1961/1841/1889 1958/1838/1886
f 1960/1840/1888 1962/1842/1890 1963/1843/1891
f 1960/1840/1888 1963/1843/1891 1961/1841/1889
f 1962/1842/1890 1964/1844/1892 1965/1845/1893
f 1962/1842/1890 1965/1845/1893 1963/1843/1891
f 1964/1844/1892 1966/1846/1894 1967/1847/1895
f 1964/1844/1892 1967/1847/1895 1965/1845/1893
f 1966/1846/1894 1968/1848/1896 1969/1849/1897
f 1966/1846/1894 1969/1849/1897 1967/1847/1895
f 1968/1848/1896 1970/1850/1898 1971/1851/1899
f 1968/1848/1896 1971/1851/1899 1969/1849/1897
f 1970/1850/1898 1972/1852/1900 1973/1853/1901
f 1970/1850/1898 1973/1853/1901 1971/1851/1899
f 1972/1852/1900 1974/1854/1902 1975/1855/1903
f 1972/1852/1900 1975/1855/1903 1973/1853/1901
f 1976/1856/1904 1956/1836/1884 1959/1839/1887
f 1976/1856/1904 1959/1839/1887 1977/1857/1903
f 1981/517/2 1983/519/2 1978/514/2
f 1998/1858/1905 1999/1859/1906 2000/1860/1907
f 1998/1858/1905 2000/1860/1907 2001/1861/1908
f 1999/1859/1906 2002/1862/1909 2003/1863/1910
f 1999/1859/1906 2003/1863/1910 2000/1860/1907
f 2002/1862/1909 2004/1864/1911 2005/1865/1912
f 2002/1862/1909 2005/1865/1912 2003/1863/1910
f 2004/1864/1911 2006/1866/1913 2007/1867/1914
f 2004/1864/1911 2007/1867/1914 2005/1865/1912
f 2006/1866/1913 2008/1868/1915 2009/1869/1916
f 2006/1866/1913 2009/1869/1916 2007/1867/1914
f 2008/1868/1915 2010/1870/1917 2011/1871/1918
f 2008/1868/1915 2011/1871/1918 2009/1869/1916
f 2010/1870/1917 2012/1872/1919 2013/1873/1920
f 2010/1870/1917 2013/1873/1920 2011/1871/1918
f 2012/1872/1919 2014/1874/1921 2015/1875/1922
f 2012/1872/1919 2015/1875/1922 2013/1873/1920
f 2014/1874/1921 2016/1876/1923 2017/1877/1924
f 2014/1874/1921 2017/1877/1924 2015/1875/1922
f 2016/1876/1923 2018/1878/1925 2019/1879/1908
f 2016/1876/1923 2019/1879/1908 2017/1877/1924
f 2020/1880/1926 2021/1881/1927 2022/1882/1928
f 2020/1880/1926 2022/1882/1928 2023/1883/1929
f 2021/1881/1927 2024/1884/1930 2025/1885/1931
f 2021/1881/1927 2025/1885/1931 2022/1882/1928
f 2024/1884/1930 2026/1886/1932 2027/1887/1933
f 2024/1884/1930 2027/1887/1933 2025/1885/1931
f 2026/1886/1932 2028/1888/1934 2029/1889/1935
f 2026/1886/1932 2029/1889/1935 2027/1887/1933
f 2028/1888/1934 2030/1890/1936 2031/1891/1937
f 2028/1888/1934 2031/1891/1937 2029/1889/1935
f 2030/1890/1936 2032/1888/1938 2033/1889/1939
f 2030/1890/1936 2033/1889/1939 2031/1891/1937
f 2032/1888/1938 2034/1886/1940 2035/1887/1941
f 2032/1888/1938 2035/1887/1941 2033/1889/1939
f 2034/1886/1940 2036/1884/1942 2037/1885/1943
f 2034/1886/1940 2037/1885/1943 2035/1887/1941
f 2036/1884/1942 2038/1881/1944 2039/1882/1945
f 2036/1884/1942 2039/1882/1945 2037/1885/1943
f 2038/1881/1944 2020/1880/1926 2023/1883/1929
f 2038/1881/1944 2023/1883/1929 2039/1882/1945
f 2021/1881/1927 2020/1880/1926 2040/1892/1946
f 2021/1881/1927 2040/1892/1946 2041/1893/1947
f 2024/1884/1930 2021/1881/1927 2041/1893/1947
f 2024/1884/1930 2041/1893/1947 2042/1894/1948
f 2026/1886/1932 2024/1884/1930 2042/1894/1948
f 2026/1886/1932 2042/1894/1948 2043/1895/1949
f 2028/1888/1934 2026/1886/1932 2043/1895/1949
f 2028/1888/1934 2043/1895/1949 2044/1896/1950
f 2030/1890/1936 2028/1888/1934 2044/1896/1950
f 2030/1890/1936 2044/1896/1950 2045/1897/1951
f 2032/1888/1938 2030/1890/1936 2045/1897/1951
f 2032/1888/1938 2045/1897/1951 2046/1896/1952
f 2034/1886/1940 2032/1888/1938 2046/1896/1952
f 2034/1886/1940 2046/1896/1952 2047/1895/1953
f 2036/1884/1942 2034/1886/1940 2047/1895/1953
f 2036/1884/1942 2047/1895/1953 2048/1894/1954
f 2038/1881/1944 2036/1884/1942 2048/1894/1954
f 2038/1881/1944 2048/1894/1954 2049/1893/1955
f 2020/1880/1926 2038/1881/1944 2049/1893/1955
f 2020/1880/1926 2049/1893/1955 2040/1892/1946
f 2041/1893/1947 2040/1892/1946 2050/1898/1956
f 2041/1893/1947 2050/1898/1956 2051/1899/1957
f 2042/1894/1948 2041/1893/1947 2051/1899/1957
f 2042/1894/1948 2051/1899/1957 2052/1900/1958
f 2043/1895/1949 2042/1894/1948 2052/1900/1958
f 2043/1895/1949 2052/1900/1958 2053/1901/1959
f 2044/1896/1950 2043/1895/1949 2053/1901/1959
f 2044/1896/1950 2053/1901/1959 2054/1902/1960
f 2045/1897/1951 2044/1896/1950 2054/1902/1960
f 2045/1897/1951 2054/1902/1960 2055/1903/1961
f 2046/1896/1952 2045/1897/1951 2055/1903/1961
f 2046/1896/1952 2055/1903/1961 2056/1902/1962
f 2047/1895/1953 2046/1896/1952 2056/1902/1962
f 2047/1895/1953 2056/1902/1962 2057/1901/1963
f 2048/1894/1954 2047/1895/1953 2057/1901/1963
f 2048/1894/1954 2057/1901/1963 2058/1900/1964
f 2049/1893/1955 2048/1894/1954 2058/1900/1964
f 2049/1893/1955 2058/1900/1964 2059/1899/1965
f 2040/1892/1946 2049/1893/1955 2059/1899/1965
f 2040/1892/1946 2059/1899/1965 2050/1898/1956
f 2060/534/184 2061/553/1966 2062/535/184
f 4642/553/1967 2064/1904/1968 2065/1905/1967
f 4642/553/1967 2065/1905/1967 4646/535/1969
f 4644/1904/1970 2066/537/1971 2067/540/1972
f 4644/1904/1970 2067/540/1972 4655/1905/1973
f 4640/538/1974 2070/1906/1975 2071/1907/1976
f 4640/538/1974 2071/1907/1976 4645/539/1977
f 4639/1906/1978 2072/1908/1979 2073/1909/1978
f 4639/1906/1978 2073/1909/1978 4638/1907/1980
f 2080/547/191 2082/549/192 2083/550/192
f 2086/1836/1981 2087/1837/1982 2088/1838/1983
f 2086/1836/1981 2088/1838/1983 2089/1839/1984
f 2087/1837/1982 2090/1840/1985 2091/1841/1986
f 2087/1837/1982 2091/1841/1986 2088/1838/1983
f 2090/1840/1985 2092/1842/1987 2093/1843/1988
f 2090/1840/1985 2093/1843/1988 2091/1841/1986
f 2092/1842/1987 2094/1844/1989 2095/1845/1990
f 2092/1842/1987 2095/1845/1990 2093/1843/1988
f 2094/1844/1989 2096/1846/1991 2097/1847/1992
f 2094/1844/1989 2097/1847/1992 2095/1845/1990
f 2096/1846/1991 2098/1848/1993 2099/1849/1994
f 2096/1846/1991 2099/1849/1994 2097/1847/1992
f 2098/1848/1993 2100/1850/1995 2101/1851/1996
f 2098/1848/1993 2101/1851/1996 2099/1849/1994
f 2100/1850/1995 2102/1852/1997 2103/1853/1998
f 2100/1850/1995 2103/1853/1998 2101/1851/1996
f 2102/1852/1997 2104/1854/1999 2105/1855/2000
f 2102/1852/1997 2105/1855/2000 2103/1853/1998
f 2106/1856/1999 2086/1836/1981 2089/1839/1984
f 2106/1856/1999 2089/1839/1984 2107/1857/2001
f 2118/524/5 2119/525/5 2120/526/5
f 2124/530/5 2123/529/5 2125/531/5
f 2128/1858/2002 2129/1859/2003 2130/1860/2004
f 2128/1858/2002 2130/1860/2004 2131/1861/2005
f 2129/1859/2003 2132/1862/2006 2133/1863/2007
f 2129/1859/2003 2133/1863/2007 2130/1860/2004
f 2132/1862/2006 2134/1864/2008 2135/1865/2009
f 2132/1862/2006 2135/1865/2009 2133/1863/2007
f 2134/1864/2008 2136/1866/2010 2137/1867/2011
f 2134/1864/2008 2137/1867/2011 2135/1865/2009
f 2136/1866/2010 2138/1868/2012 2139/1869/2013
f 2136/1866/2010 2139/1869/2013 2137/1867/2011
f 2138/1868/2012 2140/1870/2014 2141/1871/2015
f 2138/1868/2012 2141/1871/2015 2139/1869/2013
f 2140/1870/2014 2142/1872/2016 2143/1873/2017
f 2140/1870/2014 2143/1873/2017 2141/1871/2015
f 2142/1872/2016 2144/1874/2018 2145/1875/2019
f 2142/1872/2016 2145/1875/2019 2143/1873/2017
f 2144/1874/2018 2146/1876/2020 2147/1877/2021
f 2144/1874/2018 2147/1877/2021 2145/1875/2019
f 2146/1876/2020 2148/1878/2022 2149/1879/2005
f 2146/1876/2020 2149/1879/2005 2147/1877/2021
f 2150/1880/2023 2151/1881/2024 2152/1882/2025
f 2150/1880/2023 2152/1882/2025 2153/1883/2026
f 2151/1881/2024 2154/1884/2027 2155/1885/2028
f 2151/1881/2024 2155/1885/2028 2152/1882/2025
f 2154/1884/2027 2156/1886/2029 2157/1887/2030
f 2154/1884/2027 2157/1887/2030 2155/1885/2028
f 2156/1886/2029 2158/1888/2031 2159/1889/2032
f 2156/1886/2029 2159/1889/2032 2157/1887/2030
f 2158/1888/2031 2160/1890/2033 2161/1891/2034
f 2158/1888/2031 2161/1891/2034 2159/1889/2032
f 2160/1890/2033 2162/1888/2035 2163/1889/2036
f 2160/1890/2033 2163/1889/2036 2161/1891/2034
f 2162/1888/2035 2164/1886/2037 2165/1887/2038
f 2162/1888/2035 2165/1887/2038 2163/1889/2036
f 2164/1886/2037 2166/1884/2039 2167/1885/2040
f 2164/1886/2037 2167/1885/2040 2165/1887/2038
f 2166/1884/2039 2168/1881/2041 2169/1882/2042
f 2166/1884/2039 2169/1882/2042 2167/1885/2040
f 2168/1881/2041 2150/1880/2023 2153/1883/2026
f 2168/1881/2041 2153/1883/2026 2169/1882/2042
f 2151/1881/2024 2150/1880/2023 2170/1892/2043
f 2151/1881/2024 2170/1892/2043 2171/1893/2044
f 2154/1884/2027 2151/1881/2024 2171/1893/2044
f 2154/1884/2027 2171/1893/2044 2172/1894/2045
f 2156/1886/2029 2154/1884/2027 2172/1894/2045
f 2156/1886/2029 2172/1894/2045 2173/1895/2046
f 2158/1888/2031 2156/1886/2029 2173/1895/2046
f 2158/1888/2031 2173/1895/2046 2174/1896/2047
f 2160/1890/2033 2158/1888/2031 2174/1896/2047
f 2160/1890/2033 2174/1896/2047 2175/1897/2048
f 2162/1888/2035 2160/1890/2033 2175/1897/2048
f 2162/1888/2035 2175/1897/2048 2176/1896/2049
f 2164/1886/2037 2162/1888/2035 2176/1896/2049
f 2164/1886/2037 2176/1896/2049 2177/1895/2050
f 2166/1884/2039 2164/1886/2037 2177/1895/2050
f 2166/1884/2039 2177/1895/2050 2178/1894/2051
f 2168/1881/2041 2166/1884/2039 2178/1894/2051
f 2168/1881/2041 2178/1894/2051 2179/1893/2052
f 2150/1880/2023 2168/1881/2041 2179/1893/2052
f 2150/1880/2023 2179/1893/2052 2170/1892/2043
f 2171/1893/2044 2170/1892/2043 2180/1898/2053
f 2171/1893/2044 2180/1898/2053 2181/1899/2054
f 2172/1894/2045 2171/1893/2044 2181/1899/2054
f 2172/1894/2045 2181/1899/2054 2182/1900/2055
f 2173/1895/2046 2172/1894/2045 2182/1900/2055
f 2173/1895/2046 2182/1900/2055 2183/1901/2056
f 2174/1896/2047 2173/1895/2046 2183/1901/2056
f 2174/1896/2047 2183/1901/2056 2184/1902/2057
f 2175/1897/2048 2174/1896/2047 2184/1902/2057
f 2175/1897/2048 2184/1902/2057 2185/1903/2058
f 2176/1896/2049 2175/1897/2048 2185/1903/2058
f 2176/1896/2049 2185/1903/2058 2186/1902/2059
f 2177/1895/2050 2176/1896/2049 2186/1902/2059
f 2177/1895/2050 2186/1902/2059 2187/1901/2060
f 2178/1894/2051 2177/1895/2050 2187/1901/2060
f 2178/1894/2051 2187/1901/2060 2188/1900/2061
f 2179/1893/2052 2178/1894/2051 2188/1900/2061
f 2179/1893/2052 2188/1900/2061 2189/1899/2062
f 2170/1892/2043 2179/1893/2052 2189/1899/2062
f 2170/1892/2043 2189/1899/2062 2180/1898/2053
f 3693/553/2063 2194/1904/2064 2195/1905/2063
f 3693/553/2063 2195/1905/2063 3694/535/2065
f 3696/1904/2066 2196/537/2067 2197/540/2068
f 3696/1904/2066 2197/540/2068 3708/1905/2069
f 3684/538/2070 2200/1906/2071 2201/1907/2072
f 3684/538/2070 2201/1907/2072 3634/539/2073
f 3681/1906/2074 2202/1908/2075 2203/1909/2074
f 3681/1906/2074 2203/1909/2074 3627/1907/2076
f 2208/545/199 2209/546/197 2207/544/197
f 2210/547/200 2211/548/2077 2212/549/2077
f 2210/547/200 2212/549/2077 2213/550/200
f 2210/547/200 2214/551/201 2215/552/201
f 2216/1910/2078 2217/1911/2079 2218/575/2080
f 2216/1910/2078 2218/575/2080 2219/556/2081
f 2220/1912/2082 2221/1913/2083 2222/560/2084
f 2220/1912/2082 2222/560/2084 2223/559/2085
f 2221/1913/2083 2224/1914/2086 2225/562/2087
f 2221/1913/2083 2225/562/2087 2222/560/2084
f 2224/1914/2086 2226/1915/2088 2227/564/2089
f 2224/1914/2086 2227/564/2089 2225/562/2087
f 2226/1915/2088 2228/1916/2090 2229/566/2091
f 2226/1915/2088 2229/566/2091 2227/564/2089
f 2228/1916/2090 2216/1910/2078 2219/556/2081
f 2228/1916/2090 2219/556/2081 2229/566/2091
f 2230/1917/2092 2231/1918/2093 2232/1919/2094
f 2230/1917/2092 2232/1919/2094 2233/1920/2095
f 2234/1921/2096 2230/1917/2092 2233/1920/2095
f 2234/1921/2096 2233/1920/2095 2235/1922/2097
f 2236/1923/2098 2234/1921/2096 2235/1922/2097
f 2236/1923/2098 2235/1922/2097 2237/1924/2099
f 2238/1925/2100 2236/1923/2098 2237/1924/2099
f 2238/1925/2100 2237/1924/2099 2239/1926/2101
f 2240/1927/2102 2241/1928/2103 2242/1929/2104
f 2240/1927/2102 2242/1929/2104 2243/1930/2105
f 2231/1918/2093 2240/1927/2102 2243/1930/2105
f 2231/1918/2093 2243/1930/2105 2232/1919/2094
f 2244/554/2 3665/556/2 3623/575/2
f 2233/1920/2095 2232/1919/2094 2251/1931/2106
f 2233/1920/2095 2251/1931/2106 2252/1932/2107
f 2235/1922/2097 2233/1920/2095 2252/1932/2107
f 2235/1922/2097 2252/1932/2107 2253/1933/2108
f 2237/1924/2099 2235/1922/2097 2253/1933/2108
f 2237/1924/2099 2253/1933/2108 2254/1934/2109
f 2239/1926/2101 2237/1924/2099 2254/1934/2109
f 2239/1926/2101 2254/1934/2109 2255/1935/2110
f 2256/1936/2111 2257/1937/2112 2258/1938/2113
f 2256/1936/2111 2258/1938/2113 2259/1939/2114
f 2242/1929/2104 2256/1936/2111 2259/1939/2114
f 2242/1929/2104 2259/1939/2114 2260/1940/2115
f 2243/1930/2105 2242/1929/2104 2260/1940/2115
f 2243/1930/2105 2260/1940/2115 2261/1941/2116
f 2232/1919/2094 2243/1930/2105 2261/1941/2116
f 2232/1919/2094 2261/1941/2116 2251/1931/2106
f 2268/1942/2117 2269/573/2118 2270/562/2119
f 2268/1942/2117 2270/562/2119 2271/1914/2120
f 2272/1943/2121 2273/1944/2122 2274/576/2123
f 2272/1943/2121 2274/576/2123 2275/1945/2124
f 2275/1945/2124 2274/576/2123 2276/575/2125
f 2275/1945/2124 2276/575/2125 2277/1911/2126
f 2277/1911/2126 2276/575/2125 2278/556/2127
f 2277/1911/2126 2278/556/2127 2279/1910/2128
f 2279/1910/2128 2278/556/2127 2280/566/2129
f 2279/1910/2128 2280/566/2129 2281/1916/2130
f 2281/1916/2130 2280/566/2129 2269/573/2118
f 2281/1916/2130 2269/573/2118 2268/1942/2117
f 2282/1946/2131 2283/1930/2132 2284/1919/2133
f 2282/1946/2131 2284/1919/2133 2285/1918/2134
f 2286/1928/2135 2287/1947/2136 2283/1930/2132
f 2286/1928/2135 2283/1930/2132 2282/1946/2131
f 2288/1948/2137 2289/1936/2138 2287/1947/2136
f 2288/1948/2137 2287/1947/2136 2286/1928/2135
f 2290/1949/2139 2291/1950/2140 2289/1936/2138
f 2290/1949/2139 2289/1936/2138 2288/1948/2137
f 2292/1923/2141 2293/1924/2142 2294/1926/2143
f 2292/1923/2141 2294/1926/2143 2295/1925/2144
f 2296/1921/2145 2297/1922/2146 2293/1924/2142
f 2296/1921/2145 2293/1924/2142 2292/1923/2141
f 2298/1917/2147 2299/1920/2148 2297/1922/2146
f 2298/1917/2147 2297/1922/2146 2296/1921/2145
f 2285/1918/2134 2284/1919/2133 2299/1920/2148
f 2285/1918/2134 2299/1920/2148 2298/1917/2147
f 2300/561/2 4624/562/2149 4621/573/2
f 2302/557/2150 2303/560/2151 4624/562/2149
f 2302/557/2150 4624/562/2149 2300/561/2
f 2304/1951/2152 2305/1952/2 2303/560/2151
f 2304/1951/2152 2303/560/2151 2302/557/2150
f 2306/577/2 4647/576/2 4668/1944/2153
f 2306/577/2 4668/1944/2153 2307/1953/2
f 2283/1930/2132 2311/1941/2154 2312/1931/2155
f 2283/1930/2132 2312/1931/2155 2284/1919/2133
f 2287/1947/2136 2313/1940/2156 2311/1941/2154
f 2287/1947/2136 2311/1941/2154 2283/1930/2132
f 2289/1936/2138 2314/1939/2157 2313/1940/2156
f 2289/1936/2138 2313/1940/2156 2287/1947/2136
f 2291/1950/2140 2315/1954/2158 2314/1939/2157
f 2291/1950/2140 2314/1939/2157 2289/1936/2138
f 2293/1924/2142 2316/1934/2159 2317/1935/2160
f 2293/1924/2142 2317/1935/2160 2294/1926/2143
f 2297/1922/2146 2318/1933/2161 2316/1934/2159
f 2297/1922/2146 2316/1934/2159 2293/1924/2142
f 2299/1920/2148 2319/1932/2162 2318/1933/2161
f 2299/1920/2148 2318/1933/2161 2297/1922/2146
f 2284/1919/2133 2312/1931/2155 2319/1932/2162
f 2284/1919/2133 2319/1932/2162 2299/1920/2148
f 2320/1955/2163 4666/1954/2163 4664/1950/2164
f 2320/1955/2163 4664/1950/2164 2321/1956/2165
f 2322/1957/2166 4664/1950/2167 4665/1949/904
f 2322/1957/2166 4665/1949/904 2323/1958/904
f 2324/578/2168 2328/1959/2169 2329/1960/2170
f 2324/578/2168 2329/1960/2170 2325/579/2171
f 2336/1961/2078 2337/1962/2172 2338/1963/2173
f 2336/1961/2078 2338/1963/2173 2339/584/2174
f 2337/1962/2172 2340/1964/2175 2341/1965/2176
f 2337/1962/2172 2341/1965/2176 2338/1963/2173
f 2340/1964/2175 2342/580/2177 2343/579/2178
f 2340/1964/2175 2343/579/2178 2341/1965/2176
f 2344/1966/2179 2345/1967/2083 2346/588/2084
f 2344/1966/2179 2346/588/2084 2347/587/2085
f 2345/1967/2083 2348/1968/2086 2349/591/2087
f 2345/1967/2083 2349/591/2087 2346/588/2084
f 2348/1968/2086 2350/1969/2088 2351/592/2089
f 2348/1968/2086 2351/592/2089 2349/591/2087
f 2350/1969/2088 2352/1970/2090 2353/594/2091
f 2350/1969/2088 2353/594/2091 2351/592/2089
f 2352/1970/2090 2336/1961/2078 2339/584/2174
f 2352/1970/2090 2339/584/2174 2353/594/2091
f 2354/1971/2092 2355/1972/2093 2356/1973/2094
f 2354/1971/2092 2356/1973/2094 2357/1974/2095
f 2358/1975/2096 2354/1971/2092 2357/1974/2095
f 2358/1975/2096 2357/1974/2095 2359/1976/2097
f 2360/1977/2098 2358/1975/2096 2359/1976/2097
f 2360/1977/2098 2359/1976/2097 2361/1978/2099
f 2362/1979/2100 2360/1977/2098 2361/1978/2099
f 2362/1979/2100 2361/1978/2099 2363/1980/2101
f 2364/1981/2180 2365/1982/2181 2366/1983/2182
f 2364/1981/2180 2366/1983/2182 2367/1984/2183
f 2368/1985/2184 2364/1981/2180 2367/1984/2183
f 2368/1985/2184 2367/1984/2183 2369/1986/2185
f 2370/1987/2102 2368/1985/2184 2369/1986/2185
f 2370/1987/2102 2369/1986/2185 2371/1988/2105
f 2355/1972/2093 2370/1987/2102 2371/1988/2105
f 2355/1972/2093 2371/1988/2105 2356/1973/2094
f 2372/582/2 3667/584/2 3625/1963/2186
f 2374/1989/2187 2372/582/2 3625/1963/2186
f 2374/1989/2187 3625/1963/2186 3582/1965/2188
f 2375/1960/2189 2374/1989/2187 3582/1965/2188
f 2375/1960/2189 3582/1965/2188 3579/579/2
f 2378/589/2 3584/588/2 3626/591/2
f 2357/1974/2095 2356/1973/2094 2381/1990/2106
f 2357/1974/2095 2381/1990/2106 2382/1991/2107
f 2359/1976/2097 2357/1974/2095 2382/1991/2107
f 2359/1976/2097 2382/1991/2107 2383/1992/2108
f 2361/1978/2099 2359/1976/2097 2383/1992/2108
f 2361/1978/2099 2383/1992/2108 2384/1993/2109
f 2363/1980/2101 2361/1978/2099 2384/1993/2109
f 2363/1980/2101 2384/1993/2109 2385/1994/2110
f 2367/1984/2183 2366/1983/2182 2386/1995/2113
f 2367/1984/2183 2386/1995/2113 2387/1996/2114
f 2369/1986/2185 2367/1984/2183 2387/1996/2114
f 2369/1986/2185 2387/1996/2114 2388/1997/2115
f 2371/1988/2105 2369/1986/2185 2388/1997/2115
f 2371/1988/2105 2388/1997/2115 2389/1998/2116
f 2356/1973/2094 2371/1988/2105 2389/1998/2116
f 2356/1973/2094 2389/1998/2116 2381/1990/2106
f 2394/599/2 2391/596/2 2395/600/2
f 2396/1999/2190 2397/2000/2191 2398/2001/2192
f 2396/1999/2190 2398/2001/2192 2399/2002/2193
f 2404/2003/2194 2405/2004/2195 2406/2005/2196
f 2404/2003/2194 2406/2005/2196 2407/2006/2197
f 2406/2005/2196 2405/2004/2195 2410/2007/2198
f 2406/2005/2196 2410/2007/2198 2411/2008/2199
f 2398/2001/2192 2397/2000/2191 3713/2003/2200
f 2398/2001/2192 3713/2003/2200 3714/2006/2201
f 2399/2002/2193 2398/2001/2192 2412/2009/2202
f 2399/2002/2193 2412/2009/2202 2413/2010/2203
f 2398/2001/2192 3714/2006/2201 2414/2011/2204
f 2398/2001/2192 2414/2011/2204 2412/2009/2202
f 2407/2006/2197 2406/2005/2196 2415/2012/2205
f 2407/2006/2197 2415/2012/2205 3699/2011/2206
f 2406/2005/2196 2411/2008/2199 2416/2013/2207
f 2406/2005/2196 2416/2013/2207 2415/2012/2205
f 2397/2000/2191 2396/1999/2190 2417/2014/2208
f 2397/2000/2191 2417/2014/2208 2418/2015/2209
f 2410/2007/2198 2405/2004/2195 2419/2016/2210
f 2410/2007/2198 2419/2016/2210 2420/2017/2211
f 2405/2004/2195 2404/2003/2194 2421/2018/2212
f 2405/2004/2195 2421/2018/2212 2419/2016/2210
f 3713/2003/2200 2397/2000/2191 2418/2015/2209
f 3713/2003/2200 2418/2015/2209 3698/2018/2213
f 2422/1999/2214 2423/2000/2215 2424/2001/2216
f 2422/1999/2214 2424/2001/2216 2425/2002/2217
f 2428/2019/2218 2429/2020/2219 2430/2021/2220
f 2428/2019/2218 2430/2021/2220 2431/2022/2221
f 2434/2003/2222 2435/2004/2195 2436/2005/2196
f 2434/2003/2222 2436/2005/2196 2437/2006/2197
f 2436/2005/2196 2435/2004/2195 2440/2007/2198
f 2436/2005/2196 2440/2007/2198 2441/2008/2199
f 2430/2021/2220 2429/2020/2219 3660/2008/2223
f 2430/2021/2220 3660/2008/2223 3659/2007/2224
f 2424/2001/2216 2423/2000/2215 3661/2003/2200
f 2424/2001/2216 3661/2003/2200 3662/2006/2201
f 2425/2002/2217 2424/2001/2216 2442/2009/2225
f 2425/2002/2217 2442/2009/2225 2443/2010/2226
f 2429/2020/2219 2428/2019/2218 2444/2023/2227
f 2429/2020/2219 2444/2023/2227 2445/2024/2228
f 2424/2001/2216 3662/2006/2201 2446/2011/2204
f 2424/2001/2216 2446/2011/2204 2442/2009/2225
f 2437/2006/2197 2436/2005/2196 2447/2012/2205
f 2437/2006/2197 2447/2012/2205 3648/2011/2229
f 2436/2005/2196 2441/2008/2199 2448/2013/2207
f 2436/2005/2196 2448/2013/2207 2447/2012/2205
f 3660/2008/2223 2429/2020/2219 2445/2024/2228
f 3660/2008/2223 2445/2024/2228 3646/2013/2230
f 2423/2000/2215 2422/1999/2214 2449/2014/2231
f 2423/2000/2215 2449/2014/2231 2450/2015/2232
f 2431/2022/2221 2430/2021/2220 2451/2025/2233
f 2431/2022/2221 2451/2025/2233 2452/2026/2234
f 2430/2021/2220 3659/2007/2224 2453/2017/2235
f 2430/2021/2220 2453/2017/2235 2451/2025/2233
f 2440/2007/2198 2435/2004/2195 2454/2016/2210
f 2440/2007/2198 2454/2016/2210 3645/2017/2211
f 2435/2004/2195 2434/2003/2222 2455/2018/2212
f 2435/2004/2195 2455/2018/2212 2454/2016/2210
f 3661/2003/2200 2423/2000/2215 2450/2015/2232
f 3661/2003/2200 2450/2015/2232 3647/2018/2236
f 2456/2027/7 2457/2028/2237 2458/2029/2238
f 2456/2027/7 2458/2029/2238 2459/2030/7
f 2460/2031/2239 2456/2027/7 2459/2030/7
f 2460/2031/2239 2459/2030/7 2461/2032/2240
f 2462/2033/2241 2463/2034/2241 2458/2029/2238
f 2462/2033/2241 2458/2029/2238 2457/2028/2237
f 2460/2031/2239 2461/2032/2240 2464/2035/2242
f 2460/2031/2239 2464/2035/2242 2465/2036/2242
f 2466/1999/2243 2467/2002/2244 2468/2001/2245
f 2466/1999/2243 2468/2001/2245 2469/2000/2246
f 2474/2003/2247 2475/2006/2248 2476/2005/2249
f 2474/2003/2247 2476/2005/2249 2477/2004/2250
f 2471/602/2 256/33/2 254/32/2
f 2476/2005/2249 2480/2008/2251 2481/2007/2252
f 2476/2005/2249 2481/2007/2252 2477/2004/2250
f 2468/2001/2245 4615/2006/2253 4614/2003/2254
f 2468/2001/2245 4614/2003/2254 2469/2000/2246
f 2467/2002/2244 2482/2010/2255 2483/2009/2256
f 2467/2002/2244 2483/2009/2256 2468/2001/2245
f 2468/2001/2245 2483/2009/2256 2484/2011/2257
f 2468/2001/2245 2484/2011/2257 4615/2006/2253
f 2475/2006/2248 4617/2011/2258 2485/2012/2259
f 2475/2006/2248 2485/2012/2259 2476/2005/2249
f 2476/2005/2249 2485/2012/2259 2486/2013/2260
f 2476/2005/2249 2486/2013/2260 2480/2008/2251
f 2469/2000/2246 2487/2015/2261 2488/2014/2262
f 2469/2000/2246 2488/2014/2262 2466/1999/2243
f 2481/2007/2252 2489/2017/2263 2490/2016/2264
f 2481/2007/2252 2490/2016/2264 2477/2004/2250
f 2477/2004/2250 2490/2016/2264 2491/2018/2265
f 2477/2004/2250 2491/2018/2265 2474/2003/2247
f 4614/2003/2254 4616/2018/2266 2487/2015/2261
f 4614/2003/2254 2487/2015/2261 2469/2000/2246
f 2492/2037/6 2493/2030/6 2494/2038/2267
f 2492/2037/6 2494/2038/2267 2495/2039/2268
f 2496/2040/2269 2497/2032/2270 2493/2030/6
f 2496/2040/2269 2493/2030/6 2492/2037/6
f 2498/2041/2271 2495/2039/2268 2494/2038/2267
f 2498/2041/2271 2494/2038/2267 2499/2042/2271
f 2496/2040/2269 2500/2036/2272 2501/2035/2272
f 2496/2040/2269 2501/2035/2272 2497/2032/2270
f 2514/620/2273 2515/2043/2274 2516/2044/2275
f 2514/620/2273 2516/2044/2275 2517/621/2273
f 2515/2043/2274 2520/623/2276 2521/626/2276
f 2515/2043/2274 2521/626/2276 2516/2044/2275
f 2526/2045/2277 2527/2046/2278 2528/2047/2279
f 2526/2045/2277 2528/2047/2279 2529/2048/2280
f 2529/2048/2280 2528/2047/2279 2530/2049/2281
f 2529/2048/2280 2530/2049/2281 2531/2050/2282
f 2531/2050/2282 2530/2049/2281 2532/2051/2283
f 2531/2050/2282 2532/2051/2283 2533/2052/2284
f 2534/2053/2285 2535/2054/2286 2536/2055/2287
f 2534/2053/2285 2536/2055/2287 2537/2056/2288
f 2535/2054/2286 2538/2057/2289 2539/2058/2290
f 2535/2054/2286 2539/2058/2290 2536/2055/2287
f 2538/2057/2289 2540/2059/2291 2541/2060/2292
f 2538/2057/2289 2541/2060/2292 2539/2058/2290
f 2542/2061/2293 2543/2062/2294 2544/2063/2295
f 2542/2061/2293 2544/2063/2295 2545/2064/2293
f 2546/2065/2296 2547/2066/2297 2548/2067/2297
f 2546/2065/2296 2548/2067/2297 2549/2068/2298
f 2543/2062/2294 2550/2069/2299 2551/2070/2300
f 2543/2062/2294 2551/2070/2300 2544/2063/2295
f 2552/2071/2301 2546/2065/2296 2549/2068/2298
f 2552/2071/2301 2549/2068/2298 2553/2072/2302
f 2550/2069/2299 2554/2073/2303 2555/2074/2303
f 2550/2069/2299 2555/2074/2303 2551/2070/2300
f 2556/2075/2304 2552/2071/2301 2553/2072/2302
f 2556/2075/2304 2553/2072/2302 2557/2076/2304
f 3720/632/2305 3878/631/2306 2562/634/2307
f 3720/632/2305 2562/634/2307 2563/633/2305
f 2566/2077/2308 2567/2078/2309 2568/2079/5
f 2566/2077/2308 2568/2079/5 2569/2080/2308
f 3878/631/2306 4077/640/2310 4075/639/2310
f 3878/631/2306 4075/639/2310 2562/634/2307
f 2568/2079/5 2567/2078/2309 2577/2081/2311
f 2568/2079/5 2577/2081/2311 2578/2082/2311
f 2592/620/2273 2593/2043/2274 2594/2044/2275
f 2592/620/2273 2594/2044/2275 2595/621/2273
f 2593/2043/2274 2598/623/2276 2599/626/2276
f 2593/2043/2274 2599/626/2276 2594/2044/2275
f 2604/2045/2312 2605/2046/2278 2606/2047/2279
f 2604/2045/2312 2606/2047/2279 2607/2048/2313
f 2607/2048/2313 2606/2047/2279 2608/2049/2281
f 2607/2048/2313 2608/2049/2281 2609/2050/2282
f 2609/2050/2282 2608/2049/2281 2610/2051/2283
f 2609/2050/2282 2610/2051/2283 2611/2052/2314
f 2612/2053/2285 2613/2054/2315 2614/2055/2287
f 2612/2053/2285 2614/2055/2287 2615/2083/2316
f 2613/2054/2315 2616/2057/2289 2617/2058/2317
f 2613/2054/2315 2617/2058/2317 2614/2055/2287
f 2616/2057/2289 2618/2059/2318 2619/2060/2292
f 2616/2057/2289 2619/2060/2292 2617/2058/2317
f 2620/2061/2293 2621/2062/2294 2622/2063/2295
f 2620/2061/2293 2622/2063/2295 2623/2064/2293
f 2624/2065/2319 2625/2066/2297 2626/2067/2297
f 2624/2065/2319 2626/2067/2297 2627/2068/2298
f 2621/2062/2294 2628/2069/2299 2629/2084/2300
f 2621/2062/2294 2629/2084/2300 2622/2063/2295
f 2630/2071/2301 2624/2065/2319 2627/2068/2298
f 2630/2071/2301 2627/2068/2298 2631/2085/2302
f 2628/2069/2299 2632/2073/2303 2633/2074/2303
f 2628/2069/2299 2633/2074/2303 2629/2084/2300
f 2634/2075/2304 2630/2071/2301 2631/2085/2302
f 2634/2075/2304 2631/2085/2302 2635/2076/2304
f 277/42/6 2640/618/6 2641/612/6
f 279/42/7 2646/612/7 2647/618/7
f 2648/620/2320 2649/2043/2321 2650/2044/2322
f 2648/620/2320 2650/2044/2322 2651/621/2320
f 2649/2043/2321 2654/623/2323 2655/626/2323
f 2649/2043/2321 2655/626/2323 2650/2044/2322
f 2660/2053/2324 2661/2056/2325 2662/2055/2326
f 2660/2053/2324 2662/2055/2326 2663/2054/2327
f 2663/2054/2327 2662/2055/2326 2664/2058/2328
f 2663/2054/2327 2664/2058/2328 2665/2057/2329
f 2665/2057/2329 2664/2058/2328 2666/2060/2330
f 2665/2057/2329 2666/2060/2330 2667/2059/2331
f 2668/2053/2332 2669/2054/2333 2670/2055/2334
f 2668/2053/2332 2670/2055/2334 2671/2056/2335
f 2669/2054/2333 2672/2057/2336 2673/2058/2337
f 2669/2054/2333 2673/2058/2337 2670/2055/2334
f 2672/2057/2336 2674/2059/2338 2675/2060/2339
f 2672/2057/2336 2675/2060/2339 2673/2058/2337
f 2676/2061/2340 2677/2062/2341 2678/2063/2342
f 2676/2061/2340 2678/2063/2342 2679/2064/2340
f 2680/2065/2343 2681/2066/2344 2682/2067/2344
f 2680/2065/2343 2682/2067/2344 2683/2068/2345
f 2677/2062/2341 2684/2069/2346 2685/2084/2347
f 2677/2062/2341 2685/2084/2347 2678/2063/2342
f 2686/2071/2348 2680/2065/2343 2683/2068/2345
f 2686/2071/2348 2683/2068/2345 2687/2085/2349
f 2684/2069/2346 2688/2073/2350 2689/2074/2350
f 2684/2069/2346 2689/2074/2350 2685/2084/2347
f 2690/2075/2351 2686/2071/2348 2687/2085/2349
f 2690/2075/2351 2687/2085/2349 2691/2076/2351
f 4507/632/2352 4564/631/2353 2696/634/2354
f 4507/632/2352 2696/634/2354 2697/633/2352
f 2700/2077/2355 2701/2078/2309 2702/2079/2356
f 2700/2077/2355 2702/2079/2356 2703/2080/2355
f 4564/631/2353 4612/640/2357 4610/639/2357
f 4564/631/2353 4610/639/2357 2696/634/2354
f 2702/2079/2356 2701/2078/2309 2711/2081/2358
f 2702/2079/2356 2711/2081/2358 2712/2082/2358
f 283/42/6 2718/618/6 2719/612/6
f 285/42/7 2724/612/7 2725/618/7
f 2726/620/2320 2727/2043/2359 2728/2044/2322
f 2726/620/2320 2728/2044/2322 2729/621/2320
f 2730/646/205 4589/620/205 4605/621/205
f 2730/646/205 4605/621/205 2731/645/205
f 2727/2043/2359 2732/623/2323 2733/626/2323
f 2727/2043/2359 2733/626/2323 2728/2044/2322
f 2738/2053/2324 2739/2056/2325 2740/2055/2360
f 2738/2053/2324 2740/2055/2360 2741/2054/2361
f 2741/2054/2361 2740/2055/2360 2742/2058/2362
f 2741/2054/2361 2742/2058/2362 2743/2057/2329
f 2743/2057/2329 2742/2058/2362 2744/2060/2330
f 2743/2057/2329 2744/2060/2330 2745/2059/2363
f 2746/2053/2332 2747/2054/2364 2748/2055/2365
f 2746/2053/2332 2748/2055/2365 2749/2056/2335
f 2747/2054/2364 2750/2057/2336 2751/2058/2366
f 2747/2054/2364 2751/2058/2366 2748/2055/2365
f 2750/2057/2336 2752/2059/2367 2753/2060/2368
f 2750/2057/2336 2753/2060/2368 2751/2058/2366
f 2754/2061/2340 2755/2062/2369 2756/2063/2342
f 2754/2061/2340 2756/2063/2342 2757/2064/2340
f 2758/2065/2343 2759/2066/2344 2760/2067/2344
f 2758/2065/2343 2760/2067/2344 2761/2068/2345
f 2755/2062/2369 2762/2069/2346 2763/2084/2347
f 2755/2062/2369 2763/2084/2347 2756/2063/2342
f 2764/2071/2348 2758/2065/2343 2761/2068/2345
f 2764/2071/2348 2761/2068/2345 2765/2085/2349
f 2762/2069/2346 2766/2073/2350 2767/2074/2350
f 2762/2069/2346 2767/2074/2350 2763/2084/2347
f 2768/2075/2351 2764/2071/2348 2765/2085/2349
f 2768/2075/2351 2765/2085/2349 2769/2076/2351
f 2770/2086/2370 2771/2087/2371 2772/2088/2372
f 2770/2086/2370 2772/2088/2372 2773/2089/2373
f 2771/2087/2371 2774/2090/2374 2775/2091/2375
f 2771/2087/2371 2775/2091/2375 2772/2088/2372
f 2774/2090/2374 2776/2092/2376 2777/2093/2377
f 2774/2090/2374 2777/2093/2377 2775/2091/2375
f 2776/2092/2376 2778/2094/2378 2779/2095/2379
f 2776/2092/2376 2779/2095/2379 2777/2093/2377
f 2778/2094/2378 2780/2096/2380 2781/2097/2381
f 2778/2094/2378 2781/2097/2381 2779/2095/2379
f 2782/2098/2380 2783/2099/2382 2784/2100/2383
f 2782/2098/2380 2784/2100/2383 2785/2101/2384
f 2783/2099/2382 2786/2102/2385 2787/2103/2386
f 2783/2099/2382 2787/2103/2386 2784/2100/2383
f 2786/2102/2385 2788/2104/2387 2789/2105/2388
f 2786/2102/2385 2789/2105/2388 2787/2103/2386
f 2788/2104/2387 2790/2106/2389 2791/2107/2390
f 2788/2104/2387 2791/2107/2390 2789/2105/2388
f 2790/2106/2389 2770/2086/2370 2773/2089/2373
f 2790/2106/2389 2773/2089/2373 2791/2107/2390
f 2787/2103/2386 2789/2105/2388 2792/2108/2391
f 2787/2103/2386 2792/2108/2391 2793/2109/2392
f 2784/2100/2383 2787/2103/2386 2793/2109/2392
f 2784/2100/2383 2793/2109/2392 2794/2110/2393
f 2785/2101/2384 2784/2100/2383 2794/2110/2393
f 2785/2101/2384 2794/2110/2393 2795/2111/2394
f 2779/2095/2379 2781/2097/2381 2796/2112/2394
f 2779/2095/2379 2796/2112/2394 2797/2113/2395
f 2777/2093/2377 2779/2095/2379 2797/2113/2395
f 2777/2093/2377 2797/2113/2395 2798/2114/2396
f 2775/2091/2375 2777/2093/2377 2798/2114/2396
f 2775/2091/2375 2798/2114/2396 2799/2115/2397
f 2772/2088/2372 2775/2091/2375 2799/2115/2397
f 2772/2088/2372 2799/2115/2397 2800/2116/2398
f 2773/2089/2373 2772/2088/2372 2800/2116/2398
f 2773/2089/2373 2800/2116/2398 2801/2117/2399
f 2791/2107/2390 2773/2089/2373 2801/2117/2399
f 2791/2107/2390 2801/2117/2399 2802/2118/2400
f 2789/2105/2388 2791/2107/2390 2802/2118/2400
f 2789/2105/2388 2802/2118/2400 2792/2108/2391
f 2807/2119/2401 2808/2120/2402 2809/2121/2403
f 2807/2119/2401 2809/2121/2403 2810/2122/2404
f 2808/2120/2402 2811/2123/2405 2812/2124/2406
f 2808/2120/2402 2812/2124/2406 2809/2121/2403
f 2811/2123/2405 2813/2125/2407 2814/2126/2408
f 2811/2123/2405 2814/2126/2408 2812/2124/2406
f 2813/2125/2407 2815/2127/2409 2816/2128/2410
f 2813/2125/2407 2816/2128/2410 2814/2126/2408
f 2815/2127/2409 2817/2129/2411 2818/2130/2412
f 2815/2127/2409 2818/2130/2412 2816/2128/2410
f 2819/2131/2411 2820/2132/2413 2821/2133/2414
f 2819/2131/2411 2821/2133/2414 2822/2134/2412
f 2820/2132/2413 2823/2135/2415 2824/2136/2416
f 2820/2132/2413 2824/2136/2416 2821/2133/2414
f 2823/2135/2415 2825/2137/2417 2826/2138/2418
f 2823/2135/2415 2826/2138/2418 2824/2136/2416
f 2825/2137/2417 2827/2139/2419 2828/2140/2420
f 2825/2137/2417 2828/2140/2420 2826/2138/2418
f 2827/2139/2419 2807/2119/2401 2810/2122/2404
f 2827/2139/2419 2810/2122/2404 2828/2140/2420
f 2824/2136/2416 2826/2138/2418 2829/2141/2421
f 2824/2136/2416 2829/2141/2421 2830/2142/2422
f 2821/2133/2414 2824/2136/2416 2830/2142/2422
f 2821/2133/2414 2830/2142/2422 2831/2143/2423
f 2822/2134/2412 2821/2133/2414 2831/2143/2423
f 2822/2134/2412 2831/2143/2423 2832/2144/2424
f 2816/2128/2410 2818/2130/2412 2833/2145/2424
f 2816/2128/2410 2833/2145/2424 2834/2146/2425
f 2814/2126/2408 2816/2128/2410 2834/2146/2425
f 2814/2126/2408 2834/2146/2425 2835/2147/2426
f 2812/2124/2406 2814/2126/2408 2835/2147/2426
f 2812/2124/2406 2835/2147/2426 2836/2148/2427
f 2809/2121/2403 2812/2124/2406 2836/2148/2427
f 2809/2121/2403 2836/2148/2427 2837/2149/2428
f 2810/2122/2404 2809/2121/2403 2837/2149/2428
f 2810/2122/2404 2837/2149/2428 2838/2150/2429
f 2828/2140/2420 2810/2122/2404 2838/2150/2429
f 2828/2140/2420 2838/2150/2429 2839/2151/2430
f 2826/2138/2418 2828/2140/2420 2839/2151/2430
f 2826/2138/2418 2839/2151/2430 2829/2141/2421
f 4499/654/2431 2851/2152/2431 4509/658/2431
f 4499/654/2431 4509/658/2431 4511/655/2431
f 2856/664/1 2858/655/1 2859/654/1
f 2874/2153/2432 2875/2154/2433 2876/2155/2434
f 2874/2153/2432 2876/2155/2434 2877/2156/2435
f 2875/2154/2433 2878/2157/2436 2879/2158/2437
f 2875/2154/2433 2879/2158/2437 2876/2155/2434
f 2878/2157/2436 2880/2159/2438 2881/2160/2439
f 2878/2157/2436 2881/2160/2439 2879/2158/2437
f 2880/2159/2438 2882/2161/2440 2883/2162/2441
f 2880/2159/2438 2883/2162/2441 2881/2160/2439
f 2882/2161/2440 2884/2163/2442 2885/2164/2443
f 2882/2161/2440 2885/2164/2443 2883/2162/2441
f 2884/2163/2442 2886/2165/2444 2887/2166/2445
f 2884/2163/2442 2887/2166/2445 2885/2164/2443
f 2886/2165/2444 2888/2167/2446 2889/2168/2447
f 2886/2165/2444 2889/2168/2447 2887/2166/2445
f 2888/2167/2446 2890/2169/2448 2891/2170/2449
f 2888/2167/2446 2891/2170/2449 2889/2168/2447
f 2890/2169/2448 2892/2171/2450 2893/2172/2451
f 2890/2169/2448 2893/2172/2451 2891/2170/2449
f 2892/2171/2450 2894/2173/2432 2895/2174/2452
f 2892/2171/2450 2895/2174/2452 2893/2172/2451
f 2896/2175/2453 2897/2176/2454 2898/2177/2455
f 2896/2175/2453 2898/2177/2455 2899/2178/2456
f 2897/2176/2454 2900/2179/2457 2901/2180/2458
f 2897/2176/2454 2901/2180/2458 2898/2177/2455
f 2900/2179/2457 2902/2181/2459 2903/2182/2460
f 2900/2179/2457 2903/2182/2460 2901/2180/2458
f 2902/2181/2459 2904/2183/2461 2905/2184/2462
f 2902/2181/2459 2905/2184/2462 2903/2182/2460
f 2904/2183/2461 2906/2185/2463 2907/2186/2464
f 2904/2183/2461 2907/2186/2464 2905/2184/2462
f 2906/2185/2463 2908/2187/2465 2909/2188/2466
f 2906/2185/2463 2909/2188/2466 2907/2186/2464
f 2908/2187/2465 2910/2189/2467 2911/2190/2468
f 2908/2187/2465 2911/2190/2468 2909/2188/2466
f 2910/2189/2467 2912/2191/2469 2913/2192/2470
f 2910/2189/2467 2913/2192/2470 2911/2190/2468
f 2912/2191/2469 2914/2193/2471 2915/2194/2472
f 2912/2191/2469 2915/2194/2472 2913/2192/2470
f 2914/2193/2471 2916/2195/2473 2917/2196/2456
f 2914/2193/2471 2917/2196/2456 2915/2194/2472
f 4343/2178/2474 4293/2177/2475 2918/2197/2476
f 4343/2178/2474 2918/2197/2476 2919/2198/2477
f 4293/2177/2475 4228/2180/2478 2920/2199/2479
f 4293/2177/2475 2920/2199/2479 2918/2197/2476
f 4228/2180/2478 4195/2182/2480 2921/2200/2481
f 4228/2180/2478 2921/2200/2481 2920/2199/2479
f 4195/2182/2480 4211/2184/2482 2922/2201/2483
f 4195/2182/2480 2922/2201/2483 2921/2200/2481
f 4212/2184/2484 4260/2186/2485 2923/2202/2486
f 4212/2184/2484 2923/2202/2486 4207/2201/2487
f 4260/2186/2485 4335/2188/2488 2924/2203/2489
f 4260/2186/2485 2924/2203/2489 2923/2202/2486
f 4335/2188/2488 4370/2190/2490 2925/2204/2491
f 4335/2188/2488 2925/2204/2491 2924/2203/2489
f 4370/2190/2490 4393/2192/2492 2926/2205/2493
f 4370/2190/2490 2926/2205/2493 2925/2204/2491
f 4393/2192/2492 4384/2194/2494 2927/2206/2495
f 4393/2192/2492 2927/2206/2495 2926/2205/2493
f 4384/2194/2494 4344/2196/2496 2928/2207/2497
f 4384/2194/2494 2928/2207/2497 2927/2206/2495
f 2929/2208/2498 2930/2209/2499 4413/2191/2500
f 2929/2208/2498 4413/2191/2500 4389/2189/2501
f 2931/2210/2502 2929/2208/2498 4389/2189/2501
f 2931/2210/2502 4389/2189/2501 4336/2187/2503
f 2932/2211/2504 2931/2210/2502 4336/2187/2503
f 2932/2211/2504 4336/2187/2503 4256/2185/2505
f 2933/2212/2506 2932/2211/2504 4256/2185/2505
f 2933/2212/2506 4256/2185/2505 4190/2183/2507
f 2934/2213/2508 2933/2212/2506 4190/2183/2507
f 2934/2213/2508 4190/2183/2507 4185/2181/2509
f 2935/2214/2510 2934/2213/2508 4185/2181/2509
f 2935/2214/2510 4185/2181/2509 4205/2179/2511
f 2936/2215/2512 2935/2214/2510 4205/2179/2511
f 2936/2215/2512 4205/2179/2511 4283/2176/2513
f 2937/2216/2514 2936/2215/2512 4283/2176/2513
f 2937/2216/2514 4283/2176/2513 4364/2175/2515
f 2938/2217/2516 2939/2218/2517 4365/2195/2515
f 2938/2217/2516 4365/2195/2515 4405/2193/2518
f 2930/2209/2499 2938/2217/2516 4405/2193/2518
f 2930/2209/2499 4405/2193/2518 4413/2191/2500
f 2889/2168/2447 2891/2170/2449 2930/2209/2499
f 2889/2168/2447 2930/2209/2499 2929/2208/2498
f 2887/2166/2445 2889/2168/2447 2929/2208/2498
f 2887/2166/2445 2929/2208/2498 2931/2210/2502
f 2885/2164/2443 2887/2166/2445 2931/2210/2502
f 2885/2164/2443 2931/2210/2502 2932/2211/2504
f 2883/2162/2441 2885/2164/2443 2932/2211/2504
f 2883/2162/2441 2932/2211/2504 2933/2212/2506
f 2881/2160/2439 2883/2162/2441 2933/2212/2506
f 2881/2160/2439 2933/2212/2506 2934/2213/2508
f 2879/2158/2437 2881/2160/2439 2934/2213/2508
f 2879/2158/2437 2934/2213/2508 2935/2214/2510
f 2876/2155/2434 2879/2158/2437 2935/2214/2510
f 2876/2155/2434 2935/2214/2510 2936/2215/2512
f 2877/2156/2435 2876/2155/2434 2936/2215/2512
f 2877/2156/2435 2936/2215/2512 2937/2216/2514
f 2893/2172/2451 2895/2174/2452 2939/2218/2517
f 2893/2172/2451 2939/2218/2517 2938/2217/2516
f 2891/2170/2449 2893/2172/2451 2938/2217/2516
f 2891/2170/2449 2938/2217/2516 2930/2209/2499
f 2940/2219/2519 2941/2220/2519 2942/2221/2520
f 2940/2219/2519 2942/2221/2520 2943/2222/2521
f 2948/2223/2522 2949/2224/2523 2950/2225/2524
f 2948/2223/2522 2950/2225/2524 2951/2226/2524
f 4391/2220/2525 2952/2227/2526 2953/2228/2527
f 4391/2220/2525 2953/2228/2527 4392/2221/2528
f 2954/2229/2529 2955/2230/2530 2956/2231/2531
f 2954/2229/2529 2956/2231/2531 2957/2232/2532
f 2943/2222/2521 2942/2221/2520 2958/2233/2533
f 2943/2222/2521 2958/2233/2533 2959/2234/2533
f 4392/2221/2528 2953/2228/2527 2960/2235/2534
f 4392/2221/2528 2960/2235/2534 4396/2233/2535
f 2949/2224/2523 2948/2223/2522 2961/2236/2536
f 2949/2224/2523 2961/2236/2536 2962/2237/2537
f 2957/2232/2532 2956/2231/2531 2963/2238/2538
f 2957/2232/2532 2963/2238/2538 2964/2239/2539
f 4514/2223/2540 2957/2232/2532 2964/2239/2539
f 4514/2223/2540 2964/2239/2539 4512/2236/2541
f 4513/2226/2542 2954/2229/2529 2957/2232/2532
f 4513/2226/2542 2957/2232/2532 4514/2223/2540
f 2953/2228/2527 2952/2227/2526 4442/2225/2543
f 2953/2228/2527 4442/2225/2543 4443/2224/2544
f 2960/2235/2534 2953/2228/2527 4443/2224/2544
f 2960/2235/2534 4443/2224/2544 4451/2237/2545
f 2967/686/2546 2968/696/2546 2969/684/2547
f 2967/686/2546 2969/684/2547 2970/687/2548
f 2971/682/215 4447/684/215 4441/696/215
f 2973/685/216 2974/697/216 4501/686/216
f 2972/683/215 2975/690/215 2976/693/215
f 2972/683/215 2976/693/215 4447/684/215
f 2970/687/2548 2969/684/2547 4454/693/2549
f 2970/687/2548 4454/693/2549 2977/689/2550
f 2977/689/2550 4454/693/2549 4455/692/2
f 2977/689/2550 4455/692/2 2981/695/2
f 2983/686/2 2984/696/2 2985/684/2551
f 2983/686/2 2985/684/2551 2986/687/2552
f 2987/682/217 2988/683/217 4252/684/217
f 2987/682/217 4252/684/217 4089/696/217
f 2989/685/218 2990/697/218 4090/686/218
f 2989/685/218 4090/686/218 4254/687/218
f 2986/687/2552 2985/684/2551 4367/693/2553
f 2986/687/2552 4367/693/2553 2993/689/2554
f 2994/688/218 2989/685/218 4254/687/218
f 2991/690/217 2996/692/217 2992/693/217
f 2993/689/2554 4367/693/2553 4444/692/2555
f 2993/689/2554 4444/692/2555 2997/695/2555
f 2999/2219/2556 3000/2220/2556 3001/2221/2557
f 2999/2219/2556 3001/2221/2557 3002/2222/2558
f 3007/2223/2559 3008/2224/2560 3009/2225/2561
f 3007/2223/2559 3009/2225/2561 3010/2226/2561
f 4113/2220/2562 3011/2227/2563 3012/2228/2564
f 4113/2220/2562 3012/2228/2564 4114/2221/2565
f 3013/2229/2566 3014/2230/2567 3015/2231/2568
f 3013/2229/2566 3015/2231/2568 3016/2232/2569
f 3002/2222/2558 3001/2221/2557 3017/2233/2570
f 3002/2222/2558 3017/2233/2570 3018/2234/2571
f 4114/2221/2565 3012/2228/2564 3019/2235/2572
f 4114/2221/2565 3019/2235/2572 4109/2233/2573
f 3008/2224/2560 3007/2223/2559 3020/2236/2574
f 3008/2224/2560 3020/2236/2574 3021/2237/2574
f 3016/2232/2569 3015/2231/2568 3022/2238/2575
f 3016/2232/2569 3022/2238/2575 3023/2239/2576
f 4066/2223/2577 3016/2232/2569 3023/2239/2576
f 4066/2223/2577 3023/2239/2576 4070/2236/2578
f 4065/2226/2579 3013/2229/2566 3016/2232/2569
f 4065/2226/2579 3016/2232/2569 4066/2223/2577
f 3012/2228/2564 3011/2227/2563 4129/2225/2580
f 3012/2228/2564 4129/2225/2580 4130/2224/2581
f 3019/2235/2572 3012/2228/2564 4130/2224/2581
f 3019/2235/2572 4130/2224/2581 4122/2237/2582
f 3026/686/2583 3027/696/2583 3028/684/2584
f 3026/686/2583 3028/684/2584 3029/687/2585
f 3032/685/7 3033/697/7 4057/686/7
f 3029/687/2585 3028/684/2584 4094/693/2586
f 3029/687/2585 4094/693/2586 3036/689/2587
f 3034/690/6 3038/691/6 3039/692/6
f 3034/690/6 3039/692/6 3035/693/6
f 3036/689/2587 4094/693/2586 4093/692/2
f 3036/689/2587 4093/692/2 3040/695/2
f 3041/694/7 3037/688/7 4056/689/7
f 3041/694/7 4056/689/7 4055/695/7
f 3042/2219/2588 3043/2220/2588 3044/2221/2589
f 3042/2219/2588 3044/2221/2589 3045/2222/2590
f 3050/2223/2591 3051/2224/2592 3052/2225/2593
f 3050/2223/2591 3052/2225/2593 3053/2226/2593
f 4150/2220/2594 3054/2227/2595 3055/2228/2596
f 4150/2220/2594 3055/2228/2596 4151/2221/2597
f 3056/2229/2598 3057/2230/2599 3058/2231/2600
f 3056/2229/2598 3058/2231/2600 3059/2232/2601
f 3045/2222/2590 3044/2221/2589 3060/2233/2602
f 3045/2222/2590 3060/2233/2602 3061/2234/2603
f 4151/2221/2597 3055/2228/2596 3062/2235/2604
f 4151/2221/2597 3062/2235/2604 4145/2233/2605
f 3051/2224/2592 3050/2223/2591 3063/2236/2606
f 3051/2224/2592 3063/2236/2606 3064/2237/2606
f 3059/2232/2601 3058/2231/2600 3065/2238/2607
f 3059/2232/2601 3065/2238/2607 3066/2239/2608
f 4042/2223/2609 3059/2232/2601 3066/2239/2608
f 4042/2223/2609 3066/2239/2608 4049/2236/2610
f 4041/2226/2611 3056/2229/2598 3059/2232/2601
f 4041/2226/2611 3059/2232/2601 4042/2223/2609
f 3055/2228/2596 3054/2227/2595 4080/2225/2612
f 3055/2228/2596 4080/2225/2612 4081/2224/2613
f 3062/2235/2604 3055/2228/2596 4081/2224/2613
f 3062/2235/2604 4081/2224/2613 4082/2237/2614
f 3069/686/2615 3070/696/2615 3071/684/2616
f 3069/686/2615 3071/684/2616 3072/687/2617
f 3072/687/2617 3071/684/2616 4187/693/2618
f 3072/687/2617 4187/693/2618 3079/689/2619
f 3080/688/220 3075/685/220 4316/687/220
f 3079/689/2619 4187/693/2618 4092/692/2
f 3079/689/2619 4092/692/2 3083/695/2
f 3085/2219/2620 3086/2220/2620 3087/2221/2621
f 3085/2219/2620 3087/2221/2621 3088/2222/2622
f 3093/2223/2623 3094/2224/2624 3095/2225/2625
f 3093/2223/2623 3095/2225/2625 3096/2226/2625
f 4484/2220/2626 3097/2227/2627 3098/2228/2628
f 4484/2220/2626 3098/2228/2628 4485/2221/2629
f 3099/2229/2630 3100/2230/2631 3101/2231/2632
f 3099/2229/2630 3101/2231/2632 3102/2232/2633
f 3088/2222/2622 3087/2221/2621 3103/2233/2634
f 3088/2222/2622 3103/2233/2634 3104/2234/2635
f 4485/2221/2629 3098/2228/2628 3105/2235/2636
f 4485/2221/2629 3105/2235/2636 4487/2233/2637
f 3094/2224/2624 3093/2223/2623 3106/2236/2638
f 3094/2224/2624 3106/2236/2638 3107/2237/2639
f 3102/2232/2633 3101/2231/2632 3108/2238/2640
f 3102/2232/2633 3108/2238/2640 3109/2239/2641
f 4490/2223/2642 3102/2232/2633 3109/2239/2641
f 4490/2223/2642 3109/2239/2641 4488/2236/2643
f 4489/2226/2644 3099/2229/2630 3102/2232/2633
f 4489/2226/2644 3102/2232/2633 4490/2223/2642
f 3098/2228/2628 3097/2227/2627 4394/2225/2645
f 3098/2228/2628 4394/2225/2645 4395/2224/2646
f 3105/2235/2636 3098/2228/2628 4395/2224/2646
f 3105/2235/2636 4395/2224/2646 4400/2237/2647
f 3112/2240/2648 3113/2241/2649 3114/2242/2
f 3112/2240/2648 3114/2242/2 3115/2243/2650
f 3113/2241/2649 3116/2244/2651 3117/2245/2652
f 3113/2241/2649 3117/2245/2652 3114/2242/2
f 3115/2243/2650 3114/2242/2 3118/2246/2653
f 3115/2243/2650 3118/2246/2653 3119/2247/2654
f 3114/2242/2 3117/2245/2652 3120/2248/2655
f 3114/2242/2 3120/2248/2655 3118/2246/2653
f 3121/2249/2656 3122/2250/2657 3123/2251/2658
f 3121/2249/2656 3123/2251/2658 3124/2252/2659
f 3122/2250/2657 3125/2253/2660 3126/2254/2661
f 3122/2250/2657 3126/2254/2661 3123/2251/2658
f 3127/2255/2662 3128/2256/2663 3129/2257/2664
f 3127/2255/2662 3129/2257/2664 3130/2258/2665
f 3128/2256/2663 3131/2259/2666 3132/2260/2667
f 3128/2256/2663 3132/2260/2667 3129/2257/2664
f 3131/2259/2666 3133/2261/2668 3134/2262/2669
f 3131/2259/2666 3134/2262/2669 3132/2260/2667
f 3133/2261/2668 3135/2263/2670 3136/2264/2671
f 3133/2261/2668 3136/2264/2671 3134/2262/2669
f 3135/2263/2670 3137/2265/2672 3138/2266/2673
f 3135/2263/2670 3138/2266/2673 3136/2264/2671
f 3137/2265/2672 3139/2267/2674 3140/2268/2675
f 3137/2265/2672 3140/2268/2675 3138/2266/2673
f 3139/2267/2674 3141/2269/2676 3142/2270/2677
f 3139/2267/2674 3142/2270/2677 3140/2268/2675
f 3141/2269/2676 3143/2271/2678 3144/2272/2679
f 3141/2269/2676 3144/2272/2679 3142/2270/2677
f 3143/2271/2678 3145/2273/2680 3146/2274/2681
f 3143/2271/2678 3146/2274/2681 3144/2272/2679
f 3145/2273/2680 3121/2249/2656 3124/2252/2659
f 3145/2273/2680 3124/2252/2659 3146/2274/2681
f 3140/2268/2675 3142/2270/2677 3147/2275/2682
f 3140/2268/2675 3147/2275/2682 3148/2276/2683
f 3138/2266/2673 3140/2268/2675 3738/2276/2684
f 3138/2266/2673 3738/2276/2684 3149/2277/2685
f 3136/2264/2671 3138/2266/2673 3702/2277/2686
f 3136/2264/2671 3702/2277/2686 3150/2278/2687
f 3134/2262/2669 3136/2264/2671 3150/2278/2687
f 3134/2262/2669 3150/2278/2687 3151/2279/2688
f 3132/2260/2667 3134/2262/2669 3655/2279/2689
f 3132/2260/2667 3655/2279/2689 3152/2280/2690
f 3129/2257/2664 3132/2260/2667 3152/2280/2690
f 3129/2257/2664 3152/2280/2690 3153/2281/2691
f 3130/2258/2665 3129/2257/2664 3733/2281/2692
f 3130/2258/2665 3733/2281/2692 3154/2282/2693
f 3123/2251/2658 3126/2254/2661 3155/2283/2693
f 3123/2251/2658 3155/2283/2693 3156/2284/2694
f 3124/2252/2659 3123/2251/2658 3156/2284/2694
f 3124/2252/2659 3156/2284/2694 3157/2285/2695
f 3146/2274/2681 3124/2252/2659 3157/2285/2695
f 3146/2274/2681 3157/2285/2695 3158/2286/2696
f 3144/2272/2679 3146/2274/2681 3871/2286/2697
f 3144/2272/2679 3871/2286/2697 3159/2287/2698
f 3142/2270/2677 3144/2272/2679 3159/2287/2698
f 3142/2270/2677 3159/2287/2698 3147/2275/2682
f 3161/699/221 3170/2288/221 3171/708/221
f 3774/710/223 3176/718/223 3177/713/223
f 3182/2289/2699 3183/2290/2700 3184/2291/2699
f 3182/2289/2699 3184/2291/2699 3185/2292/2701
f 3186/2293/2702 3187/2294/2703 3188/2295/2702
f 3186/2293/2702 3188/2295/2702 3189/2296/2704
f 3190/709/227 3192/711/228 3193/712/228
f 3953/715/231 3929/709/231 3775/712/231
f 3200/2289/2705 3201/2290/2706 3202/2291/2705
f 3200/2289/2705 3202/2291/2705 3203/2292/2707
f 3204/2293/2708 3205/2294/2709 3206/2295/2708
f 3204/2293/2708 3206/2295/2708 3207/2296/2710
f 3208/2297/2711 3209/2298/2712 3210/2299/2713
f 3208/2297/2711 3210/2299/2713 3211/2300/2714
f 3976/2298/2715 3212/2301/2716 3213/2302/2717
f 3976/2298/2715 3213/2302/2717 3957/2299/2718
f 3994/2301/2719 3214/2303/2720 3215/2304/2721
f 3994/2301/2719 3215/2304/2721 3977/2302/2722
f 3992/2303/2723 3216/2305/2724 3217/2306/2725
f 3992/2303/2723 3217/2306/2725 3973/2304/2726
f 3969/2305/2727 3218/2307/2728 3219/2308/2729
f 3969/2305/2727 3219/2308/2729 3954/2306/2730
f 3220/2309/2731 3949/2297/2732 3941/2300/2733
f 3220/2309/2731 3941/2300/2733 3221/2310/2734
f 3222/719/232 3224/721/232 3225/2311/232
f 3228/724/234 3230/726/234 3231/727/234
f 3248/744/248 3249/757/248 3250/745/248
f 3262/2312/2735 3263/2313/2736 3820/757/2737
f 3262/2312/2735 3820/757/2737 3817/744/2738
f 3264/2314/2739 3265/2315/2740 3770/746/2741
f 3264/2314/2739 3770/746/2741 3773/745/2742
f 3266/2316/2743 3267/2317/2735 3818/748/2738
f 3266/2316/2743 3818/748/2738 3804/747/2744
f 3268/2318/2740 3269/2319/2745 3761/750/2746
f 3268/2318/2740 3761/750/2746 3771/749/2741
f 3270/2320/2747 3266/2316/2743 3804/747/2744
f 3270/2320/2747 3804/747/2744 3792/751/2748
f 3269/2319/2745 3271/2321/2749 3745/752/2750
f 3269/2319/2745 3745/752/2750 3761/750/2746
f 3272/2322/2751 3270/2320/2747 3792/751/2748
f 3272/2322/2751 3792/751/2748 3794/753/2752
f 3271/2321/2749 3273/2323/2753 3747/754/2754
f 3271/2321/2749 3747/754/2754 3745/752/2750
f 3274/2324/2755 3272/2322/2751 3794/753/2752
f 3274/2324/2755 3794/753/2752 3806/755/2756
f 3273/2323/2753 3275/2325/2757 3763/756/2758
f 3273/2323/2753 3763/756/2758 3747/754/2754
f 3263/2313/2736 3274/2324/2755 3806/755/2756
f 3263/2313/2736 3806/755/2756 3820/757/2737
f 3275/2325/2757 3264/2314/2739 3773/745/2742
f 3275/2325/2757 3773/745/2742 3763/756/2758
f 3276/2326/2759 3277/2327/2760 3278/2328/2761
f 3276/2326/2759 3278/2328/2761 3279/2329/2762
f 3280/2330/2763 3913/2326/2764 3850/2329/2765
f 3280/2330/2763 3850/2329/2765 3281/2331/2766
f 3282/2332/2767 3916/2330/2768 3852/2331/2769
f 3282/2332/2767 3852/2331/2769 3283/2333/2770
f 3284/2334/2771 3898/2332/2772 3842/2333/2773
f 3284/2334/2771 3842/2333/2773 3285/2335/2774
f 3286/2336/2775 3881/2334/2776 3832/2335/2777
f 3286/2336/2775 3832/2335/2777 3287/2337/2778
f 3894/2327/2779 3288/2338/2780 3289/2339/2781
f 3894/2327/2779 3289/2339/2781 3839/2328/2782
f 3279/2329/2762 3278/2328/2761 3290/2340/2783
f 3279/2329/2762 3290/2340/2783 3291/2341/2784
f 3281/2331/2766 3850/2329/2765 3815/2341/2785
f 3281/2331/2766 3815/2341/2785 3292/2342/2786
f 3283/2333/2770 3852/2331/2769 3814/2342/2787
f 3283/2333/2770 3814/2342/2787 3293/2343/2788
f 3285/2335/2774 3842/2333/2773 3807/2343/2789
f 3285/2335/2774 3807/2343/2789 3294/2344/2790
f 3287/2337/2778 3832/2335/2777 3798/2344/2791
f 3287/2337/2778 3798/2344/2791 3295/2345/2792
f 3839/2328/2782 3289/2339/2781 3296/2346/2793
f 3839/2328/2782 3296/2346/2793 3808/2340/2794
f 3973/2304/2726 3217/2306/2725 3277/2327/2760
f 3973/2304/2726 3277/2327/2760 3276/2326/2759
f 3977/2302/2722 3215/2304/2721 3913/2326/2764
f 3977/2302/2722 3913/2326/2764 3280/2330/2763
f 3957/2299/2718 3213/2302/2717 3916/2330/2768
f 3957/2299/2718 3916/2330/2768 3282/2332/2767
f 3211/2300/2714 3210/2299/2713 3898/2332/2772
f 3211/2300/2714 3898/2332/2772 3284/2334/2771
f 3221/2310/2734 3941/2300/2733 3881/2334/2776
f 3221/2310/2734 3881/2334/2776 3286/2336/2775
f 3954/2306/2730 3219/2308/2729 3288/2338/2780
f 3954/2306/2730 3288/2338/2780 3894/2327/2779
f 3297/2347/2795 3298/2348/2796 3299/2349/2797
f 3297/2347/2795 3299/2349/2797 3300/2350/2798
f 3301/2351/2799 3302/2352/2800 3787/980/2801
f 3301/2351/2799 3787/980/2801 3781/979/2802
f 3303/2353/2803 3304/2354/2804 3302/2352/2800
f 3303/2353/2803 3302/2352/2800 3301/2351/2799
f 3305/2355/2805 3306/2356/2806 3298/2348/2796
f 3305/2355/2805 3298/2348/2796 3297/2347/2795
f 3904/54/2807 3880/56/2808 3304/2354/2804
f 3904/54/2807 3304/2354/2804 3303/2353/2803
f 3307/2357/2809 3308/2358/2810 3306/2356/2806
f 3307/2357/2809 3306/2356/2806 3305/2355/2805
f 3880/56/2808 3307/2357/2809 3305/2355/2805
f 3880/56/2808 3305/2355/2805 3304/2354/2804
f 3302/2352/2800 3304/2354/2804 3305/2355/2805
f 3302/2352/2800 3305/2355/2805 3297/2347/2795
f 3787/980/2801 3302/2352/2800 3297/2347/2795
f 3787/980/2801 3297/2347/2795 3300/2350/2798
f 3309/2347/2811 3310/2350/2812 3311/2349/2813
f 3309/2347/2811 3311/2349/2813 3312/2348/2814
f 3826/2351/2815 3782/979/2816 3313/980/2817
f 3826/2351/2815 3313/980/2817 3314/2352/2818
f 3854/2353/2819 3826/2351/2815 3314/2352/2818
f 3854/2353/2819 3314/2352/2818 3315/2354/2820
f 3316/2359/2821 3309/2347/2811 3312/2348/2814
f 3316/2359/2821 3312/2348/2814 3317/2356/2822
f 3905/54/2823 3854/2353/2819 3315/2354/2820
f 3905/54/2823 3315/2354/2820 3318/56/2824
f 3319/2357/2825 3316/2359/2821 3317/2356/2822
f 3319/2357/2825 3317/2356/2822 3320/2358/2826
f 3318/56/2824 3315/2354/2820 3316/2359/2821
f 3318/56/2824 3316/2359/2821 3319/2357/2825
f 3314/2352/2818 3309/2347/2811 3316/2359/2821
f 3314/2352/2818 3316/2359/2821 3315/2354/2820
f 3313/980/2817 3310/2350/2812 3309/2347/2811
f 3313/980/2817 3309/2347/2811 3314/2352/2818
f 3321/2360/2827 3322/2361/2828 3783/2350/2829
f 3321/2360/2827 3783/2350/2829 3769/2349/2827
f 3323/2362/2830 3324/2363/2831 3813/2358/2831
f 3323/2362/2830 3813/2358/2831 3845/2357/2832
f 314/55/14 3323/2362/2830 3845/2357/2832
f 314/55/14 3845/2357/2832 315/56/14
f 3322/2361/2828 310/978/507 312/980/507
f 3322/2361/2828 312/980/507 3783/2350/2829
f 3325/2364/2833 3326/2365/2834 3327/2366/2835
f 3325/2364/2833 3327/2366/2835 3328/2367/2836
f 3326/2365/2834 3329/2368/2837 3330/2369/2838
f 3326/2365/2834 3330/2369/2838 3327/2366/2835
f 3329/2368/2837 3331/2370/2839 3332/2371/2840
f 3329/2368/2837 3332/2371/2840 3330/2369/2838
f 3331/2370/2839 3333/2372/2841 3334/2373/2842
f 3331/2370/2839 3334/2373/2842 3332/2371/2840
f 3333/2372/2841 3335/2374/2843 3336/2375/2844
f 3333/2372/2841 3336/2375/2844 3334/2373/2842
f 3335/2374/2843 3337/2376/2845 3338/2377/2846
f 3335/2374/2843 3338/2377/2846 3336/2375/2844
f 3337/2376/2845 3339/2378/2847 3340/2379/2848
f 3337/2376/2845 3340/2379/2848 3338/2377/2846
f 3339/2378/2847 3341/2380/2849 3342/2381/2850
f 3339/2378/2847 3342/2381/2850 3340/2379/2848
f 3341/2380/2849 3343/2382/2851 3344/2383/2852
f 3341/2380/2849 3344/2383/2852 3342/2381/2850
f 3345/2384/2851 3325/2364/2833 3328/2367/2836
f 3345/2384/2851 3328/2367/2836 3346/2385/2852
f 3348/759/258 3356/767/259 3349/760/258
f 3357/2386/2853 3358/2387/2854 3359/2388/2855
f 3357/2386/2853 3359/2388/2855 3360/2389/2856
f 3358/2387/2854 3361/2390/2857 3362/2391/2858
f 3358/2387/2854 3362/2391/2858 3359/2388/2855
f 3361/2390/2857 3363/2392/2859 3364/2393/2860
f 3361/2390/2857 3364/2393/2860 3362/2391/2858
f 3363/2392/2859 3365/2394/2861 3366/2395/2862
f 3363/2392/2859 3366/2395/2862 3364/2393/2860
f 3365/2394/2861 3367/2396/2863 3368/2397/2864
f 3365/2394/2861 3368/2397/2864 3366/2395/2862
f 3367/2396/2863 3369/2398/2865 3370/2399/2866
f 3367/2396/2863 3370/2399/2866 3368/2397/2864
f 3369/2398/2865 3371/2400/2867 3372/2401/2868
f 3369/2398/2865 3372/2401/2868 3370/2399/2866
f 3371/2400/2867 3373/2402/2869 3374/2403/2870
f 3371/2400/2867 3374/2403/2870 3372/2401/2868
f 3373/2402/2869 3375/2404/2871 3376/2405/2872
f 3373/2402/2869 3376/2405/2872 3374/2403/2870
f 3377/2406/2873 3357/2386/2853 3360/2389/2856
f 3377/2406/2873 3360/2389/2856 3378/2407/2872
f 3358/2387/2854 3357/2386/2853 3379/2408/2874
f 3358/2387/2854 3379/2408/2874 3380/2409/2875
f 3361/2390/2857 3358/2387/2854 3380/2409/2875
f 3361/2390/2857 3380/2409/2875 3381/2410/2876
f 3363/2392/2859 3361/2390/2857 3381/2410/2876
f 3363/2392/2859 3381/2410/2876 3382/2411/2877
f 3365/2394/2861 3363/2392/2859 3382/2411/2877
f 3365/2394/2861 3382/2411/2877 3383/2412/2878
f 3367/2396/2863 3365/2394/2861 3383/2412/2878
f 3367/2396/2863 3383/2412/2878 3384/2413/2879
f 3369/2398/2865 3367/2396/2863 3384/2413/2879
f 3369/2398/2865 3384/2413/2879 3385/2414/2880
f 3371/2400/2867 3369/2398/2865 3385/2414/2880
f 3371/2400/2867 3385/2414/2880 3386/2415/2881
f 3373/2402/2869 3371/2400/2867 3386/2415/2881
f 3373/2402/2869 3386/2415/2881 3387/2416/2882
f 3375/2404/2871 3373/2402/2869 3387/2416/2882
f 3375/2404/2871 3387/2416/2882 3388/2417/2883
f 3357/2386/2853 3377/2406/2873 3389/2418/2884
f 3357/2386/2853 3389/2418/2884 3379/2408/2874
f 3380/2409/2875 3379/2408/2874 3390/2419/2885
f 3380/2409/2875 3390/2419/2885 3391/2420/2886
f 3381/2410/2876 3380/2409/2875 3391/2420/2886
f 3381/2410/2876 3391/2420/2886 3392/2421/2887
f 3382/2411/2877 3381/2410/2876 3392/2421/2887
f 3382/2411/2877 3392/2421/2887 3393/2422/2888
f 3383/2412/2878 3382/2411/2877 3393/2422/2888
f 3383/2412/2878 3393/2422/2888 3394/2423/2889
f 3384/2413/2879 3383/2412/2878 3394/2423/2889
f 3384/2413/2879 3394/2423/2889 3395/2424/2890
f 3385/2414/2880 3384/2413/2879 3395/2424/2890
f 3385/2414/2880 3395/2424/2890 3396/2425/2891
f 3386/2415/2881 3385/2414/2880 3396/2425/2891
f 3386/2415/2881 3396/2425/2891 3397/2426/2892
f 3387/2416/2882 3386/2415/2881 3397/2426/2892
f 3387/2416/2882 3397/2426/2892 3398/2427/2893
f 3388/2417/2883 3387/2416/2882 3398/2427/2893
f 3388/2417/2883 3398/2427/2893 3399/2428/2894
f 3379/2408/2874 3389/2418/2884 3400/2429/2894
f 3379/2408/2874 3400/2429/2894 3390/2419/2885
f 4171/769/2895 3405/2430/2896 3406/2431/2897
f 4171/769/2895 3406/2431/2897 4165/770/2898
f 3407/2432/2899 3408/772/2900 3409/775/2899
f 3407/2432/2899 3409/775/2899 3410/2433/2901
f 4156/773/2902 3413/2434/2903 3414/2435/2902
f 4156/773/2902 3414/2435/2902 4131/774/2904
f 4161/2434/2905 4166/768/2906 4160/771/2905
f 4161/2434/2905 4160/771/2905 4146/2435/2907
f 3421/782/271 3422/787/272 3423/783/272
f 3427/2364/2908 3428/2367/2909 3429/2366/2910
f 3427/2364/2908 3429/2366/2910 3430/2365/2911
f 3430/2365/2911 3429/2366/2910 3431/2369/2912
f 3430/2365/2911 3431/2369/2912 3432/2368/2913
f 3432/2368/2913 3431/2369/2912 3433/2371/2914
f 3432/2368/2913 3433/2371/2914 3434/2370/2915
f 3434/2370/2915 3433/2371/2914 3435/2373/2916
f 3434/2370/2915 3435/2373/2916 3436/2372/2917
f 3436/2372/2917 3435/2373/2916 3437/2375/2918
f 3436/2372/2917 3437/2375/2918 3438/2374/2919
f 3438/2374/2919 3437/2375/2918 3439/2377/2920
f 3438/2374/2919 3439/2377/2920 3440/2376/2921
f 3440/2376/2921 3439/2377/2920 3441/2379/2922
f 3440/2376/2921 3441/2379/2922 3442/2378/2923
f 3442/2378/2923 3441/2379/2922 3443/2381/2924
f 3442/2378/2923 3443/2381/2924 3444/2380/2925
f 3444/2380/2925 3443/2381/2924 3445/2383/2926
f 3444/2380/2925 3445/2383/2926 3446/2382/2927
f 3447/2384/2928 3448/2385/2929 3428/2367/2909
f 3447/2384/2928 3428/2367/2909 3427/2364/2908
f 3455/764/275 3456/765/275 3454/763/275
f 3459/2386/2930 3460/2389/2931 3461/2388/2932
f 3459/2386/2930 3461/2388/2932 3462/2387/2933
f 3462/2387/2933 3461/2388/2932 3463/2391/2934
f 3462/2387/2933 3463/2391/2934 3464/2390/2935
f 3464/2390/2935 3463/2391/2934 3465/2393/2936
f 3464/2390/2935 3465/2393/2936 3466/2392/2937
f 3466/2392/2937 3465/2393/2936 3467/2395/2938
f 3466/2392/2937 3467/2395/2938 3468/2394/2939
f 3468/2394/2939 3467/2395/2938 3469/2397/2940
f 3468/2394/2939 3469/2397/2940 3470/2396/2941
f 3470/2396/2941 3469/2397/2940 3471/2399/2942
f 3470/2396/2941 3471/2399/2942 3472/2398/2943
f 3472/2398/2943 3471/2399/2942 3473/2401/2944
f 3472/2398/2943 3473/2401/2944 3474/2400/2945
f 3474/2400/2945 3473/2401/2944 3475/2403/2946
f 3474/2400/2945 3475/2403/2946 3476/2402/2947
f 3476/2402/2947 3475/2403/2946 3477/2405/2948
f 3476/2402/2947 3477/2405/2948 3478/2404/2949
f 3479/2406/2950 3480/2407/2948 3460/2389/2931
f 3479/2406/2950 3460/2389/2931 3459/2386/2930
f 3462/2387/2933 3481/2409/2951 3482/2408/2952
f 3462/2387/2933 3482/2408/2952 3459/2386/2930
f 3464/2390/2935 3483/2410/2953 3481/2409/2951
f 3464/2390/2935 3481/2409/2951 3462/2387/2933
f 3466/2392/2937 3484/2411/2954 3483/2410/2953
f 3466/2392/2937 3483/2410/2953 3464/2390/2935
f 3468/2394/2939 3485/2412/2955 3484/2411/2954
f 3468/2394/2939 3484/2411/2954 3466/2392/2937
f 3470/2396/2941 3486/2413/2956 3485/2412/2955
f 3470/2396/2941 3485/2412/2955 3468/2394/2939
f 3472/2398/2943 3487/2414/2957 3486/2413/2956
f 3472/2398/2943 3486/2413/2956 3470/2396/2941
f 3474/2400/2945 3488/2415/2958 3487/2414/2957
f 3474/2400/2945 3487/2414/2957 3472/2398/2943
f 3476/2402/2947 3489/2416/2959 3488/2415/2958
f 3476/2402/2947 3488/2415/2958 3474/2400/2945
f 3478/2404/2949 3490/2417/2960 3489/2416/2959
f 3478/2404/2949 3489/2416/2959 3476/2402/2947
f 3459/2386/2930 3482/2408/2952 3491/2418/2960
f 3459/2386/2930 3491/2418/2960 3479/2406/2950
f 3481/2409/2951 3492/2420/2961 3493/2419/2962
f 3481/2409/2951 3493/2419/2962 3482/2408/2952
f 3483/2410/2953 3494/2421/2963 3492/2420/2961
f 3483/2410/2953 3492/2420/2961 3481/2409/2951
f 3484/2411/2954 3495/2422/2964 3494/2421/2963
f 3484/2411/2954 3494/2421/2963 3483/2410/2953
f 3485/2412/2955 3496/2423/2965 3495/2422/2964
f 3485/2412/2955 3495/2422/2964 3484/2411/2954
f 3486/2413/2956 3497/2424/2966 3496/2423/2965
f 3486/2413/2956 3496/2423/2965 3485/2412/2955
f 3487/2414/2957 3498/2425/2967 3497/2424/2966
f 3487/2414/2957 3497/2424/2966 3486/2413/2956
f 3488/2415/2958 3499/2426/2968 3498/2425/2967
f 3488/2415/2958 3498/2425/2967 3487/2414/2957
f 3489/2416/2959 3500/2427/2969 3499/2426/2968
f 3489/2416/2959 3499/2426/2968 3488/2415/2958
f 3490/2417/2960 3501/2428/2970 3500/2427/2969
f 3490/2417/2960 3500/2427/2969 3489/2416/2959
f 3482/2408/2952 3493/2419/2962 3502/2429/2971
f 3482/2408/2952 3502/2429/2971 3491/2418/2960
f 4397/769/2972 4399/770/2973 3507/2431/2974
f 4397/769/2972 3507/2431/2974 3508/2430/2975
f 3509/2432/2976 3510/2433/2977 3511/775/2976
f 3509/2432/2976 3511/775/2976 3512/772/2978
f 4404/773/2979 4417/774/2980 3515/2435/2981
f 4404/773/2979 3515/2435/2981 3516/2434/2982
f 4401/2434/2983 4407/2435/2984 4402/771/2983
f 4401/2434/2983 4402/771/2983 4398/768/2985
f 3523/782/285 3524/784/287 3525/783/285
f 3529/788/288 3530/791/288 3531/789/288
f 3533/792/289 316/981/508 318/794/510
f 3533/792/289 318/794/510 3534/793/289
f 3540/792/290 320/794/291 319/981/511
f 3541/788/292 3543/789/292 3544/790/292
f 3545/792/293 322/981/513 324/794/515
f 3545/792/293 324/794/515 3546/793/293
f 3547/788/294 3548/790/294 3549/789/295
f 3550/791/294 3549/789/295 3551/793/296
f 3552/792/296 326/794/297 325/981/516
